Product;Panel;PanelVersion;PlateID;WellID;SampleID;SampleType;Assay;UniProt;OlinkID;Ct;NPX;LODNPX;BelowLOD;SampleQC;AssayQC;MissingFreq;Normalization;SoftwareVersion;SoftwareName;AssayType;IPCNormalizedNPX;LODIPCNormalizedNPX;QCDeviationDetCtrl;QCDeviationIncCtrl
TARGET96;Olink Target 96 Inflammation;3027;Target96;A1;AWA 458-RT wk4;SAMPLE;IL8;P10145;OID00471;935.295;1.400.007;166.148;FALSE;PASS;PASS;0.07955;IPC Normalized;2.0.2;NPX Signature;assay;1.400.007;166.148;-0.18150;0.06964
TARGET96;Olink Target 96 Inflammation;3027;Target96;A1;AWA 458-RT wk4;SAMPLE;VEGFA;P15692;OID00472;1.659.925;765.093;0.00696;FALSE;PASS;PASS;0.07955;IPC Normalized;2.0.2;NPX Signature;assay;765.093;0.00696;-0.18150;0.06964
TARGET96;Olink Target 96 Inflammation;3027;Target96;A1;AWA 458-RT wk4;SAMPLE;CD8A;P01732;OID05124;2.121.441;153.630;-126.143;FALSE;PASS;PASS;0.07955;IPC Normalized;2.0.2;NPX Signature;assay;153.630;-126.143;-0.18150;0.06964
TARGET96;Olink Target 96 Inflammation;3027;Target96;A1;AWA 458-RT wk4;SAMPLE;Inc Ctrl 1;NA;OID00004;1.415.419;0.15044;0.07730;FALSE;PASS;NA;0.52273;IPC Normalized;2.0.2;NPX Signature;inc_ctrl_1;0.15044;0.07730;-0.18150;0.06964
TARGET96;Olink Target 96 Inflammation;3027;Target96;A1;AWA 458-RT wk4;SAMPLE;MCP-3;P80098;OID00474;1.491.989;1.040.459;143.285;FALSE;PASS;PASS;0.07955;IPC Normalized;2.0.2;NPX Signature;assay;1.040.459;143.285;-0.18150;0.06964
TARGET96;Olink Target 96 Inflammation;3027;Target96;A1;AWA 458-RT wk4;SAMPLE;GDNF;P39905;OID00475;2.418.772;0.80681;147.654;TRUE;PASS;PASS;0.97727;IPC Normalized;2.0.2;NPX Signature;assay;0.80681;147.654;-0.18150;0.06964
TARGET96;Olink Target 96 Inflammation;3027;Target96;A1;AWA 458-RT wk4;SAMPLE;CDCP1;Q9H5V8;OID00476;2.434.954;-0.23955;-0.58297;FALSE;PASS;PASS;0.27273;IPC Normalized;2.0.2;NPX Signature;assay;-0.23955;-0.58297;-0.18150;0.06964
TARGET96;Olink Target 96 Inflammation;3027;Target96;A1;AWA 458-RT wk4;SAMPLE;CD244;Q9BZW8;OID00477;1.977.193;485.979;153.762;FALSE;PASS;PASS;0.07955;IPC Normalized;2.0.2;NPX Signature;assay;485.979;153.762;-0.18150;0.06964
TARGET96;Olink Target 96 Inflammation;3027;Target96;A1;AWA 458-RT wk4;SAMPLE;IL7;P13232;OID00478;2.306.525;-143.551;-0.70852;TRUE;PASS;PASS;0.95455;IPC Normalized;2.0.2;NPX Signature;assay;-143.551;-0.70852;-0.18150;0.06964
TARGET96;Olink Target 96 Inflammation;3027;Target96;A1;AWA 458-RT wk4;SAMPLE;OPG;O00300;OID00479;2.122.765;0.01412;-0.81398;FALSE;PASS;PASS;0.15909;IPC Normalized;2.0.2;NPX Signature;assay;0.01412;-0.81398;-0.18150;0.06964
TARGET96;Olink Target 96 Inflammation;3027;Target96;A1;AWA 458-RT wk4;SAMPLE;LAP TGF-beta-1;P01137;OID00480;1.989.637;338.567;-104.297;FALSE;PASS;PASS;0.07955;IPC Normalized;2.0.2;NPX Signature;assay;338.567;-104.297;-0.18150;0.06964
TARGET96;Olink Target 96 Inflammation;3027;Target96;A1;AWA 458-RT wk4;SAMPLE;uPA;P00749;OID00481;1.457.473;669.838;0.11788;FALSE;PASS;PASS;0.07955;IPC Normalized;2.0.2;NPX Signature;assay;669.838;0.11788;-0.18150;0.06964
TARGET96;Olink Target 96 Inflammation;3027;Target96;A1;AWA 458-RT wk4;SAMPLE;IL6;P05231;OID00482;1.041.639;1.271.836;131.223;FALSE;PASS;PASS;0.07955;IPC Normalized;2.0.2;NPX Signature;assay;1.271.836;131.223;-0.18150;0.06964
TARGET96;Olink Target 96 Inflammation;3027;Target96;A1;AWA 458-RT wk4;SAMPLE;IL-17C;Q9P0M4;OID00483;2.359.497;-0.03354;105.079;TRUE;PASS;PASS;100.000;IPC Normalized;2.0.2;NPX Signature;assay;-0.03354;105.079;-0.18150;0.06964
TARGET96;Olink Target 96 Inflammation;3027;Target96;A1;AWA 458-RT wk4;SAMPLE;MCP-1;P13500;OID00484;1.006.548;1.390.220;126.065;FALSE;PASS;PASS;0.07955;IPC Normalized;2.0.2;NPX Signature;assay;1.390.220;126.065;-0.18150;0.06964
TARGET96;Olink Target 96 Inflammation;3027;Target96;A1;AWA 458-RT wk4;SAMPLE;IL-17A;Q16552;OID00485;2.522.515;-0.78736;0.57759;TRUE;PASS;PASS;0.84091;IPC Normalized;2.0.2;NPX Signature;assay;-0.78736;0.57759;-0.18150;0.06964
TARGET96;Olink Target 96 Inflammation;3027;Target96;A1;AWA 458-RT wk4;SAMPLE;CXCL11;O14625;OID00486;1.935.746;449.227;0.12817;FALSE;PASS;PASS;0.09091;IPC Normalized;2.0.2;NPX Signature;assay;449.227;0.12817;-0.18150;0.06964
TARGET96;Olink Target 96 Inflammation;3027;Target96;A1;AWA 458-RT wk4;SAMPLE;AXIN1;O15169;OID00487;2.264.921;-0.13249;-0.49354;FALSE;PASS;PASS;0.12500;IPC Normalized;2.0.2;NPX Signature;assay;-0.13249;-0.49354;-0.18150;0.06964
TARGET96;Olink Target 96 Inflammation;3027;Target96;A1;AWA 458-RT wk4;SAMPLE;Ext Ctrl;NA;OID00005;1.575.455;0.00000;0.00000;FALSE;PASS;NA;0.07955;IPC Normalized;2.0.2;NPX Signature;ext_ctrl;0.00000;0.00000;-0.18150;0.06964
TARGET96;Olink Target 96 Inflammation;3027;Target96;A1;AWA 458-RT wk4;SAMPLE;TRAIL;P50591;OID00488;2.068.786;251.203;-0.15284;FALSE;PASS;PASS;0.07955;IPC Normalized;2.0.2;NPX Signature;assay;251.203;-0.15284;-0.18150;0.06964
TARGET96;Olink Target 96 Inflammation;3027;Target96;A1;AWA 458-RT wk4;SAMPLE;IL-20RA;Q9UHF4;OID00489;2.286.428;0.45882;104.704;TRUE;PASS;PASS;100.000;IPC Normalized;2.0.2;NPX Signature;assay;0.45882;104.704;-0.18150;0.06964
TARGET96;Olink Target 96 Inflammation;3027;Target96;A1;AWA 458-RT wk4;SAMPLE;CXCL9;Q07325;OID00490;1.762.538;541.212;0.66560;FALSE;PASS;PASS;0.20455;IPC Normalized;2.0.2;NPX Signature;assay;541.212;0.66560;-0.18150;0.06964
TARGET96;Olink Target 96 Inflammation;3027;Target96;A1;AWA 458-RT wk4;SAMPLE;CST5;P28325;OID00491;2.393.570;-0.86251;-107.592;FALSE;PASS;PASS;0.63636;IPC Normalized;2.0.2;NPX Signature;assay;-0.86251;-107.592;-0.18150;0.06964
TARGET96;Olink Target 96 Inflammation;3027;Target96;A1;AWA 458-RT wk4;SAMPLE;IL-2RB;P14784;OID00492;2.438.376;0.38341;165.436;TRUE;PASS;PASS;100.000;IPC Normalized;2.0.2;NPX Signature;assay;0.38341;165.436;-0.18150;0.06964
TARGET96;Olink Target 96 Inflammation;3027;Target96;A1;AWA 458-RT wk4;SAMPLE;IL-1 alpha;P01583;OID00493;1.709.594;500.011;-0.99251;FALSE;PASS;PASS;0.07955;IPC Normalized;2.0.2;NPX Signature;assay;500.011;-0.99251;-0.18150;0.06964
TARGET96;Olink Target 96 Inflammation;3027;Target96;A1;AWA 458-RT wk4;SAMPLE;OSM;P13725;OID00494;1.532.675;826.139;0.16675;FALSE;PASS;PASS;0.07955;IPC Normalized;2.0.2;NPX Signature;assay;826.139;0.16675;-0.18150;0.06964
TARGET96;Olink Target 96 Inflammation;3027;Target96;A1;AWA 458-RT wk4;SAMPLE;IL2;P60568;OID00495;2.052.518;348.454;128.757;FALSE;PASS;PASS;0.94318;IPC Normalized;2.0.2;NPX Signature;assay;348.454;128.757;-0.18150;0.06964
TARGET96;Olink Target 96 Inflammation;3027;Target96;A1;AWA 458-RT wk4;SAMPLE;CXCL1;P09341;OID00496;1.301.181;1.343.049;279.881;FALSE;PASS;PASS;0.07955;IPC Normalized;2.0.2;NPX Signature;assay;1.343.049;279.881;-0.18150;0.06964
TARGET96;Olink Target 96 Inflammation;3027;Target96;A1;AWA 458-RT wk4;SAMPLE;TSLP;Q969D9;OID00497;2.556.216;0.73061;0.78329;TRUE;PASS;PASS;0.81818;IPC Normalized;2.0.2;NPX Signature;assay;0.73061;0.78329;-0.18150;0.06964
TARGET96;Olink Target 96 Inflammation;3027;Target96;A1;AWA 458-RT wk4;SAMPLE;CCL4;P13236;OID00498;967.309;1.130.290;-0.42383;FALSE;PASS;PASS;0.07955;IPC Normalized;2.0.2;NPX Signature;assay;1.130.290;-0.42383;-0.18150;0.06964
TARGET96;Olink Target 96 Inflammation;3027;Target96;A1;AWA 458-RT wk4;SAMPLE;CD6;P30203;OID00499;2.002.538;434.763;-0.86517;FALSE;PASS;PASS;0.07955;IPC Normalized;2.0.2;NPX Signature;assay;434.763;-0.86517;-0.18150;0.06964
TARGET96;Olink Target 96 Inflammation;3027;Target96;A1;AWA 458-RT wk4;SAMPLE;SCF;P21583;OID00500;2.402.927;-0.87211;0.19953;TRUE;PASS;PASS;0.96591;IPC Normalized;2.0.2;NPX Signature;assay;-0.87211;0.19953;-0.18150;0.06964
TARGET96;Olink Target 96 Inflammation;3027;Target96;A1;AWA 458-RT wk4;SAMPLE;IL18;Q14116;OID00501;1.922.298;412.051;0.08663;FALSE;PASS;PASS;0.07955;IPC Normalized;2.0.2;NPX Signature;assay;412.051;0.08663;-0.18150;0.06964
TARGET96;Olink Target 96 Inflammation;3027;Target96;A1;AWA 458-RT wk4;SAMPLE;SLAMF1;Q13291;OID00502;2.477.694;0.16845;0.76837;TRUE;PASS;PASS;0.81818;IPC Normalized;2.0.2;NPX Signature;assay;0.16845;0.76837;-0.18150;0.06964
TARGET96;Olink Target 96 Inflammation;3027;Target96;A1;AWA 458-RT wk4;SAMPLE;TGF-alpha;P01135;OID00503;2.153.716;220.779;-171.917;FALSE;PASS;PASS;0.07955;IPC Normalized;2.0.2;NPX Signature;assay;220.779;-171.917;-0.18150;0.06964
TARGET96;Olink Target 96 Inflammation;3027;Target96;A1;AWA 458-RT wk4;SAMPLE;MCP-4;Q99616;OID00504;1.780.480;940.843;143.956;FALSE;PASS;PASS;0.07955;IPC Normalized;2.0.2;NPX Signature;assay;940.843;143.956;-0.18150;0.06964
TARGET96;Olink Target 96 Inflammation;3027;Target96;A1;AWA 458-RT wk4;SAMPLE;CCL11;P51671;OID00505;2.115.863;0.35753;-0.40053;FALSE;PASS;PASS;0.68182;IPC Normalized;2.0.2;NPX Signature;assay;0.35753;-0.40053;-0.18150;0.06964
TARGET96;Olink Target 96 Inflammation;3027;Target96;A1;AWA 458-RT wk4;SAMPLE;TNFSF14;O43557;OID00506;1.580.766;546.231;-0.44803;FALSE;PASS;PASS;0.07955;IPC Normalized;2.0.2;NPX Signature;assay;546.231;-0.44803;-0.18150;0.06964
TARGET96;Olink Target 96 Inflammation;3027;Target96;A1;AWA 458-RT wk4;SAMPLE;FGF-23;Q9GZV9;OID00507;2.432.295;-0.45410;0.91747;TRUE;PASS;PASS;0.96591;IPC Normalized;2.0.2;NPX Signature;assay;-0.45410;0.91747;-0.18150;0.06964
TARGET96;Olink Target 96 Inflammation;3027;Target96;A1;AWA 458-RT wk4;SAMPLE;IL-10RA;Q13651;OID00508;2.292.616;-101.002;-0.70231;TRUE;PASS;PASS;0.50000;IPC Normalized;2.0.2;NPX Signature;assay;-101.002;-0.70231;-0.18150;0.06964
TARGET96;Olink Target 96 Inflammation;3027;Target96;A1;AWA 458-RT wk4;SAMPLE;FGF-5;P12034;OID00509;2.283.610;-0.80182;-0.11172;TRUE;PASS;PASS;0.98864;IPC Normalized;2.0.2;NPX Signature;assay;-0.80182;-0.11172;-0.18150;0.06964
TARGET96;Olink Target 96 Inflammation;3027;Target96;A1;AWA 458-RT wk4;SAMPLE;MMP-1;P03956;OID00510;1.572.259;849.873;-0.41038;FALSE;PASS;PASS;0.07955;IPC Normalized;2.0.2;NPX Signature;assay;849.873;-0.41038;-0.18150;0.06964
TARGET96;Olink Target 96 Inflammation;3027;Target96;A1;AWA 458-RT wk4;SAMPLE;LIF-R;P42702;OID00511;2.304.695;-0.72749;0.22136;TRUE;PASS;PASS;100.000;IPC Normalized;2.0.2;NPX Signature;assay;-0.72749;0.22136;-0.18150;0.06964
TARGET96;Olink Target 96 Inflammation;3027;Target96;A1;AWA 458-RT wk4;SAMPLE;FGF-21;Q9NSA1;OID00512;1.873.328;216.479;-0.44425;FALSE;PASS;PASS;0.07955;IPC Normalized;2.0.2;NPX Signature;assay;216.479;-0.44425;-0.18150;0.06964
TARGET96;Olink Target 96 Inflammation;3027;Target96;A1;AWA 458-RT wk4;SAMPLE;CCL19;Q99731;OID00513;2.122.973;340.125;195.046;FALSE;PASS;PASS;0.07955;IPC Normalized;2.0.2;NPX Signature;assay;340.125;195.046;-0.18150;0.06964
TARGET96;Olink Target 96 Inflammation;3027;Target96;A1;AWA 458-RT wk4;SAMPLE;Inc Ctrl 2;NA;OID00006;1.684.192;-0.34370;-0.10165;TRUE;PASS;NA;0.90909;IPC Normalized;2.0.2;NPX Signature;inc_ctrl_2;-0.34370;-0.10165;-0.18150;0.06964
TARGET96;Olink Target 96 Inflammation;3027;Target96;A1;AWA 458-RT wk4;SAMPLE;Det Ctrl;NA;OID00007;1.175.994;-0.32665;0.01785;TRUE;PASS;NA;0.92045;IPC Normalized;2.0.2;NPX Signature;det_ctrl;-0.32665;0.01785;-0.18150;0.06964
TARGET96;Olink Target 96 Inflammation;3027;Target96;A1;AWA 458-RT wk4;SAMPLE;IL-15RA;Q13261;OID00514;2.456.081;-147.450;0.09772;TRUE;PASS;PASS;100.000;IPC Normalized;2.0.2;NPX Signature;assay;-147.450;0.09772;-0.18150;0.06964
TARGET96;Olink Target 96 Inflammation;3027;Target96;A1;AWA 458-RT wk4;SAMPLE;IL-10RB;Q08334;OID00515;2.380.425;-0.89701;-0.88484;TRUE;PASS;PASS;0.37500;IPC Normalized;2.0.2;NPX Signature;assay;-0.89701;-0.88484;-0.18150;0.06964
TARGET96;Olink Target 96 Inflammation;3027;Target96;A1;AWA 458-RT wk4;SAMPLE;IL-22 RA1;Q8N6P7;OID00516;2.544.284;250.826;264.114;TRUE;PASS;PASS;0.98864;IPC Normalized;2.0.2;NPX Signature;assay;250.826;264.114;-0.18150;0.06964
TARGET96;Olink Target 96 Inflammation;3027;Target96;A1;AWA 458-RT wk4;SAMPLE;IL-18R1;Q13478;OID00517;2.092.527;376.354;0.59764;FALSE;PASS;PASS;0.07955;IPC Normalized;2.0.2;NPX Signature;assay;376.354;0.59764;-0.18150;0.06964
TARGET96;Olink Target 96 Inflammation;3027;Target96;A1;AWA 458-RT wk4;SAMPLE;PD-L1;Q9NZQ7;OID00518;2.242.875;411.524;206.434;FALSE;PASS;PASS;0.13636;IPC Normalized;2.0.2;NPX Signature;assay;411.524;206.434;-0.18150;0.06964
TARGET96;Olink Target 96 Inflammation;3027;Target96;A1;AWA 458-RT wk4;SAMPLE;Beta-NGF;P01138;OID00519;1.542.502;-0.32533;-0.17729;TRUE;PASS;PASS;0.85227;IPC Normalized;2.0.2;NPX Signature;assay;-0.32533;-0.17729;-0.18150;0.06964
TARGET96;Olink Target 96 Inflammation;3027;Target96;A1;AWA 458-RT wk4;SAMPLE;CXCL5;P42830;OID00520;1.395.862;1.142.694;130.106;FALSE;PASS;PASS;0.07955;IPC Normalized;2.0.2;NPX Signature;assay;1.142.694;130.106;-0.18150;0.06964
TARGET96;Olink Target 96 Inflammation;3027;Target96;A1;AWA 458-RT wk4;SAMPLE;TRANCE;O14788;OID00521;2.352.936;118.968;-131.969;FALSE;PASS;PASS;0.11364;IPC Normalized;2.0.2;NPX Signature;assay;118.968;-131.969;-0.18150;0.06964
TARGET96;Olink Target 96 Inflammation;3027;Target96;A1;AWA 458-RT wk4;SAMPLE;HGF;P14210;OID00522;1.785.100;508.966;0.10249;FALSE;PASS;PASS;0.07955;IPC Normalized;2.0.2;NPX Signature;assay;508.966;0.10249;-0.18150;0.06964
TARGET96;Olink Target 96 Inflammation;3027;Target96;A1;AWA 458-RT wk4;SAMPLE;IL-12B;P29460;OID00523;2.408.224;0.05955;-141.352;FALSE;PASS;PASS;0.15909;IPC Normalized;2.0.2;NPX Signature;assay;0.05955;-141.352;-0.18150;0.06964
TARGET96;Olink Target 96 Inflammation;3027;Target96;A1;AWA 458-RT wk4;SAMPLE;IL-24;Q13007;OID00524;2.590.956;0.54692;0.61372;TRUE;PASS;PASS;0.81818;IPC Normalized;2.0.2;NPX Signature;assay;0.54692;0.61372;-0.18150;0.06964
TARGET96;Olink Target 96 Inflammation;3027;Target96;A1;AWA 458-RT wk4;SAMPLE;IL13;P35225;OID00525;2.176.878;157.093;120.432;FALSE;PASS;PASS;0.89773;IPC Normalized;2.0.2;NPX Signature;assay;157.093;120.432;-0.18150;0.06964
TARGET96;Olink Target 96 Inflammation;3027;Target96;A1;AWA 458-RT wk4;SAMPLE;ARTN;Q5T4W7;OID00526;2.453.063;0.27421;0.58766;TRUE;PASS;PASS;0.84091;IPC Normalized;2.0.2;NPX Signature;assay;0.27421;0.58766;-0.18150;0.06964
TARGET96;Olink Target 96 Inflammation;3027;Target96;A1;AWA 458-RT wk4;SAMPLE;MMP-10;P09238;OID00527;1.975.667;311.902;-0.27894;FALSE;PASS;PASS;0.07955;IPC Normalized;2.0.2;NPX Signature;assay;311.902;-0.27894;-0.18150;0.06964
TARGET96;Olink Target 96 Inflammation;3027;Target96;A1;AWA 458-RT wk4;SAMPLE;IL10;P22301;OID00528;1.978.409;577.243;134.323;FALSE;PASS;PASS;0.07955;IPC Normalized;2.0.2;NPX Signature;assay;577.243;134.323;-0.18150;0.06964
TARGET96;Olink Target 96 Inflammation;3027;Target96;A1;AWA 458-RT wk4;SAMPLE;TNF;P01375;OID05548;1.689.692;865.873;0.92674;FALSE;PASS;PASS;0.07955;IPC Normalized;2.0.2;NPX Signature;assay;865.873;0.92674;-0.18150;0.06964
TARGET96;Olink Target 96 Inflammation;3027;Target96;A1;AWA 458-RT wk4;SAMPLE;CCL23;P55773;OID00530;1.868.587;445.556;-0.28231;FALSE;PASS;PASS;0.07955;IPC Normalized;2.0.2;NPX Signature;assay;445.556;-0.28231;-0.18150;0.06964
TARGET96;Olink Target 96 Inflammation;3027;Target96;A1;AWA 458-RT wk4;SAMPLE;CD5;P06127;OID00531;1.584.173;646.469;-0.84352;FALSE;PASS;PASS;0.07955;IPC Normalized;2.0.2;NPX Signature;assay;646.469;-0.84352;-0.18150;0.06964
TARGET96;Olink Target 96 Inflammation;3027;Target96;A1;AWA 458-RT wk4;SAMPLE;CCL3;P10147;OID00532;907.676;1.310.301;-0.11401;FALSE;PASS;PASS;0.07955;IPC Normalized;2.0.2;NPX Signature;assay;1.310.301;-0.11401;-0.18150;0.06964
TARGET96;Olink Target 96 Inflammation;3027;Target96;A1;AWA 458-RT wk4;SAMPLE;Flt3L;P49771;OID00533;2.274.304;500.252;0.29529;FALSE;PASS;PASS;0.07955;IPC Normalized;2.0.2;NPX Signature;assay;500.252;0.29529;-0.18150;0.06964
TARGET96;Olink Target 96 Inflammation;3027;Target96;A1;AWA 458-RT wk4;SAMPLE;CXCL6;P80162;OID00534;1.934.877;473.589;0.42501;FALSE;PASS;PASS;0.07955;IPC Normalized;2.0.2;NPX Signature;assay;473.589;0.42501;-0.18150;0.06964
TARGET96;Olink Target 96 Inflammation;3027;Target96;A1;AWA 458-RT wk4;SAMPLE;CXCL10;P02778;OID00535;1.415.850;1.063.187;158.004;FALSE;PASS;PASS;0.07955;IPC Normalized;2.0.2;NPX Signature;assay;1.063.187;158.004;-0.18150;0.06964
TARGET96;Olink Target 96 Inflammation;3027;Target96;A1;AWA 458-RT wk4;SAMPLE;4E-BP1;Q13541;OID00536;1.868.373;252.165;-0.95345;FALSE;PASS;PASS;0.07955;IPC Normalized;2.0.2;NPX Signature;assay;252.165;-0.95345;-0.18150;0.06964
TARGET96;Olink Target 96 Inflammation;3027;Target96;A1;AWA 458-RT wk4;SAMPLE;IL-20;Q9NYY1;OID00537;2.285.438;-124.911;-0.28182;TRUE;PASS;PASS;0.97727;IPC Normalized;2.0.2;NPX Signature;assay;-124.911;-0.28182;-0.18150;0.06964
TARGET96;Olink Target 96 Inflammation;3027;Target96;A1;AWA 458-RT wk4;SAMPLE;SIRT2;Q8IXJ6;OID00538;2.217.549;210.004;116.589;FALSE;PASS;PASS;0.18182;IPC Normalized;2.0.2;NPX Signature;assay;210.004;116.589;-0.18150;0.06964
TARGET96;Olink Target 96 Inflammation;3027;Target96;A1;AWA 458-RT wk4;SAMPLE;CCL28;Q9NRJ3;OID00539;2.308.470;-0.64948;-0.70486;FALSE;PASS;PASS;0.85227;IPC Normalized;2.0.2;NPX Signature;assay;-0.64948;-0.70486;-0.18150;0.06964
TARGET96;Olink Target 96 Inflammation;3027;Target96;A1;AWA 458-RT wk4;SAMPLE;DNER;Q8NFT8;OID01213;1.982.978;178.230;-0.30062;FALSE;PASS;PASS;0.07955;IPC Normalized;2.0.2;NPX Signature;assay;178.230;-0.30062;-0.18150;0.06964
TARGET96;Olink Target 96 Inflammation;3027;Target96;A1;AWA 458-RT wk4;SAMPLE;EN-RAGE;P80511;OID00541;1.799.487;573.319;0.09630;FALSE;PASS;PASS;0.07955;IPC Normalized;2.0.2;NPX Signature;assay;573.319;0.09630;-0.18150;0.06964
TARGET96;Olink Target 96 Inflammation;3027;Target96;A1;AWA 458-RT wk4;SAMPLE;CD40;P25942;OID00542;1.594.227;974.242;224.967;FALSE;PASS;PASS;0.07955;IPC Normalized;2.0.2;NPX Signature;assay;974.242;224.967;-0.18150;0.06964
TARGET96;Olink Target 96 Inflammation;3027;Target96;A1;AWA 458-RT wk4;SAMPLE;IL33;O95760;OID00543;2.408.330;-0.62705;0.91606;TRUE;PASS;PASS;100.000;IPC Normalized;2.0.2;NPX Signature;assay;-0.62705;0.91606;-0.18150;0.06964
TARGET96;Olink Target 96 Inflammation;3027;Target96;A1;AWA 458-RT wk4;SAMPLE;IFN-gamma;P01579;OID05547;1.356.246;1.353.788;305.868;FALSE;PASS;PASS;0.07955;IPC Normalized;2.0.2;NPX Signature;assay;1.353.788;305.868;-0.18150;0.06964
TARGET96;Olink Target 96 Inflammation;3027;Target96;A1;AWA 458-RT wk4;SAMPLE;FGF-19;O95750;OID00545;2.343.804;-162.785;-0.76210;TRUE;PASS;PASS;0.67045;IPC Normalized;2.0.2;NPX Signature;assay;-162.785;-0.76210;-0.18150;0.06964
TARGET96;Olink Target 96 Inflammation;3027;Target96;A1;AWA 458-RT wk4;SAMPLE;IL4;P05112;OID00546;2.074.116;321.595;-102.563;FALSE;PASS;PASS;0.29545;IPC Normalized;2.0.2;NPX Signature;assay;321.595;-102.563;-0.18150;0.06964
TARGET96;Olink Target 96 Inflammation;3027;Target96;A1;AWA 458-RT wk4;SAMPLE;LIF;P15018;OID00547;1.953.508;199.646;-0.79961;FALSE;PASS;PASS;0.07955;IPC Normalized;2.0.2;NPX Signature;assay;199.646;-0.79961;-0.18150;0.06964
TARGET96;Olink Target 96 Inflammation;3027;Target96;A1;AWA 458-RT wk4;SAMPLE;NRTN;Q99748;OID00548;2.322.921;-121.028;-0.41185;TRUE;PASS;PASS;0.97727;IPC Normalized;2.0.2;NPX Signature;assay;-121.028;-0.41185;-0.18150;0.06964
TARGET96;Olink Target 96 Inflammation;3027;Target96;A1;AWA 458-RT wk4;SAMPLE;MCP-2;P80075;OID00549;1.302.155;1.241.265;127.866;FALSE;PASS;PASS;0.07955;IPC Normalized;2.0.2;NPX Signature;assay;1.241.265;127.866;-0.18150;0.06964
TARGET96;Olink Target 96 Inflammation;3027;Target96;A1;AWA 458-RT wk4;SAMPLE;CASP-8;Q14790;OID00550;1.787.491;538.432;0.91291;FALSE;PASS;PASS;0.07955;IPC Normalized;2.0.2;NPX Signature;assay;538.432;0.91291;-0.18150;0.06964
TARGET96;Olink Target 96 Inflammation;3027;Target96;A1;AWA 458-RT wk4;SAMPLE;CCL25;O15444;OID00551;2.294.217;-138.520;-0.18758;TRUE;PASS;PASS;0.98864;IPC Normalized;2.0.2;NPX Signature;assay;-138.520;-0.18758;-0.18150;0.06964
TARGET96;Olink Target 96 Inflammation;3027;Target96;A1;AWA 458-RT wk4;SAMPLE;CX3CL1;P78423;OID00552;2.573.972;-0.72362;-0.12333;TRUE;PASS;PASS;0.94318;IPC Normalized;2.0.2;NPX Signature;assay;-0.72362;-0.12333;-0.18150;0.06964
TARGET96;Olink Target 96 Inflammation;3027;Target96;A1;AWA 458-RT wk4;SAMPLE;TNFRSF9;Q07011;OID00553;2.168.336;262.086;0.83400;FALSE;PASS;PASS;0.07955;IPC Normalized;2.0.2;NPX Signature;assay;262.086;0.83400;-0.18150;0.06964
TARGET96;Olink Target 96 Inflammation;3027;Target96;A1;AWA 458-RT wk4;SAMPLE;NT-3;P20783;OID00554;2.478.808;-107.432;0.74628;TRUE;PASS;PASS;0.98864;IPC Normalized;2.0.2;NPX Signature;assay;-107.432;0.74628;-0.18150;0.06964
TARGET96;Olink Target 96 Inflammation;3027;Target96;A1;AWA 458-RT wk4;SAMPLE;TWEAK;O43508;OID00555;2.150.012;354.775;-182.937;FALSE;PASS;PASS;0.07955;IPC Normalized;2.0.2;NPX Signature;assay;354.775;-182.937;-0.18150;0.06964
TARGET96;Olink Target 96 Inflammation;3027;Target96;A1;AWA 458-RT wk4;SAMPLE;CCL20;P78556;OID00556;1.636.550;739.826;131.645;FALSE;PASS;PASS;0.07955;IPC Normalized;2.0.2;NPX Signature;assay;739.826;131.645;-0.18150;0.06964
TARGET96;Olink Target 96 Inflammation;3027;Target96;A1;AWA 458-RT wk4;SAMPLE;ST1A1;P50225;OID00557;1.796.055;656.902;125.003;FALSE;PASS;PASS;0.07955;IPC Normalized;2.0.2;NPX Signature;assay;656.902;125.003;-0.18150;0.06964
TARGET96;Olink Target 96 Inflammation;3027;Target96;A1;AWA 458-RT wk4;SAMPLE;STAMBP;O95630;OID00558;1.978.535;289.417;-0.80337;FALSE;PASS;PASS;0.07955;IPC Normalized;2.0.2;NPX Signature;assay;289.417;-0.80337;-0.18150;0.06964
TARGET96;Olink Target 96 Inflammation;3027;Target96;A1;AWA 458-RT wk4;SAMPLE;IL5;P05113;OID00559;2.327.465;101.142;142.788;TRUE;PASS;PASS;0.95455;IPC Normalized;2.0.2;NPX Signature;assay;101.142;142.788;-0.18150;0.06964
TARGET96;Olink Target 96 Inflammation;3027;Target96;A1;AWA 458-RT wk4;SAMPLE;ADA;P00813;OID00560;1.783.660;540.038;-0.40830;FALSE;PASS;PASS;0.07955;IPC Normalized;2.0.2;NPX Signature;assay;540.038;-0.40830;-0.18150;0.06964
TARGET96;Olink Target 96 Inflammation;3027;Target96;A1;AWA 458-RT wk4;SAMPLE;TNFB;P01374;OID00561;2.516.118;0.27933;0.56835;TRUE;PASS;PASS;0.64773;IPC Normalized;2.0.2;NPX Signature;assay;0.27933;0.56835;-0.18150;0.06964
TARGET96;Olink Target 96 Inflammation;3027;Target96;A1;AWA 458-RT wk4;SAMPLE;CSF-1;P09603;OID00562;2.102.203;329.596;0.85565;FALSE;PASS;PASS;0.07955;IPC Normalized;2.0.2;NPX Signature;assay;329.596;0.85565;-0.18150;0.06964
TARGET96;Olink Target 96 Inflammation;3027;Target96;B1;LPS 232-DH wk4;SAMPLE;IL8;P10145;OID00471;877.402;1.284.792;166.148;FALSE;PASS;PASS;0.07955;IPC Normalized;2.0.2;NPX Signature;assay;1.284.792;166.148;-0.17653;-0.18360
TARGET96;Olink Target 96 Inflammation;3027;Target96;B1;LPS 232-DH wk4;SAMPLE;VEGFA;P15692;OID00472;1.598.395;653.516;0.00696;FALSE;PASS;PASS;0.07955;IPC Normalized;2.0.2;NPX Signature;assay;653.516;0.00696;-0.17653;-0.18360
TARGET96;Olink Target 96 Inflammation;3027;Target96;B1;LPS 232-DH wk4;SAMPLE;CD8A;P01732;OID05124;1.861.708;240.254;-126.143;FALSE;PASS;PASS;0.07955;IPC Normalized;2.0.2;NPX Signature;assay;240.254;-126.143;-0.17653;-0.18360
TARGET96;Olink Target 96 Inflammation;3027;Target96;B1;LPS 232-DH wk4;SAMPLE;Inc Ctrl 1;NA;OID00004;1.267.635;-0.10281;0.07730;TRUE;PASS;NA;0.52273;IPC Normalized;2.0.2;NPX Signature;inc_ctrl_1;-0.10281;0.07730;-0.17653;-0.18360
TARGET96;Olink Target 96 Inflammation;3027;Target96;B1;LPS 232-DH wk4;SAMPLE;MCP-3;P80098;OID00474;1.481.799;877.540;143.285;FALSE;PASS;PASS;0.07955;IPC Normalized;2.0.2;NPX Signature;assay;877.540;143.285;-0.17653;-0.18360
TARGET96;Olink Target 96 Inflammation;3027;Target96;B1;LPS 232-DH wk4;SAMPLE;GDNF;P39905;OID00475;2.253.093;0.73251;147.654;TRUE;PASS;PASS;0.97727;IPC Normalized;2.0.2;NPX Signature;assay;0.73251;147.654;-0.17653;-0.18360
TARGET96;Olink Target 96 Inflammation;3027;Target96;B1;LPS 232-DH wk4;SAMPLE;CDCP1;Q9H5V8;OID00476;2.301.187;-0.63296;-0.58297;TRUE;PASS;PASS;0.27273;IPC Normalized;2.0.2;NPX Signature;assay;-0.63296;-0.58297;-0.17653;-0.18360
TARGET96;Olink Target 96 Inflammation;3027;Target96;B1;LPS 232-DH wk4;SAMPLE;CD244;Q9BZW8;OID00477;1.845.616;444.449;153.762;FALSE;PASS;PASS;0.07955;IPC Normalized;2.0.2;NPX Signature;assay;444.449;153.762;-0.17653;-0.18360
TARGET96;Olink Target 96 Inflammation;3027;Target96;B1;LPS 232-DH wk4;SAMPLE;IL7;P13232;OID00478;2.137.447;-147.582;-0.70852;TRUE;PASS;PASS;0.95455;IPC Normalized;2.0.2;NPX Signature;assay;-147.582;-0.70852;-0.17653;-0.18360
TARGET96;Olink Target 96 Inflammation;3027;Target96;B1;LPS 232-DH wk4;SAMPLE;OPG;O00300;OID00479;1.806.885;144.184;-0.81398;FALSE;PASS;PASS;0.15909;IPC Normalized;2.0.2;NPX Signature;assay;144.184;-0.81398;-0.17653;-0.18360
TARGET96;Olink Target 96 Inflammation;3027;Target96;B1;LPS 232-DH wk4;SAMPLE;LAP TGF-beta-1;P01137;OID00480;1.767.908;387.188;-104.297;FALSE;PASS;PASS;0.07955;IPC Normalized;2.0.2;NPX Signature;assay;387.188;-104.297;-0.17653;-0.18360
TARGET96;Olink Target 96 Inflammation;3027;Target96;B1;LPS 232-DH wk4;SAMPLE;uPA;P00749;OID00481;1.273.098;681.103;0.11788;FALSE;PASS;PASS;0.07955;IPC Normalized;2.0.2;NPX Signature;assay;681.103;0.11788;-0.17653;-0.18360
TARGET96;Olink Target 96 Inflammation;3027;Target96;B1;LPS 232-DH wk4;SAMPLE;IL6;P05231;OID00482;901.260;1.239.107;131.223;FALSE;PASS;PASS;0.07955;IPC Normalized;2.0.2;NPX Signature;assay;1.239.107;131.223;-0.17653;-0.18360
TARGET96;Olink Target 96 Inflammation;3027;Target96;B1;LPS 232-DH wk4;SAMPLE;IL-17C;Q9P0M4;OID00483;2.219.030;-0.35996;105.079;TRUE;PASS;PASS;100.000;IPC Normalized;2.0.2;NPX Signature;assay;-0.35996;105.079;-0.17653;-0.18360
TARGET96;Olink Target 96 Inflammation;3027;Target96;B1;LPS 232-DH wk4;SAMPLE;MCP-1;P13500;OID00484;859.568;1.364.092;126.065;FALSE;PASS;PASS;0.07955;IPC Normalized;2.0.2;NPX Signature;assay;1.364.092;126.065;-0.17653;-0.18360
TARGET96;Olink Target 96 Inflammation;3027;Target96;B1;LPS 232-DH wk4;SAMPLE;IL-17A;Q16552;OID00485;2.454.347;-183.677;0.57759;TRUE;PASS;PASS;0.84091;IPC Normalized;2.0.2;NPX Signature;assay;-183.677;0.57759;-0.17653;-0.18360
TARGET96;Olink Target 96 Inflammation;3027;Target96;B1;LPS 232-DH wk4;SAMPLE;CXCL11;O14625;OID00486;1.705.047;506.819;0.12817;FALSE;PASS;PASS;0.09091;IPC Normalized;2.0.2;NPX Signature;assay;506.819;0.12817;-0.17653;-0.18360
TARGET96;Olink Target 96 Inflammation;3027;Target96;B1;LPS 232-DH wk4;SAMPLE;AXIN1;O15169;OID00487;1.980.655;0.97908;-0.49354;FALSE;PASS;PASS;0.12500;IPC Normalized;2.0.2;NPX Signature;assay;0.97908;-0.49354;-0.17653;-0.18360
TARGET96;Olink Target 96 Inflammation;3027;Target96;B1;LPS 232-DH wk4;SAMPLE;Ext Ctrl;NA;OID00005;1.402.347;0.00000;0.00000;FALSE;PASS;NA;0.07955;IPC Normalized;2.0.2;NPX Signature;ext_ctrl;0.00000;0.00000;-0.17653;-0.18360
TARGET96;Olink Target 96 Inflammation;3027;Target96;B1;LPS 232-DH wk4;SAMPLE;TRAIL;P50591;OID00488;1.842.338;304.542;-0.15284;FALSE;PASS;PASS;0.07955;IPC Normalized;2.0.2;NPX Signature;assay;304.542;-0.15284;-0.17653;-0.18360
TARGET96;Olink Target 96 Inflammation;3027;Target96;B1;LPS 232-DH wk4;SAMPLE;IL-20RA;Q9UHF4;OID00489;2.169.588;-0.10386;104.704;TRUE;PASS;PASS;100.000;IPC Normalized;2.0.2;NPX Signature;assay;-0.10386;104.704;-0.17653;-0.18360
TARGET96;Olink Target 96 Inflammation;3027;Target96;B1;LPS 232-DH wk4;SAMPLE;CXCL9;Q07325;OID00490;1.669.809;460.833;0.66560;FALSE;PASS;PASS;0.20455;IPC Normalized;2.0.2;NPX Signature;assay;460.833;0.66560;-0.17653;-0.18360
TARGET96;Olink Target 96 Inflammation;3027;Target96;B1;LPS 232-DH wk4;SAMPLE;CST5;P28325;OID00491;2.326.206;-191.995;-107.592;TRUE;PASS;PASS;0.63636;IPC Normalized;2.0.2;NPX Signature;assay;-191.995;-107.592;-0.17653;-0.18360
TARGET96;Olink Target 96 Inflammation;3027;Target96;B1;LPS 232-DH wk4;SAMPLE;IL-2RB;P14784;OID00492;2.265.320;0.38290;165.436;TRUE;PASS;PASS;100.000;IPC Normalized;2.0.2;NPX Signature;assay;0.38290;165.436;-0.17653;-0.18360
TARGET96;Olink Target 96 Inflammation;3027;Target96;B1;LPS 232-DH wk4;SAMPLE;IL-1 alpha;P01583;OID00493;926.069;1.110.428;-0.99251;FALSE;PASS;PASS;0.07955;IPC Normalized;2.0.2;NPX Signature;assay;1.110.428;-0.99251;-0.17653;-0.18360
TARGET96;Olink Target 96 Inflammation;3027;Target96;B1;LPS 232-DH wk4;SAMPLE;OSM;P13725;OID00494;1.291.055;894.652;0.16675;FALSE;PASS;PASS;0.07955;IPC Normalized;2.0.2;NPX Signature;assay;894.652;0.16675;-0.17653;-0.18360
TARGET96;Olink Target 96 Inflammation;3027;Target96;B1;LPS 232-DH wk4;SAMPLE;IL2;P60568;OID00495;2.228.124;-0.00260;128.757;TRUE;PASS;PASS;0.94318;IPC Normalized;2.0.2;NPX Signature;assay;-0.00260;128.757;-0.17653;-0.18360
TARGET96;Olink Target 96 Inflammation;3027;Target96;B1;LPS 232-DH wk4;SAMPLE;CXCL1;P09341;OID00496;1.176.021;1.295.101;279.881;FALSE;PASS;PASS;0.07955;IPC Normalized;2.0.2;NPX Signature;assay;1.295.101;279.881;-0.17653;-0.18360
TARGET96;Olink Target 96 Inflammation;3027;Target96;B1;LPS 232-DH wk4;SAMPLE;TSLP;Q969D9;OID00497;2.471.608;-0.15439;0.78329;TRUE;PASS;PASS;0.81818;IPC Normalized;2.0.2;NPX Signature;assay;-0.15439;0.78329;-0.17653;-0.18360
TARGET96;Olink Target 96 Inflammation;3027;Target96;B1;LPS 232-DH wk4;SAMPLE;CCL4;P13236;OID00498;728.122;1.196.369;-0.42383;FALSE;PASS;PASS;0.07955;IPC Normalized;2.0.2;NPX Signature;assay;1.196.369;-0.42383;-0.17653;-0.18360
TARGET96;Olink Target 96 Inflammation;3027;Target96;B1;LPS 232-DH wk4;SAMPLE;CD6;P30203;OID00499;1.924.230;339.963;-0.86517;FALSE;PASS;PASS;0.07955;IPC Normalized;2.0.2;NPX Signature;assay;339.963;-0.86517;-0.17653;-0.18360
TARGET96;Olink Target 96 Inflammation;3027;Target96;B1;LPS 232-DH wk4;SAMPLE;SCF;P21583;OID00500;2.233.969;-0.91361;0.19953;TRUE;PASS;PASS;0.96591;IPC Normalized;2.0.2;NPX Signature;assay;-0.91361;0.19953;-0.17653;-0.18360
TARGET96;Olink Target 96 Inflammation;3027;Target96;B1;LPS 232-DH wk4;SAMPLE;IL18;Q14116;OID00501;1.269.455;891.786;0.08663;FALSE;PASS;PASS;0.07955;IPC Normalized;2.0.2;NPX Signature;assay;891.786;0.08663;-0.17653;-0.18360
TARGET96;Olink Target 96 Inflammation;3027;Target96;B1;LPS 232-DH wk4;SAMPLE;SLAMF1;Q13291;OID00502;2.253.708;0.67723;0.76837;TRUE;PASS;PASS;0.81818;IPC Normalized;2.0.2;NPX Signature;assay;0.67723;0.76837;-0.17653;-0.18360
TARGET96;Olink Target 96 Inflammation;3027;Target96;B1;LPS 232-DH wk4;SAMPLE;TGF-alpha;P01135;OID00503;1.967.609;233.778;-171.917;FALSE;PASS;PASS;0.07955;IPC Normalized;2.0.2;NPX Signature;assay;233.778;-171.917;-0.17653;-0.18360
TARGET96;Olink Target 96 Inflammation;3027;Target96;B1;LPS 232-DH wk4;SAMPLE;MCP-4;Q99616;OID00504;1.783.620;764.594;143.956;FALSE;PASS;PASS;0.07955;IPC Normalized;2.0.2;NPX Signature;assay;764.594;143.956;-0.17653;-0.18360
TARGET96;Olink Target 96 Inflammation;3027;Target96;B1;LPS 232-DH wk4;SAMPLE;CCL11;P51671;OID00505;2.048.915;-0.70406;-0.40053;TRUE;PASS;PASS;0.68182;IPC Normalized;2.0.2;NPX Signature;assay;-0.70406;-0.40053;-0.17653;-0.18360
TARGET96;Olink Target 96 Inflammation;3027;Target96;B1;LPS 232-DH wk4;SAMPLE;TNFSF14;O43557;OID00506;1.405.948;547.941;-0.44803;FALSE;PASS;PASS;0.07955;IPC Normalized;2.0.2;NPX Signature;assay;547.941;-0.44803;-0.17653;-0.18360
TARGET96;Olink Target 96 Inflammation;3027;Target96;B1;LPS 232-DH wk4;SAMPLE;FGF-23;Q9GZV9;OID00507;2.276.360;-0.62584;0.91747;TRUE;PASS;PASS;0.96591;IPC Normalized;2.0.2;NPX Signature;assay;-0.62584;0.91747;-0.17653;-0.18360
TARGET96;Olink Target 96 Inflammation;3027;Target96;B1;LPS 232-DH wk4;SAMPLE;IL-10RA;Q13651;OID00508;2.026.776;-0.08270;-0.70231;FALSE;PASS;PASS;0.50000;IPC Normalized;2.0.2;NPX Signature;assay;-0.08270;-0.70231;-0.17653;-0.18360
TARGET96;Olink Target 96 Inflammation;3027;Target96;B1;LPS 232-DH wk4;SAMPLE;FGF-5;P12034;OID00509;2.154.536;-124.217;-0.11172;TRUE;PASS;PASS;0.98864;IPC Normalized;2.0.2;NPX Signature;assay;-124.217;-0.11172;-0.17653;-0.18360
TARGET96;Olink Target 96 Inflammation;3027;Target96;B1;LPS 232-DH wk4;SAMPLE;MMP-1;P03956;OID00510;1.283.256;965.769;-0.41038;FALSE;PASS;PASS;0.07955;IPC Normalized;2.0.2;NPX Signature;assay;965.769;-0.41038;-0.17653;-0.18360
TARGET96;Olink Target 96 Inflammation;3027;Target96;B1;LPS 232-DH wk4;SAMPLE;LIF-R;P42702;OID00511;2.172.379;-113.541;0.22136;TRUE;PASS;PASS;100.000;IPC Normalized;2.0.2;NPX Signature;assay;-113.541;0.22136;-0.17653;-0.18360
TARGET96;Olink Target 96 Inflammation;3027;Target96;B1;LPS 232-DH wk4;SAMPLE;FGF-21;Q9NSA1;OID00512;1.719.189;197.510;-0.44425;FALSE;PASS;PASS;0.07955;IPC Normalized;2.0.2;NPX Signature;assay;197.510;-0.44425;-0.17653;-0.18360
TARGET96;Olink Target 96 Inflammation;3027;Target96;B1;LPS 232-DH wk4;SAMPLE;CCL19;Q99731;OID00513;1.891.583;398.407;195.046;FALSE;PASS;PASS;0.07955;IPC Normalized;2.0.2;NPX Signature;assay;398.407;195.046;-0.17653;-0.18360
TARGET96;Olink Target 96 Inflammation;3027;Target96;B1;LPS 232-DH wk4;SAMPLE;Inc Ctrl 2;NA;OID00006;1.518.357;-0.41643;-0.10165;TRUE;PASS;NA;0.90909;IPC Normalized;2.0.2;NPX Signature;inc_ctrl_2;-0.41643;-0.10165;-0.17653;-0.18360
TARGET96;Olink Target 96 Inflammation;3027;Target96;B1;LPS 232-DH wk4;SAMPLE;Det Ctrl;NA;OID00007;1.002.388;-0.32167;0.01785;TRUE;PASS;NA;0.92045;IPC Normalized;2.0.2;NPX Signature;det_ctrl;-0.32167;0.01785;-0.17653;-0.18360
TARGET96;Olink Target 96 Inflammation;3027;Target96;B1;LPS 232-DH wk4;SAMPLE;IL-15RA;Q13261;OID00514;2.216.702;-0.81180;0.09772;TRUE;PASS;PASS;100.000;IPC Normalized;2.0.2;NPX Signature;assay;-0.81180;0.09772;-0.17653;-0.18360
TARGET96;Olink Target 96 Inflammation;3027;Target96;B1;LPS 232-DH wk4;SAMPLE;IL-10RB;Q08334;OID00515;2.230.562;-112.947;-0.88484;TRUE;PASS;PASS;0.37500;IPC Normalized;2.0.2;NPX Signature;assay;-112.947;-0.88484;-0.17653;-0.18360
TARGET96;Olink Target 96 Inflammation;3027;Target96;B1;LPS 232-DH wk4;SAMPLE;IL-22 RA1;Q8N6P7;OID00516;2.529.437;0.92565;264.114;TRUE;PASS;PASS;0.98864;IPC Normalized;2.0.2;NPX Signature;assay;0.92565;264.114;-0.17653;-0.18360
TARGET96;Olink Target 96 Inflammation;3027;Target96;B1;LPS 232-DH wk4;SAMPLE;IL-18R1;Q13478;OID00517;1.970.467;325.306;0.59764;FALSE;PASS;PASS;0.07955;IPC Normalized;2.0.2;NPX Signature;assay;325.306;0.59764;-0.17653;-0.18360
TARGET96;Olink Target 96 Inflammation;3027;Target96;B1;LPS 232-DH wk4;SAMPLE;PD-L1;Q9NZQ7;OID00518;2.074.229;407.062;206.434;FALSE;PASS;PASS;0.13636;IPC Normalized;2.0.2;NPX Signature;assay;407.062;206.434;-0.17653;-0.18360
TARGET96;Olink Target 96 Inflammation;3027;Target96;B1;LPS 232-DH wk4;SAMPLE;Beta-NGF;P01138;OID00519;1.426.324;-0.89463;-0.17729;TRUE;PASS;PASS;0.85227;IPC Normalized;2.0.2;NPX Signature;assay;-0.89463;-0.17729;-0.17653;-0.18360
TARGET96;Olink Target 96 Inflammation;3027;Target96;B1;LPS 232-DH wk4;SAMPLE;CXCL5;P42830;OID00520;1.251.632;1.113.816;130.106;FALSE;PASS;PASS;0.07955;IPC Normalized;2.0.2;NPX Signature;assay;1.113.816;130.106;-0.17653;-0.18360
TARGET96;Olink Target 96 Inflammation;3027;Target96;B1;LPS 232-DH wk4;SAMPLE;TRANCE;O14788;OID00521;2.312.586;-0.13790;-131.969;FALSE;PASS;PASS;0.11364;IPC Normalized;2.0.2;NPX Signature;assay;-0.13790;-131.969;-0.17653;-0.18360
TARGET96;Olink Target 96 Inflammation;3027;Target96;B1;LPS 232-DH wk4;SAMPLE;HGF;P14210;OID00522;1.643.375;477.582;0.10249;FALSE;PASS;PASS;0.07955;IPC Normalized;2.0.2;NPX Signature;assay;477.582;0.10249;-0.17653;-0.18360
TARGET96;Olink Target 96 Inflammation;3027;Target96;B1;LPS 232-DH wk4;SAMPLE;IL-12B;P29460;OID00523;2.101.597;139.474;-141.352;FALSE;PASS;PASS;0.15909;IPC Normalized;2.0.2;NPX Signature;assay;139.474;-141.352;-0.17653;-0.18360
TARGET96;Olink Target 96 Inflammation;3027;Target96;B1;LPS 232-DH wk4;SAMPLE;IL-24;Q13007;OID00524;2.486.133;-0.13593;0.61372;TRUE;PASS;PASS;0.81818;IPC Normalized;2.0.2;NPX Signature;assay;-0.13593;0.61372;-0.17653;-0.18360
TARGET96;Olink Target 96 Inflammation;3027;Target96;B1;LPS 232-DH wk4;SAMPLE;IL13;P35225;OID00525;2.193.406;-0.32544;120.432;TRUE;PASS;PASS;0.89773;IPC Normalized;2.0.2;NPX Signature;assay;-0.32544;120.432;-0.17653;-0.18360
TARGET96;Olink Target 96 Inflammation;3027;Target96;B1;LPS 232-DH wk4;SAMPLE;ARTN;Q5T4W7;OID00526;2.339.360;-0.31984;0.58766;TRUE;PASS;PASS;0.84091;IPC Normalized;2.0.2;NPX Signature;assay;-0.31984;0.58766;-0.17653;-0.18360
TARGET96;Olink Target 96 Inflammation;3027;Target96;B1;LPS 232-DH wk4;SAMPLE;MMP-10;P09238;OID00527;1.492.331;622.129;-0.27894;FALSE;PASS;PASS;0.07955;IPC Normalized;2.0.2;NPX Signature;assay;622.129;-0.27894;-0.17653;-0.18360
TARGET96;Olink Target 96 Inflammation;3027;Target96;B1;LPS 232-DH wk4;SAMPLE;IL10;P22301;OID00528;1.494.907;887.637;134.323;FALSE;PASS;PASS;0.07955;IPC Normalized;2.0.2;NPX Signature;assay;887.637;134.323;-0.17653;-0.18360
TARGET96;Olink Target 96 Inflammation;3027;Target96;B1;LPS 232-DH wk4;SAMPLE;TNF;P01375;OID05548;860.423;1.522.034;0.92674;FALSE;PASS;PASS;0.07955;IPC Normalized;2.0.2;NPX Signature;assay;1.522.034;0.92674;-0.17653;-0.18360
TARGET96;Olink Target 96 Inflammation;3027;Target96;B1;LPS 232-DH wk4;SAMPLE;CCL23;P55773;OID00530;1.904.262;236.772;-0.28231;FALSE;PASS;PASS;0.07955;IPC Normalized;2.0.2;NPX Signature;assay;236.772;-0.28231;-0.17653;-0.18360
TARGET96;Olink Target 96 Inflammation;3027;Target96;B1;LPS 232-DH wk4;SAMPLE;CD5;P06127;OID00531;1.462.252;595.282;-0.84352;FALSE;PASS;PASS;0.07955;IPC Normalized;2.0.2;NPX Signature;assay;595.282;-0.84352;-0.17653;-0.18360
TARGET96;Olink Target 96 Inflammation;3027;Target96;B1;LPS 232-DH wk4;SAMPLE;CCL3;P10147;OID00532;816.670;1.228.198;-0.11401;FALSE;PASS;PASS;0.07955;IPC Normalized;2.0.2;NPX Signature;assay;1.228.198;-0.11401;-0.17653;-0.18360
TARGET96;Olink Target 96 Inflammation;3027;Target96;B1;LPS 232-DH wk4;SAMPLE;Flt3L;P49771;OID00533;2.180.868;420.579;0.29529;FALSE;PASS;PASS;0.07955;IPC Normalized;2.0.2;NPX Signature;assay;420.579;0.29529;-0.17653;-0.18360
TARGET96;Olink Target 96 Inflammation;3027;Target96;B1;LPS 232-DH wk4;SAMPLE;CXCL6;P80162;OID00534;1.814.720;420.638;0.42501;FALSE;PASS;PASS;0.07955;IPC Normalized;2.0.2;NPX Signature;assay;420.638;0.42501;-0.17653;-0.18360
TARGET96;Olink Target 96 Inflammation;3027;Target96;B1;LPS 232-DH wk4;SAMPLE;CXCL10;P02778;OID00535;1.314.393;991.536;158.004;FALSE;PASS;PASS;0.07955;IPC Normalized;2.0.2;NPX Signature;assay;991.536;158.004;-0.17653;-0.18360
TARGET96;Olink Target 96 Inflammation;3027;Target96;B1;LPS 232-DH wk4;SAMPLE;4E-BP1;Q13541;OID00536;1.430.418;517.012;-0.95345;FALSE;PASS;PASS;0.07955;IPC Normalized;2.0.2;NPX Signature;assay;517.012;-0.95345;-0.17653;-0.18360
TARGET96;Olink Target 96 Inflammation;3027;Target96;B1;LPS 232-DH wk4;SAMPLE;IL-20;Q9NYY1;OID00537;2.128.263;-140.844;-0.28182;TRUE;PASS;PASS;0.97727;IPC Normalized;2.0.2;NPX Signature;assay;-140.844;-0.28182;-0.17653;-0.18360
TARGET96;Olink Target 96 Inflammation;3027;Target96;B1;LPS 232-DH wk4;SAMPLE;SIRT2;Q8IXJ6;OID00538;1.834.584;419.861;116.589;FALSE;PASS;PASS;0.18182;IPC Normalized;2.0.2;NPX Signature;assay;419.861;116.589;-0.17653;-0.18360
TARGET96;Olink Target 96 Inflammation;3027;Target96;B1;LPS 232-DH wk4;SAMPLE;CCL28;Q9NRJ3;OID00539;2.214.970;-144.557;-0.70486;TRUE;PASS;PASS;0.85227;IPC Normalized;2.0.2;NPX Signature;assay;-144.557;-0.70486;-0.17653;-0.18360
TARGET96;Olink Target 96 Inflammation;3027;Target96;B1;LPS 232-DH wk4;SAMPLE;DNER;Q8NFT8;OID01213;1.839.731;148.368;-0.30062;FALSE;PASS;PASS;0.07955;IPC Normalized;2.0.2;NPX Signature;assay;148.368;-0.30062;-0.17653;-0.18360
TARGET96;Olink Target 96 Inflammation;3027;Target96;B1;LPS 232-DH wk4;SAMPLE;EN-RAGE;P80511;OID00541;1.399.732;799.966;0.09630;FALSE;PASS;PASS;0.07955;IPC Normalized;2.0.2;NPX Signature;assay;799.966;0.09630;-0.17653;-0.18360
TARGET96;Olink Target 96 Inflammation;3027;Target96;B1;LPS 232-DH wk4;SAMPLE;CD40;P25942;OID00542;1.471.059;924.302;224.967;FALSE;PASS;PASS;0.07955;IPC Normalized;2.0.2;NPX Signature;assay;924.302;224.967;-0.17653;-0.18360
TARGET96;Olink Target 96 Inflammation;3027;Target96;B1;LPS 232-DH wk4;SAMPLE;IL33;O95760;OID00543;2.268.131;-0.95614;0.91606;TRUE;PASS;PASS;100.000;IPC Normalized;2.0.2;NPX Signature;assay;-0.95614;0.91606;-0.17653;-0.18360
TARGET96;Olink Target 96 Inflammation;3027;Target96;B1;LPS 232-DH wk4;SAMPLE;IFN-gamma;P01579;OID05547;877.120;1.659.806;305.868;FALSE;PASS;PASS;0.07955;IPC Normalized;2.0.2;NPX Signature;assay;1.659.806;305.868;-0.17653;-0.18360
TARGET96;Olink Target 96 Inflammation;3027;Target96;B1;LPS 232-DH wk4;SAMPLE;FGF-19;O95750;OID00545;2.139.417;-131.506;-0.76210;TRUE;PASS;PASS;0.67045;IPC Normalized;2.0.2;NPX Signature;assay;-131.506;-0.76210;-0.17653;-0.18360
TARGET96;Olink Target 96 Inflammation;3027;Target96;B1;LPS 232-DH wk4;SAMPLE;IL4;P05112;OID00546;2.225.403;-0.02799;-102.563;FALSE;PASS;PASS;0.29545;IPC Normalized;2.0.2;NPX Signature;assay;-0.02799;-102.563;-0.17653;-0.18360
TARGET96;Olink Target 96 Inflammation;3027;Target96;B1;LPS 232-DH wk4;SAMPLE;LIF;P15018;OID00547;1.761.415;218.631;-0.79961;FALSE;PASS;PASS;0.07955;IPC Normalized;2.0.2;NPX Signature;assay;218.631;-0.79961;-0.17653;-0.18360
TARGET96;Olink Target 96 Inflammation;3027;Target96;B1;LPS 232-DH wk4;SAMPLE;NRTN;Q99748;OID00548;2.168.661;-139.876;-0.41185;TRUE;PASS;PASS;0.97727;IPC Normalized;2.0.2;NPX Signature;assay;-139.876;-0.41185;-0.17653;-0.18360
TARGET96;Olink Target 96 Inflammation;3027;Target96;B1;LPS 232-DH wk4;SAMPLE;MCP-2;P80075;OID00549;1.372.975;997.337;127.866;FALSE;PASS;PASS;0.07955;IPC Normalized;2.0.2;NPX Signature;assay;997.337;127.866;-0.17653;-0.18360
TARGET96;Olink Target 96 Inflammation;3027;Target96;B1;LPS 232-DH wk4;SAMPLE;CASP-8;Q14790;OID00550;1.437.857;714.957;0.91291;FALSE;PASS;PASS;0.07955;IPC Normalized;2.0.2;NPX Signature;assay;714.957;0.91291;-0.17653;-0.18360
TARGET96;Olink Target 96 Inflammation;3027;Target96;B1;LPS 232-DH wk4;SAMPLE;CCL25;O15444;OID00551;2.132.614;-150.025;-0.18758;TRUE;PASS;PASS;0.98864;IPC Normalized;2.0.2;NPX Signature;assay;-150.025;-0.18758;-0.17653;-0.18360
TARGET96;Olink Target 96 Inflammation;3027;Target96;B1;LPS 232-DH wk4;SAMPLE;CX3CL1;P78423;OID00552;2.454.079;-125.577;-0.12333;TRUE;PASS;PASS;0.94318;IPC Normalized;2.0.2;NPX Signature;assay;-125.577;-0.12333;-0.17653;-0.18360
TARGET96;Olink Target 96 Inflammation;3027;Target96;B1;LPS 232-DH wk4;SAMPLE;TNFRSF9;Q07011;OID00553;1.799.977;457.336;0.83400;FALSE;PASS;PASS;0.07955;IPC Normalized;2.0.2;NPX Signature;assay;457.336;0.83400;-0.17653;-0.18360
TARGET96;Olink Target 96 Inflammation;3027;Target96;B1;LPS 232-DH wk4;SAMPLE;NT-3;P20783;OID00554;2.282.135;-0.83867;0.74628;TRUE;PASS;PASS;0.98864;IPC Normalized;2.0.2;NPX Signature;assay;-0.83867;0.74628;-0.17653;-0.18360
TARGET96;Olink Target 96 Inflammation;3027;Target96;B1;LPS 232-DH wk4;SAMPLE;TWEAK;O43508;OID00555;1.957.110;374.569;-182.937;FALSE;PASS;PASS;0.07955;IPC Normalized;2.0.2;NPX Signature;assay;374.569;-182.937;-0.17653;-0.18360
TARGET96;Olink Target 96 Inflammation;3027;Target96;B1;LPS 232-DH wk4;SAMPLE;CCL20;P78556;OID00556;1.177.473;1.025.794;131.645;FALSE;PASS;PASS;0.07955;IPC Normalized;2.0.2;NPX Signature;assay;1.025.794;131.645;-0.17653;-0.18360
TARGET96;Olink Target 96 Inflammation;3027;Target96;B1;LPS 232-DH wk4;SAMPLE;ST1A1;P50225;OID00557;1.500.437;779.412;125.003;FALSE;PASS;PASS;0.07955;IPC Normalized;2.0.2;NPX Signature;assay;779.412;125.003;-0.17653;-0.18360
TARGET96;Olink Target 96 Inflammation;3027;Target96;B1;LPS 232-DH wk4;SAMPLE;STAMBP;O95630;OID00558;1.649.055;445.789;-0.80337;FALSE;PASS;PASS;0.07955;IPC Normalized;2.0.2;NPX Signature;assay;445.789;-0.80337;-0.17653;-0.18360
TARGET96;Olink Target 96 Inflammation;3027;Target96;B1;LPS 232-DH wk4;SAMPLE;IL5;P05113;OID00559;2.331.991;-0.76493;142.788;TRUE;PASS;PASS;0.95455;IPC Normalized;2.0.2;NPX Signature;assay;-0.76493;142.788;-0.17653;-0.18360
TARGET96;Olink Target 96 Inflammation;3027;Target96;B1;LPS 232-DH wk4;SAMPLE;ADA;P00813;OID00560;1.471.469;679.120;-0.40830;FALSE;PASS;PASS;0.07955;IPC Normalized;2.0.2;NPX Signature;assay;679.120;-0.40830;-0.17653;-0.18360
TARGET96;Olink Target 96 Inflammation;3027;Target96;B1;LPS 232-DH wk4;SAMPLE;TNFB;P01374;OID00561;2.433.571;-0.62628;0.56835;TRUE;PASS;PASS;0.64773;IPC Normalized;2.0.2;NPX Signature;assay;-0.62628;0.56835;-0.17653;-0.18360
TARGET96;Olink Target 96 Inflammation;3027;Target96;B1;LPS 232-DH wk4;SAMPLE;CSF-1;P09603;OID00562;1.920.916;337.775;0.85565;FALSE;PASS;PASS;0.07955;IPC Normalized;2.0.2;NPX Signature;assay;337.775;0.85565;-0.17653;-0.18360
TARGET96;Olink Target 96 Inflammation;3027;Target96;C1;MED 307-GI wk8;SAMPLE;IL8;P10145;OID00471;810.270;1.366.282;166.148;FALSE;PASS;PASS;0.07955;IPC Normalized;2.0.2;NPX Signature;assay;1.366.282;166.148;0.04459;-0.15459
TARGET96;Olink Target 96 Inflammation;3027;Target96;C1;MED 307-GI wk8;SAMPLE;VEGFA;P15692;OID00472;1.475.780;790.489;0.00696;FALSE;PASS;PASS;0.07955;IPC Normalized;2.0.2;NPX Signature;assay;790.489;0.00696;0.04459;-0.15459
TARGET96;Olink Target 96 Inflammation;3027;Target96;C1;MED 307-GI wk8;SAMPLE;CD8A;P01732;OID05124;1.657.384;458.937;-126.143;FALSE;PASS;PASS;0.07955;IPC Normalized;2.0.2;NPX Signature;assay;458.937;-126.143;0.04459;-0.15459
TARGET96;Olink Target 96 Inflammation;3027;Target96;C1;MED 307-GI wk8;SAMPLE;Inc Ctrl 1;NA;OID00004;1.279.093;-0.07380;0.07730;TRUE;PASS;NA;0.52273;IPC Normalized;2.0.2;NPX Signature;inc_ctrl_1;-0.07380;0.07730;0.04459;-0.15459
TARGET96;Olink Target 96 Inflammation;3027;Target96;C1;MED 307-GI wk8;SAMPLE;MCP-3;P80098;OID00474;1.428.201;945.498;143.285;FALSE;PASS;PASS;0.07955;IPC Normalized;2.0.2;NPX Signature;assay;945.498;143.285;0.04459;-0.15459
TARGET96;Olink Target 96 Inflammation;3027;Target96;C1;MED 307-GI wk8;SAMPLE;GDNF;P39905;OID00475;2.293.499;0.47204;147.654;TRUE;PASS;PASS;0.97727;IPC Normalized;2.0.2;NPX Signature;assay;0.47204;147.654;0.04459;-0.15459
TARGET96;Olink Target 96 Inflammation;3027;Target96;C1;MED 307-GI wk8;SAMPLE;CDCP1;Q9H5V8;OID00476;2.188.576;0.63673;-0.58297;FALSE;PASS;PASS;0.27273;IPC Normalized;2.0.2;NPX Signature;assay;0.63673;-0.58297;0.04459;-0.15459
TARGET96;Olink Target 96 Inflammation;3027;Target96;C1;MED 307-GI wk8;SAMPLE;CD244;Q9BZW8;OID00477;1.789.265;515.158;153.762;FALSE;PASS;PASS;0.07955;IPC Normalized;2.0.2;NPX Signature;assay;515.158;153.762;0.04459;-0.15459
TARGET96;Olink Target 96 Inflammation;3027;Target96;C1;MED 307-GI wk8;SAMPLE;IL7;P13232;OID00478;2.130.746;-126.522;-0.70852;TRUE;PASS;PASS;0.95455;IPC Normalized;2.0.2;NPX Signature;assay;-126.522;-0.70852;0.04459;-0.15459
TARGET96;Olink Target 96 Inflammation;3027;Target96;C1;MED 307-GI wk8;SAMPLE;OPG;O00300;OID00479;2.020.473;-0.55046;-0.81398;FALSE;PASS;PASS;0.15909;IPC Normalized;2.0.2;NPX Signature;assay;-0.55046;-0.81398;0.04459;-0.15459
TARGET96;Olink Target 96 Inflammation;3027;Target96;C1;MED 307-GI wk8;SAMPLE;LAP TGF-beta-1;P01137;OID00480;1.788.004;381.450;-104.297;FALSE;PASS;PASS;0.07955;IPC Normalized;2.0.2;NPX Signature;assay;381.450;-104.297;0.04459;-0.15459
TARGET96;Olink Target 96 Inflammation;3027;Target96;C1;MED 307-GI wk8;SAMPLE;uPA;P00749;OID00481;1.384.829;583.731;0.11788;FALSE;PASS;PASS;0.07955;IPC Normalized;2.0.2;NPX Signature;assay;583.731;0.11788;0.04459;-0.15459
TARGET96;Olink Target 96 Inflammation;3027;Target96;C1;MED 307-GI wk8;SAMPLE;IL6;P05231;OID00482;1.178.672;976.053;131.223;FALSE;PASS;PASS;0.07955;IPC Normalized;2.0.2;NPX Signature;assay;976.053;131.223;0.04459;-0.15459
TARGET96;Olink Target 96 Inflammation;3027;Target96;C1;MED 307-GI wk8;SAMPLE;IL-17C;Q9P0M4;OID00483;2.233.055;-0.35662;105.079;TRUE;PASS;PASS;100.000;IPC Normalized;2.0.2;NPX Signature;assay;-0.35662;105.079;0.04459;-0.15459
TARGET96;Olink Target 96 Inflammation;3027;Target96;C1;MED 307-GI wk8;SAMPLE;MCP-1;P13500;OID00484;849.704;1.388.314;126.065;FALSE;PASS;PASS;0.07955;IPC Normalized;2.0.2;NPX Signature;assay;1.388.314;126.065;0.04459;-0.15459
TARGET96;Olink Target 96 Inflammation;3027;Target96;C1;MED 307-GI wk8;SAMPLE;IL-17A;Q16552;OID00485;2.347.897;-0.62868;0.57759;TRUE;PASS;PASS;0.84091;IPC Normalized;2.0.2;NPX Signature;assay;-0.62868;0.57759;0.04459;-0.15459
TARGET96;Olink Target 96 Inflammation;3027;Target96;C1;MED 307-GI wk8;SAMPLE;CXCL11;O14625;OID00486;1.889.404;336.820;0.12817;FALSE;PASS;PASS;0.09091;IPC Normalized;2.0.2;NPX Signature;assay;336.820;0.12817;0.04459;-0.15459
TARGET96;Olink Target 96 Inflammation;3027;Target96;C1;MED 307-GI wk8;SAMPLE;AXIN1;O15169;OID00487;1.855.295;237.626;-0.49354;FALSE;PASS;PASS;0.12500;IPC Normalized;2.0.2;NPX Signature;assay;237.626;-0.49354;0.04459;-0.15459
TARGET96;Olink Target 96 Inflammation;3027;Target96;C1;MED 307-GI wk8;SAMPLE;Ext Ctrl;NA;OID00005;1.416.705;0.00000;0.00000;FALSE;PASS;NA;0.07955;IPC Normalized;2.0.2;NPX Signature;ext_ctrl;0.00000;0.00000;0.04459;-0.15459
TARGET96;Olink Target 96 Inflammation;3027;Target96;C1;MED 307-GI wk8;SAMPLE;TRAIL;P50591;OID00488;1.981.544;179.695;-0.15284;FALSE;PASS;PASS;0.07955;IPC Normalized;2.0.2;NPX Signature;assay;179.695;-0.15284;0.04459;-0.15459
TARGET96;Olink Target 96 Inflammation;3027;Target96;C1;MED 307-GI wk8;SAMPLE;IL-20RA;Q9UHF4;OID00489;2.175.684;-0.02123;104.704;TRUE;PASS;PASS;100.000;IPC Normalized;2.0.2;NPX Signature;assay;-0.02123;104.704;0.04459;-0.15459
TARGET96;Olink Target 96 Inflammation;3027;Target96;C1;MED 307-GI wk8;SAMPLE;CXCL9;Q07325;OID00490;2.054.956;0.90044;0.66560;FALSE;PASS;PASS;0.20455;IPC Normalized;2.0.2;NPX Signature;assay;0.90044;0.66560;0.04459;-0.15459
TARGET96;Olink Target 96 Inflammation;3027;Target96;C1;MED 307-GI wk8;SAMPLE;CST5;P28325;OID00491;2.348.107;-199.538;-107.592;TRUE;PASS;PASS;0.63636;IPC Normalized;2.0.2;NPX Signature;assay;-199.538;-107.592;0.04459;-0.15459
TARGET96;Olink Target 96 Inflammation;3027;Target96;C1;MED 307-GI wk8;SAMPLE;IL-2RB;P14784;OID00492;2.302.063;0.15904;165.436;TRUE;PASS;PASS;100.000;IPC Normalized;2.0.2;NPX Signature;assay;0.15904;165.436;0.04459;-0.15459
TARGET96;Olink Target 96 Inflammation;3027;Target96;C1;MED 307-GI wk8;SAMPLE;IL-1 alpha;P01583;OID00493;1.410.098;640.757;-0.99251;FALSE;PASS;PASS;0.07955;IPC Normalized;2.0.2;NPX Signature;assay;640.757;-0.99251;0.04459;-0.15459
TARGET96;Olink Target 96 Inflammation;3027;Target96;C1;MED 307-GI wk8;SAMPLE;OSM;P13725;OID00494;1.442.801;757.264;0.16675;FALSE;PASS;PASS;0.07955;IPC Normalized;2.0.2;NPX Signature;assay;757.264;0.16675;0.04459;-0.15459
TARGET96;Olink Target 96 Inflammation;3027;Target96;C1;MED 307-GI wk8;SAMPLE;IL2;P60568;OID00495;2.277.204;-0.34982;128.757;TRUE;PASS;PASS;0.94318;IPC Normalized;2.0.2;NPX Signature;assay;-0.34982;128.757;0.04459;-0.15459
TARGET96;Olink Target 96 Inflammation;3027;Target96;C1;MED 307-GI wk8;SAMPLE;CXCL1;P09341;OID00496;1.220.898;1.264.582;279.881;FALSE;PASS;PASS;0.07955;IPC Normalized;2.0.2;NPX Signature;assay;1.264.582;279.881;0.04459;-0.15459
TARGET96;Olink Target 96 Inflammation;3027;Target96;C1;MED 307-GI wk8;SAMPLE;TSLP;Q969D9;OID00497;2.518.656;-0.48129;0.78329;TRUE;PASS;PASS;0.81818;IPC Normalized;2.0.2;NPX Signature;assay;-0.48129;0.78329;0.04459;-0.15459
TARGET96;Olink Target 96 Inflammation;3027;Target96;C1;MED 307-GI wk8;SAMPLE;CCL4;P13236;OID00498;839.992;1.098.857;-0.42383;FALSE;PASS;PASS;0.07955;IPC Normalized;2.0.2;NPX Signature;assay;1.098.857;-0.42383;0.04459;-0.15459
TARGET96;Olink Target 96 Inflammation;3027;Target96;C1;MED 307-GI wk8;SAMPLE;CD6;P30203;OID00499;1.595.160;683.392;-0.86517;FALSE;PASS;PASS;0.07955;IPC Normalized;2.0.2;NPX Signature;assay;683.392;-0.86517;0.04459;-0.15459
TARGET96;Olink Target 96 Inflammation;3027;Target96;C1;MED 307-GI wk8;SAMPLE;SCF;P21583;OID00500;2.266.184;-109.218;0.19953;TRUE;PASS;PASS;0.96591;IPC Normalized;2.0.2;NPX Signature;assay;-109.218;0.19953;0.04459;-0.15459
TARGET96;Olink Target 96 Inflammation;3027;Target96;C1;MED 307-GI wk8;SAMPLE;IL18;Q14116;OID00501;1.809.429;366.170;0.08663;FALSE;PASS;PASS;0.07955;IPC Normalized;2.0.2;NPX Signature;assay;366.170;0.08663;0.04459;-0.15459
TARGET96;Olink Target 96 Inflammation;3027;Target96;C1;MED 307-GI wk8;SAMPLE;SLAMF1;Q13291;OID00502;2.311.611;0.24178;0.76837;TRUE;PASS;PASS;0.81818;IPC Normalized;2.0.2;NPX Signature;assay;0.24178;0.76837;0.04459;-0.15459
TARGET96;Olink Target 96 Inflammation;3027;Target96;C1;MED 307-GI wk8;SAMPLE;TGF-alpha;P01135;OID00503;1.982.315;233.430;-171.917;FALSE;PASS;PASS;0.07955;IPC Normalized;2.0.2;NPX Signature;assay;233.430;-171.917;0.04459;-0.15459
TARGET96;Olink Target 96 Inflammation;3027;Target96;C1;MED 307-GI wk8;SAMPLE;MCP-4;Q99616;OID00504;1.683.222;879.351;143.956;FALSE;PASS;PASS;0.07955;IPC Normalized;2.0.2;NPX Signature;assay;879.351;143.956;0.04459;-0.15459
TARGET96;Olink Target 96 Inflammation;3027;Target96;C1;MED 307-GI wk8;SAMPLE;CCL11;P51671;OID00505;2.056.235;-0.63368;-0.40053;TRUE;PASS;PASS;0.68182;IPC Normalized;2.0.2;NPX Signature;assay;-0.63368;-0.40053;0.04459;-0.15459
TARGET96;Olink Target 96 Inflammation;3027;Target96;C1;MED 307-GI wk8;SAMPLE;TNFSF14;O43557;OID00506;1.511.569;456.679;-0.44803;FALSE;PASS;PASS;0.07955;IPC Normalized;2.0.2;NPX Signature;assay;456.679;-0.44803;0.04459;-0.15459
TARGET96;Olink Target 96 Inflammation;3027;Target96;C1;MED 307-GI wk8;SAMPLE;FGF-23;Q9GZV9;OID00507;2.195.103;0.33031;0.91747;TRUE;PASS;PASS;0.96591;IPC Normalized;2.0.2;NPX Signature;assay;0.33031;0.91747;0.04459;-0.15459
TARGET96;Olink Target 96 Inflammation;3027;Target96;C1;MED 307-GI wk8;SAMPLE;IL-10RA;Q13651;OID00508;2.147.198;-114.333;-0.70231;TRUE;PASS;PASS;0.50000;IPC Normalized;2.0.2;NPX Signature;assay;-114.333;-0.70231;0.04459;-0.15459
TARGET96;Olink Target 96 Inflammation;3027;Target96;C1;MED 307-GI wk8;SAMPLE;FGF-5;P12034;OID00509;2.144.465;-0.99787;-0.11172;TRUE;PASS;PASS;0.98864;IPC Normalized;2.0.2;NPX Signature;assay;-0.99787;-0.11172;0.04459;-0.15459
TARGET96;Olink Target 96 Inflammation;3027;Target96;C1;MED 307-GI wk8;SAMPLE;MMP-1;P03956;OID00510;1.606.224;657.159;-0.41038;FALSE;PASS;PASS;0.07955;IPC Normalized;2.0.2;NPX Signature;assay;657.159;-0.41038;0.04459;-0.15459
TARGET96;Olink Target 96 Inflammation;3027;Target96;C1;MED 307-GI wk8;SAMPLE;LIF-R;P42702;OID00511;2.168.741;-0.95545;0.22136;TRUE;PASS;PASS;100.000;IPC Normalized;2.0.2;NPX Signature;assay;-0.95545;0.22136;0.04459;-0.15459
TARGET96;Olink Target 96 Inflammation;3027;Target96;C1;MED 307-GI wk8;SAMPLE;FGF-21;Q9NSA1;OID00512;1.727.288;203.769;-0.44425;FALSE;PASS;PASS;0.07955;IPC Normalized;2.0.2;NPX Signature;assay;203.769;-0.44425;0.04459;-0.15459
TARGET96;Olink Target 96 Inflammation;3027;Target96;C1;MED 307-GI wk8;SAMPLE;CCL19;Q99731;OID00513;1.896.425;407.924;195.046;FALSE;PASS;PASS;0.07955;IPC Normalized;2.0.2;NPX Signature;assay;407.924;195.046;0.04459;-0.15459
TARGET96;Olink Target 96 Inflammation;3027;Target96;C1;MED 307-GI wk8;SAMPLE;Inc Ctrl 2;NA;OID00006;1.510.133;-0.19061;-0.10165;TRUE;PASS;NA;0.90909;IPC Normalized;2.0.2;NPX Signature;inc_ctrl_2;-0.19061;-0.10165;0.04459;-0.15459
TARGET96;Olink Target 96 Inflammation;3027;Target96;C1;MED 307-GI wk8;SAMPLE;Det Ctrl;NA;OID00007;994.635;-0.10055;0.01785;TRUE;PASS;NA;0.92045;IPC Normalized;2.0.2;NPX Signature;det_ctrl;-0.10055;0.01785;0.04459;-0.15459
TARGET96;Olink Target 96 Inflammation;3027;Target96;C1;MED 307-GI wk8;SAMPLE;IL-15RA;Q13261;OID00514;2.232.682;-0.82801;0.09772;TRUE;PASS;PASS;100.000;IPC Normalized;2.0.2;NPX Signature;assay;-0.82801;0.09772;0.04459;-0.15459
TARGET96;Olink Target 96 Inflammation;3027;Target96;C1;MED 307-GI wk8;SAMPLE;IL-10RB;Q08334;OID00515;2.145.498;-0.13524;-0.88484;FALSE;PASS;PASS;0.37500;IPC Normalized;2.0.2;NPX Signature;assay;-0.13524;-0.88484;0.04459;-0.15459
TARGET96;Olink Target 96 Inflammation;3027;Target96;C1;MED 307-GI wk8;SAMPLE;IL-22 RA1;Q8N6P7;OID00516;2.585.017;0.51343;264.114;TRUE;PASS;PASS;0.98864;IPC Normalized;2.0.2;NPX Signature;assay;0.51343;264.114;0.04459;-0.15459
TARGET96;Olink Target 96 Inflammation;3027;Target96;C1;MED 307-GI wk8;SAMPLE;IL-18R1;Q13478;OID00517;1.793.607;516.524;0.59764;FALSE;PASS;PASS;0.07955;IPC Normalized;2.0.2;NPX Signature;assay;516.524;0.59764;0.04459;-0.15459
TARGET96;Olink Target 96 Inflammation;3027;Target96;C1;MED 307-GI wk8;SAMPLE;PD-L1;Q9NZQ7;OID00518;2.140.234;355.416;206.434;FALSE;PASS;PASS;0.13636;IPC Normalized;2.0.2;NPX Signature;assay;355.416;206.434;0.04459;-0.15459
TARGET96;Olink Target 96 Inflammation;3027;Target96;C1;MED 307-GI wk8;SAMPLE;Beta-NGF;P01138;OID00519;1.417.919;-0.66699;-0.17729;TRUE;PASS;PASS;0.85227;IPC Normalized;2.0.2;NPX Signature;assay;-0.66699;-0.17729;0.04459;-0.15459
TARGET96;Olink Target 96 Inflammation;3027;Target96;C1;MED 307-GI wk8;SAMPLE;CXCL5;P42830;OID00520;1.211.788;1.168.018;130.106;FALSE;PASS;PASS;0.07955;IPC Normalized;2.0.2;NPX Signature;assay;1.168.018;130.106;0.04459;-0.15459
TARGET96;Olink Target 96 Inflammation;3027;Target96;C1;MED 307-GI wk8;SAMPLE;TRANCE;O14788;OID00521;2.174.781;138.374;-131.969;FALSE;PASS;PASS;0.11364;IPC Normalized;2.0.2;NPX Signature;assay;138.374;-131.969;0.04459;-0.15459
TARGET96;Olink Target 96 Inflammation;3027;Target96;C1;MED 307-GI wk8;SAMPLE;HGF;P14210;OID00522;1.782.334;352.982;0.10249;FALSE;PASS;PASS;0.07955;IPC Normalized;2.0.2;NPX Signature;assay;352.982;0.10249;0.04459;-0.15459
TARGET96;Olink Target 96 Inflammation;3027;Target96;C1;MED 307-GI wk8;SAMPLE;IL-12B;P29460;OID00523;2.380.224;-124.795;-141.352;FALSE;PASS;PASS;0.15909;IPC Normalized;2.0.2;NPX Signature;assay;-124.795;-141.352;0.04459;-0.15459
TARGET96;Olink Target 96 Inflammation;3027;Target96;C1;MED 307-GI wk8;SAMPLE;IL-24;Q13007;OID00524;2.538.199;-0.51301;0.61372;TRUE;PASS;PASS;0.81818;IPC Normalized;2.0.2;NPX Signature;assay;-0.51301;0.61372;0.04459;-0.15459
TARGET96;Olink Target 96 Inflammation;3027;Target96;C1;MED 307-GI wk8;SAMPLE;IL13;P35225;OID00525;2.124.601;0.50620;120.432;TRUE;PASS;PASS;0.89773;IPC Normalized;2.0.2;NPX Signature;assay;0.50620;120.432;0.04459;-0.15459
TARGET96;Olink Target 96 Inflammation;3027;Target96;C1;MED 307-GI wk8;SAMPLE;ARTN;Q5T4W7;OID00526;2.257.528;0.64206;0.58766;FALSE;PASS;PASS;0.84091;IPC Normalized;2.0.2;NPX Signature;assay;0.64206;0.58766;0.04459;-0.15459
TARGET96;Olink Target 96 Inflammation;3027;Target96;C1;MED 307-GI wk8;SAMPLE;MMP-10;P09238;OID00527;1.735.294;393.525;-0.27894;FALSE;PASS;PASS;0.07955;IPC Normalized;2.0.2;NPX Signature;assay;393.525;-0.27894;0.04459;-0.15459
TARGET96;Olink Target 96 Inflammation;3027;Target96;C1;MED 307-GI wk8;SAMPLE;IL10;P22301;OID00528;1.998.720;398.182;134.323;FALSE;PASS;PASS;0.07955;IPC Normalized;2.0.2;NPX Signature;assay;398.182;134.323;0.04459;-0.15459
TARGET96;Olink Target 96 Inflammation;3027;Target96;C1;MED 307-GI wk8;SAMPLE;TNF;P01375;OID05548;1.682.068;714.748;0.92674;FALSE;PASS;PASS;0.07955;IPC Normalized;2.0.2;NPX Signature;assay;714.748;0.92674;0.04459;-0.15459
TARGET96;Olink Target 96 Inflammation;3027;Target96;C1;MED 307-GI wk8;SAMPLE;CCL23;P55773;OID00530;1.924.148;231.244;-0.28231;FALSE;PASS;PASS;0.07955;IPC Normalized;2.0.2;NPX Signature;assay;231.244;-0.28231;0.04459;-0.15459
TARGET96;Olink Target 96 Inflammation;3027;Target96;C1;MED 307-GI wk8;SAMPLE;CD5;P06127;OID00531;1.238.704;833.188;-0.84352;FALSE;PASS;PASS;0.07955;IPC Normalized;2.0.2;NPX Signature;assay;833.188;-0.84352;0.04459;-0.15459
TARGET96;Olink Target 96 Inflammation;3027;Target96;C1;MED 307-GI wk8;SAMPLE;CCL3;P10147;OID00532;829.313;1.229.914;-0.11401;FALSE;PASS;PASS;0.07955;IPC Normalized;2.0.2;NPX Signature;assay;1.229.914;-0.11401;0.04459;-0.15459
TARGET96;Olink Target 96 Inflammation;3027;Target96;C1;MED 307-GI wk8;SAMPLE;Flt3L;P49771;OID00533;2.040.769;575.037;0.29529;FALSE;PASS;PASS;0.07955;IPC Normalized;2.0.2;NPX Signature;assay;575.037;0.29529;0.04459;-0.15459
TARGET96;Olink Target 96 Inflammation;3027;Target96;C1;MED 307-GI wk8;SAMPLE;CXCL6;P80162;OID00534;1.780.793;468.923;0.42501;FALSE;PASS;PASS;0.07955;IPC Normalized;2.0.2;NPX Signature;assay;468.923;0.42501;0.04459;-0.15459
TARGET96;Olink Target 96 Inflammation;3027;Target96;C1;MED 307-GI wk8;SAMPLE;CXCL10;P02778;OID00535;1.878.470;441.817;158.004;FALSE;PASS;PASS;0.07955;IPC Normalized;2.0.2;NPX Signature;assay;441.817;158.004;0.04459;-0.15459
TARGET96;Olink Target 96 Inflammation;3027;Target96;C1;MED 307-GI wk8;SAMPLE;4E-BP1;Q13541;OID00536;1.485.944;475.844;-0.95345;FALSE;PASS;PASS;0.07955;IPC Normalized;2.0.2;NPX Signature;assay;475.844;-0.95345;0.04459;-0.15459
TARGET96;Olink Target 96 Inflammation;3027;Target96;C1;MED 307-GI wk8;SAMPLE;IL-20;Q9NYY1;OID00537;2.069.598;-0.67821;-0.28182;TRUE;PASS;PASS;0.97727;IPC Normalized;2.0.2;NPX Signature;assay;-0.67821;-0.28182;0.04459;-0.15459
TARGET96;Olink Target 96 Inflammation;3027;Target96;C1;MED 307-GI wk8;SAMPLE;SIRT2;Q8IXJ6;OID00538;1.847.986;420.817;116.589;FALSE;PASS;PASS;0.18182;IPC Normalized;2.0.2;NPX Signature;assay;420.817;116.589;0.04459;-0.15459
TARGET96;Olink Target 96 Inflammation;3027;Target96;C1;MED 307-GI wk8;SAMPLE;CCL28;Q9NRJ3;OID00539;2.156.207;-0.71435;-0.70486;TRUE;PASS;PASS;0.85227;IPC Normalized;2.0.2;NPX Signature;assay;-0.71435;-0.70486;0.04459;-0.15459
TARGET96;Olink Target 96 Inflammation;3027;Target96;C1;MED 307-GI wk8;SAMPLE;DNER;Q8NFT8;OID01213;1.836.468;165.990;-0.30062;FALSE;PASS;PASS;0.07955;IPC Normalized;2.0.2;NPX Signature;assay;165.990;-0.30062;0.04459;-0.15459
TARGET96;Olink Target 96 Inflammation;3027;Target96;C1;MED 307-GI wk8;SAMPLE;EN-RAGE;P80511;OID00541;1.720.642;493.414;0.09630;FALSE;PASS;PASS;0.07955;IPC Normalized;2.0.2;NPX Signature;assay;493.414;0.09630;0.04459;-0.15459
TARGET96;Olink Target 96 Inflammation;3027;Target96;C1;MED 307-GI wk8;SAMPLE;CD40;P25942;OID00542;1.429.289;980.430;224.967;FALSE;PASS;PASS;0.07955;IPC Normalized;2.0.2;NPX Signature;assay;980.430;224.967;0.04459;-0.15459
TARGET96;Olink Target 96 Inflammation;3027;Target96;C1;MED 307-GI wk8;SAMPLE;IL33;O95760;OID00543;2.198.924;-0.12048;0.91606;TRUE;PASS;PASS;100.000;IPC Normalized;2.0.2;NPX Signature;assay;-0.12048;0.91606;0.04459;-0.15459
TARGET96;Olink Target 96 Inflammation;3027;Target96;C1;MED 307-GI wk8;SAMPLE;IFN-gamma;P01579;OID05547;1.892.165;659.120;305.868;FALSE;PASS;PASS;0.07955;IPC Normalized;2.0.2;NPX Signature;assay;659.120;305.868;0.04459;-0.15459
TARGET96;Olink Target 96 Inflammation;3027;Target96;C1;MED 307-GI wk8;SAMPLE;FGF-19;O95750;OID00545;2.192.075;-169.806;-0.76210;TRUE;PASS;PASS;0.67045;IPC Normalized;2.0.2;NPX Signature;assay;-169.806;-0.76210;0.04459;-0.15459
TARGET96;Olink Target 96 Inflammation;3027;Target96;C1;MED 307-GI wk8;SAMPLE;IL4;P05112;OID00546;2.357.489;-120.528;-102.563;TRUE;PASS;PASS;0.29545;IPC Normalized;2.0.2;NPX Signature;assay;-120.528;-102.563;0.04459;-0.15459
TARGET96;Olink Target 96 Inflammation;3027;Target96;C1;MED 307-GI wk8;SAMPLE;LIF;P15018;OID00547;1.913.166;0.81238;-0.79961;FALSE;PASS;PASS;0.07955;IPC Normalized;2.0.2;NPX Signature;assay;0.81238;-0.79961;0.04459;-0.15459
TARGET96;Olink Target 96 Inflammation;3027;Target96;C1;MED 307-GI wk8;SAMPLE;NRTN;Q99748;OID00548;2.168.646;-125.502;-0.41185;TRUE;PASS;PASS;0.97727;IPC Normalized;2.0.2;NPX Signature;assay;-125.502;-0.41185;0.04459;-0.15459
TARGET96;Olink Target 96 Inflammation;3027;Target96;C1;MED 307-GI wk8;SAMPLE;MCP-2;P80075;OID00549;1.782.260;602.410;127.866;FALSE;PASS;PASS;0.07955;IPC Normalized;2.0.2;NPX Signature;assay;602.410;127.866;0.04459;-0.15459
TARGET96;Olink Target 96 Inflammation;3027;Target96;C1;MED 307-GI wk8;SAMPLE;CASP-8;Q14790;OID00550;1.532.300;634.873;0.91291;FALSE;PASS;PASS;0.07955;IPC Normalized;2.0.2;NPX Signature;assay;634.873;0.91291;0.04459;-0.15459
TARGET96;Olink Target 96 Inflammation;3027;Target96;C1;MED 307-GI wk8;SAMPLE;CCL25;O15444;OID00551;2.098.646;-101.699;-0.18758;TRUE;PASS;PASS;0.98864;IPC Normalized;2.0.2;NPX Signature;assay;-101.699;-0.18758;0.04459;-0.15459
TARGET96;Olink Target 96 Inflammation;3027;Target96;C1;MED 307-GI wk8;SAMPLE;CX3CL1;P78423;OID00552;2.548.819;-205.959;-0.12333;TRUE;PASS;PASS;0.94318;IPC Normalized;2.0.2;NPX Signature;assay;-205.959;-0.12333;0.04459;-0.15459
TARGET96;Olink Target 96 Inflammation;3027;Target96;C1;MED 307-GI wk8;SAMPLE;TNFRSF9;Q07011;OID00553;1.870.381;401.291;0.83400;FALSE;PASS;PASS;0.07955;IPC Normalized;2.0.2;NPX Signature;assay;401.291;0.83400;0.04459;-0.15459
TARGET96;Olink Target 96 Inflammation;3027;Target96;C1;MED 307-GI wk8;SAMPLE;NT-3;P20783;OID00554;2.186.508;0.26118;0.74628;TRUE;PASS;PASS;0.98864;IPC Normalized;2.0.2;NPX Signature;assay;0.26118;0.74628;0.04459;-0.15459
TARGET96;Olink Target 96 Inflammation;3027;Target96;C1;MED 307-GI wk8;SAMPLE;TWEAK;O43508;OID00555;1.916.361;429.676;-182.937;FALSE;PASS;PASS;0.07955;IPC Normalized;2.0.2;NPX Signature;assay;429.676;-182.937;0.04459;-0.15459
TARGET96;Olink Target 96 Inflammation;3027;Target96;C1;MED 307-GI wk8;SAMPLE;CCL20;P78556;OID00556;1.666.541;551.084;131.645;FALSE;PASS;PASS;0.07955;IPC Normalized;2.0.2;NPX Signature;assay;551.084;131.645;0.04459;-0.15459
TARGET96;Olink Target 96 Inflammation;3027;Target96;C1;MED 307-GI wk8;SAMPLE;ST1A1;P50225;OID00557;1.608.470;685.737;125.003;FALSE;PASS;PASS;0.07955;IPC Normalized;2.0.2;NPX Signature;assay;685.737;125.003;0.04459;-0.15459
TARGET96;Olink Target 96 Inflammation;3027;Target96;C1;MED 307-GI wk8;SAMPLE;STAMBP;O95630;OID00558;1.559.435;549.767;-0.80337;FALSE;PASS;PASS;0.07955;IPC Normalized;2.0.2;NPX Signature;assay;549.767;-0.80337;0.04459;-0.15459
TARGET96;Olink Target 96 Inflammation;3027;Target96;C1;MED 307-GI wk8;SAMPLE;IL5;P05113;OID00559;2.212.591;0.57265;142.788;TRUE;PASS;PASS;0.95455;IPC Normalized;2.0.2;NPX Signature;assay;0.57265;142.788;0.04459;-0.15459
TARGET96;Olink Target 96 Inflammation;3027;Target96;C1;MED 307-GI wk8;SAMPLE;ADA;P00813;OID00560;1.412.708;752.240;-0.40830;FALSE;PASS;PASS;0.07955;IPC Normalized;2.0.2;NPX Signature;assay;752.240;-0.40830;0.04459;-0.15459
TARGET96;Olink Target 96 Inflammation;3027;Target96;C1;MED 307-GI wk8;SAMPLE;TNFB;P01374;OID00561;2.301.235;0.84066;0.56835;FALSE;PASS;PASS;0.64773;IPC Normalized;2.0.2;NPX Signature;assay;0.84066;0.56835;0.04459;-0.15459
TARGET96;Olink Target 96 Inflammation;3027;Target96;C1;MED 307-GI wk8;SAMPLE;CSF-1;P09603;OID00562;1.966.143;306.906;0.85565;FALSE;PASS;PASS;0.07955;IPC Normalized;2.0.2;NPX Signature;assay;306.906;0.85565;0.04459;-0.15459
TARGET96;Olink Target 96 Inflammation;3027;Target96;D1;MED 365-ZP wk0;SAMPLE;IL8;P10145;OID00471;1.070.054;1.385.012;166.148;FALSE;PASS;PASS;0.07955;IPC Normalized;2.0.2;NPX Signature;assay;1.385.012;166.148;-0.22042;0.22621
TARGET96;Olink Target 96 Inflammation;3027;Target96;D1;MED 365-ZP wk0;SAMPLE;VEGFA;P15692;OID00472;1.669.467;875.316;0.00696;FALSE;PASS;PASS;0.07955;IPC Normalized;2.0.2;NPX Signature;assay;875.316;0.00696;-0.22042;0.22621
TARGET96;Olink Target 96 Inflammation;3027;Target96;D1;MED 365-ZP wk0;SAMPLE;CD8A;P01732;OID05124;2.145.860;248.975;-126.143;FALSE;PASS;PASS;0.07955;IPC Normalized;2.0.2;NPX Signature;assay;248.975;-126.143;-0.22042;0.22621
TARGET96;Olink Target 96 Inflammation;3027;Target96;D1;MED 365-ZP wk0;SAMPLE;Inc Ctrl 1;NA;OID00004;1.519.526;0.30700;0.07730;FALSE;PASS;NA;0.52273;IPC Normalized;2.0.2;NPX Signature;inc_ctrl_1;0.30700;0.07730;-0.22042;0.22621
TARGET96;Olink Target 96 Inflammation;3027;Target96;D1;MED 365-ZP wk0;SAMPLE;MCP-3;P80098;OID00474;1.632.335;1.019.877;143.285;FALSE;PASS;PASS;0.07955;IPC Normalized;2.0.2;NPX Signature;assay;1.019.877;143.285;-0.22042;0.22621
TARGET96;Olink Target 96 Inflammation;3027;Target96;D1;MED 365-ZP wk0;SAMPLE;GDNF;P39905;OID00475;2.621.197;-0.01980;147.654;TRUE;PASS;PASS;0.97727;IPC Normalized;2.0.2;NPX Signature;assay;-0.01980;147.654;-0.22042;0.22621
TARGET96;Olink Target 96 Inflammation;3027;Target96;D1;MED 365-ZP wk0;SAMPLE;CDCP1;Q9H5V8;OID00476;2.497.198;0.33564;-0.58297;FALSE;PASS;PASS;0.27273;IPC Normalized;2.0.2;NPX Signature;assay;0.33564;-0.58297;-0.22042;0.22621
TARGET96;Olink Target 96 Inflammation;3027;Target96;D1;MED 365-ZP wk0;SAMPLE;CD244;Q9BZW8;OID00477;2.163.927;419.009;153.762;FALSE;PASS;PASS;0.07955;IPC Normalized;2.0.2;NPX Signature;assay;419.009;153.762;-0.22042;0.22621
TARGET96;Olink Target 96 Inflammation;3027;Target96;D1;MED 365-ZP wk0;SAMPLE;IL7;P13232;OID00478;2.389.536;-106.798;-0.70852;TRUE;PASS;PASS;0.95455;IPC Normalized;2.0.2;NPX Signature;assay;-106.798;-0.70852;-0.22042;0.22621
TARGET96;Olink Target 96 Inflammation;3027;Target96;D1;MED 365-ZP wk0;SAMPLE;OPG;O00300;OID00479;2.245.849;-0.01909;-0.81398;FALSE;PASS;PASS;0.15909;IPC Normalized;2.0.2;NPX Signature;assay;-0.01909;-0.81398;-0.22042;0.22621
TARGET96;Olink Target 96 Inflammation;3027;Target96;D1;MED 365-ZP wk0;SAMPLE;LAP TGF-beta-1;P01137;OID00480;2.095.234;352.734;-104.297;FALSE;PASS;PASS;0.07955;IPC Normalized;2.0.2;NPX Signature;assay;352.734;-104.297;-0.22042;0.22621
TARGET96;Olink Target 96 Inflammation;3027;Target96;D1;MED 365-ZP wk0;SAMPLE;uPA;P00749;OID00481;1.641.155;605.919;0.11788;FALSE;PASS;PASS;0.07955;IPC Normalized;2.0.2;NPX Signature;assay;605.919;0.11788;-0.22042;0.22621
TARGET96;Olink Target 96 Inflammation;3027;Target96;D1;MED 365-ZP wk0;SAMPLE;IL6;P05231;OID00482;1.212.971;1.220.268;131.223;FALSE;PASS;PASS;0.07955;IPC Normalized;2.0.2;NPX Signature;assay;1.220.268;131.223;-0.22042;0.22621
TARGET96;Olink Target 96 Inflammation;3027;Target96;D1;MED 365-ZP wk0;SAMPLE;IL-17C;Q9P0M4;OID00483;2.770.211;-294.304;105.079;TRUE;PASS;PASS;100.000;IPC Normalized;2.0.2;NPX Signature;assay;-294.304;105.079;-0.22042;0.22621
TARGET96;Olink Target 96 Inflammation;3027;Target96;D1;MED 365-ZP wk0;SAMPLE;MCP-1;P13500;OID00484;1.086.321;1.430.211;126.065;FALSE;PASS;PASS;0.07955;IPC Normalized;2.0.2;NPX Signature;assay;1.430.211;126.065;-0.22042;0.22621
TARGET96;Olink Target 96 Inflammation;3027;Target96;D1;MED 365-ZP wk0;SAMPLE;IL-17A;Q16552;OID00485;2.615.503;-0.51961;0.57759;TRUE;PASS;PASS;0.84091;IPC Normalized;2.0.2;NPX Signature;assay;-0.51961;0.57759;-0.22042;0.22621
TARGET96;Olink Target 96 Inflammation;3027;Target96;D1;MED 365-ZP wk0;SAMPLE;CXCL11;O14625;OID00486;2.351.135;153.602;0.12817;FALSE;PASS;PASS;0.09091;IPC Normalized;2.0.2;NPX Signature;assay;153.602;0.12817;-0.22042;0.22621
TARGET96;Olink Target 96 Inflammation;3027;Target96;D1;MED 365-ZP wk0;SAMPLE;AXIN1;O15169;OID00487;2.492.395;-120.960;-0.49354;TRUE;PASS;PASS;0.12500;IPC Normalized;2.0.2;NPX Signature;assay;-120.960;-0.49354;-0.22042;0.22621
TARGET96;Olink Target 96 Inflammation;3027;Target96;D1;MED 365-ZP wk0;SAMPLE;Ext Ctrl;NA;OID00005;1.695.218;0.00000;0.00000;FALSE;PASS;NA;0.07955;IPC Normalized;2.0.2;NPX Signature;ext_ctrl;0.00000;0.00000;-0.22042;0.22621
TARGET96;Olink Target 96 Inflammation;3027;Target96;D1;MED 365-ZP wk0;SAMPLE;TRAIL;P50591;OID00488;2.306.205;133.547;-0.15284;FALSE;PASS;PASS;0.07955;IPC Normalized;2.0.2;NPX Signature;assay;133.547;-0.15284;-0.22042;0.22621
TARGET96;Olink Target 96 Inflammation;3027;Target96;D1;MED 365-ZP wk0;SAMPLE;IL-20RA;Q9UHF4;OID00489;2.678.815;-226.740;104.704;TRUE;PASS;PASS;100.000;IPC Normalized;2.0.2;NPX Signature;assay;-226.740;104.704;-0.22042;0.22621
TARGET96;Olink Target 96 Inflammation;3027;Target96;D1;MED 365-ZP wk0;SAMPLE;CXCL9;Q07325;OID00490;2.216.922;206.591;0.66560;FALSE;PASS;PASS;0.20455;IPC Normalized;2.0.2;NPX Signature;assay;206.591;0.66560;-0.22042;0.22621
TARGET96;Olink Target 96 Inflammation;3027;Target96;D1;MED 365-ZP wk0;SAMPLE;CST5;P28325;OID00491;2.592.801;-165.718;-107.592;TRUE;PASS;PASS;0.63636;IPC Normalized;2.0.2;NPX Signature;assay;-165.718;-107.592;-0.22042;0.22621
TARGET96;Olink Target 96 Inflammation;3027;Target96;D1;MED 365-ZP wk0;SAMPLE;IL-2RB;P14784;OID00492;2.493.573;102.908;165.436;TRUE;PASS;PASS;100.000;IPC Normalized;2.0.2;NPX Signature;assay;102.908;165.436;-0.22042;0.22621
TARGET96;Olink Target 96 Inflammation;3027;Target96;D1;MED 365-ZP wk0;SAMPLE;IL-1 alpha;P01583;OID00493;1.973.698;355.670;-0.99251;FALSE;PASS;PASS;0.07955;IPC Normalized;2.0.2;NPX Signature;assay;355.670;-0.99251;-0.22042;0.22621
TARGET96;Olink Target 96 Inflammation;3027;Target96;D1;MED 365-ZP wk0;SAMPLE;OSM;P13725;OID00494;1.558.961;919.617;0.16675;FALSE;PASS;PASS;0.07955;IPC Normalized;2.0.2;NPX Signature;assay;919.617;0.16675;-0.22042;0.22621
TARGET96;Olink Target 96 Inflammation;3027;Target96;D1;MED 365-ZP wk0;SAMPLE;IL2;P60568;OID00495;2.461.594;0.59141;128.757;TRUE;PASS;PASS;0.94318;IPC Normalized;2.0.2;NPX Signature;assay;0.59141;128.757;-0.22042;0.22621
TARGET96;Olink Target 96 Inflammation;3027;Target96;D1;MED 365-ZP wk0;SAMPLE;CXCL1;P09341;OID00496;1.342.243;1.421.751;279.881;FALSE;PASS;PASS;0.07955;IPC Normalized;2.0.2;NPX Signature;assay;1.421.751;279.881;-0.22042;0.22621
TARGET96;Olink Target 96 Inflammation;3027;Target96;D1;MED 365-ZP wk0;SAMPLE;TSLP;Q969D9;OID00497;2.891.062;-142.021;0.78329;TRUE;PASS;PASS;0.81818;IPC Normalized;2.0.2;NPX Signature;assay;-142.021;0.78329;-0.22042;0.22621
TARGET96;Olink Target 96 Inflammation;3027;Target96;D1;MED 365-ZP wk0;SAMPLE;CCL4;P13236;OID00498;1.070.962;1.146.400;-0.42383;FALSE;PASS;PASS;0.07955;IPC Normalized;2.0.2;NPX Signature;assay;1.146.400;-0.42383;-0.22042;0.22621
TARGET96;Olink Target 96 Inflammation;3027;Target96;D1;MED 365-ZP wk0;SAMPLE;CD6;P30203;OID00499;2.042.218;514.847;-0.86517;FALSE;PASS;PASS;0.07955;IPC Normalized;2.0.2;NPX Signature;assay;514.847;-0.86517;-0.22042;0.22621
TARGET96;Olink Target 96 Inflammation;3027;Target96;D1;MED 365-ZP wk0;SAMPLE;SCF;P21583;OID00500;2.537.135;-101.655;0.19953;TRUE;PASS;PASS;0.96591;IPC Normalized;2.0.2;NPX Signature;assay;-101.655;0.19953;-0.22042;0.22621
TARGET96;Olink Target 96 Inflammation;3027;Target96;D1;MED 365-ZP wk0;SAMPLE;IL18;Q14116;OID00501;1.969.075;485.038;0.08663;FALSE;PASS;PASS;0.07955;IPC Normalized;2.0.2;NPX Signature;assay;485.038;0.08663;-0.22042;0.22621
TARGET96;Olink Target 96 Inflammation;3027;Target96;D1;MED 365-ZP wk0;SAMPLE;SLAMF1;Q13291;OID00502;2.641.437;-0.27134;0.76837;TRUE;PASS;PASS;0.81818;IPC Normalized;2.0.2;NPX Signature;assay;-0.27134;0.76837;-0.22042;0.22621
TARGET96;Olink Target 96 Inflammation;3027;Target96;D1;MED 365-ZP wk0;SAMPLE;TGF-alpha;P01135;OID00503;2.222.204;272.055;-171.917;FALSE;PASS;PASS;0.07955;IPC Normalized;2.0.2;NPX Signature;assay;272.055;-171.917;-0.22042;0.22621
TARGET96;Olink Target 96 Inflammation;3027;Target96;D1;MED 365-ZP wk0;SAMPLE;MCP-4;Q99616;OID00504;2.066.642;774.445;143.956;FALSE;PASS;PASS;0.07955;IPC Normalized;2.0.2;NPX Signature;assay;774.445;143.956;-0.22042;0.22621
TARGET96;Olink Target 96 Inflammation;3027;Target96;D1;MED 365-ZP wk0;SAMPLE;CCL11;P51671;OID00505;2.286.291;-0.14911;-0.40053;FALSE;PASS;PASS;0.68182;IPC Normalized;2.0.2;NPX Signature;assay;-0.14911;-0.40053;-0.22042;0.22621
TARGET96;Olink Target 96 Inflammation;3027;Target96;D1;MED 365-ZP wk0;SAMPLE;TNFSF14;O43557;OID00506;1.719.266;527.495;-0.44803;FALSE;PASS;PASS;0.07955;IPC Normalized;2.0.2;NPX Signature;assay;527.495;-0.44803;-0.22042;0.22621
TARGET96;Olink Target 96 Inflammation;3027;Target96;D1;MED 365-ZP wk0;SAMPLE;FGF-23;Q9GZV9;OID00507;2.473.418;0.33230;0.91747;TRUE;PASS;PASS;0.96591;IPC Normalized;2.0.2;NPX Signature;assay;0.33230;0.91747;-0.22042;0.22621
TARGET96;Olink Target 96 Inflammation;3027;Target96;D1;MED 365-ZP wk0;SAMPLE;IL-10RA;Q13651;OID00508;2.392.815;-0.81438;-0.70231;TRUE;PASS;PASS;0.50000;IPC Normalized;2.0.2;NPX Signature;assay;-0.81438;-0.70231;-0.22042;0.22621
TARGET96;Olink Target 96 Inflammation;3027;Target96;D1;MED 365-ZP wk0;SAMPLE;FGF-5;P12034;OID00509;2.460.692;-137.501;-0.11172;TRUE;PASS;PASS;0.98864;IPC Normalized;2.0.2;NPX Signature;assay;-137.501;-0.11172;-0.22042;0.22621
TARGET96;Olink Target 96 Inflammation;3027;Target96;D1;MED 365-ZP wk0;SAMPLE;MMP-1;P03956;OID00510;1.765.195;776.701;-0.41038;FALSE;PASS;PASS;0.07955;IPC Normalized;2.0.2;NPX Signature;assay;776.701;-0.41038;-0.22042;0.22621
TARGET96;Olink Target 96 Inflammation;3027;Target96;D1;MED 365-ZP wk0;SAMPLE;LIF-R;P42702;OID00511;2.450.151;-0.98442;0.22136;TRUE;PASS;PASS;100.000;IPC Normalized;2.0.2;NPX Signature;assay;-0.98442;0.22136;-0.22042;0.22621
TARGET96;Olink Target 96 Inflammation;3027;Target96;D1;MED 365-ZP wk0;SAMPLE;FGF-21;Q9NSA1;OID00512;1.994.160;215.410;-0.44425;FALSE;PASS;PASS;0.07955;IPC Normalized;2.0.2;NPX Signature;assay;215.410;-0.44425;-0.22042;0.22621
TARGET96;Olink Target 96 Inflammation;3027;Target96;D1;MED 365-ZP wk0;SAMPLE;CCL19;Q99731;OID00513;2.183.790;399.072;195.046;FALSE;PASS;PASS;0.07955;IPC Normalized;2.0.2;NPX Signature;assay;399.072;195.046;-0.22042;0.22621
TARGET96;Olink Target 96 Inflammation;3027;Target96;D1;MED 365-ZP wk0;SAMPLE;Inc Ctrl 2;NA;OID00006;1.813.209;-0.43623;-0.10165;TRUE;PASS;NA;0.90909;IPC Normalized;2.0.2;NPX Signature;inc_ctrl_2;-0.43623;-0.10165;-0.22042;0.22621
TARGET96;Olink Target 96 Inflammation;3027;Target96;D1;MED 365-ZP wk0;SAMPLE;Det Ctrl;NA;OID00007;1.299.649;-0.36557;0.01785;TRUE;PASS;NA;0.92045;IPC Normalized;2.0.2;NPX Signature;det_ctrl;-0.36557;0.01785;-0.22042;0.22621
TARGET96;Olink Target 96 Inflammation;3027;Target96;D1;MED 365-ZP wk0;SAMPLE;IL-15RA;Q13261;OID00514;2.562.734;-134.339;0.09772;TRUE;PASS;PASS;100.000;IPC Normalized;2.0.2;NPX Signature;assay;-134.339;0.09772;-0.22042;0.22621
TARGET96;Olink Target 96 Inflammation;3027;Target96;D1;MED 365-ZP wk0;SAMPLE;IL-10RB;Q08334;OID00515;2.470.569;-0.60082;-0.88484;FALSE;PASS;PASS;0.37500;IPC Normalized;2.0.2;NPX Signature;assay;-0.60082;-0.88484;-0.22042;0.22621
TARGET96;Olink Target 96 Inflammation;3027;Target96;D1;MED 365-ZP wk0;SAMPLE;IL-22 RA1;Q8N6P7;OID00516;2.800.073;114.801;264.114;TRUE;PASS;PASS;0.98864;IPC Normalized;2.0.2;NPX Signature;assay;114.801;264.114;-0.22042;0.22621
TARGET96;Olink Target 96 Inflammation;3027;Target96;D1;MED 365-ZP wk0;SAMPLE;IL-18R1;Q13478;OID00517;2.258.023;330.622;0.59764;FALSE;PASS;PASS;0.07955;IPC Normalized;2.0.2;NPX Signature;assay;330.622;0.59764;-0.22042;0.22621
TARGET96;Olink Target 96 Inflammation;3027;Target96;D1;MED 365-ZP wk0;SAMPLE;PD-L1;Q9NZQ7;OID00518;2.471.725;302.438;206.434;FALSE;PASS;PASS;0.13636;IPC Normalized;2.0.2;NPX Signature;assay;302.438;206.434;-0.22042;0.22621
TARGET96;Olink Target 96 Inflammation;3027;Target96;D1;MED 365-ZP wk0;SAMPLE;Beta-NGF;P01138;OID00519;1.639.535;-0.09803;-0.17729;FALSE;PASS;PASS;0.85227;IPC Normalized;2.0.2;NPX Signature;assay;-0.09803;-0.17729;-0.22042;0.22621
TARGET96;Olink Target 96 Inflammation;3027;Target96;D1;MED 365-ZP wk0;SAMPLE;CXCL5;P42830;OID00520;1.298.253;1.360.067;130.106;FALSE;PASS;PASS;0.07955;IPC Normalized;2.0.2;NPX Signature;assay;1.360.067;130.106;-0.22042;0.22621
TARGET96;Olink Target 96 Inflammation;3027;Target96;D1;MED 365-ZP wk0;SAMPLE;TRANCE;O14788;OID00521;2.440.763;150.905;-131.969;FALSE;PASS;PASS;0.11364;IPC Normalized;2.0.2;NPX Signature;assay;150.905;-131.969;-0.22042;0.22621
TARGET96;Olink Target 96 Inflammation;3027;Target96;D1;MED 365-ZP wk0;SAMPLE;HGF;P14210;OID00522;1.868.464;545.365;0.10249;FALSE;PASS;PASS;0.07955;IPC Normalized;2.0.2;NPX Signature;assay;545.365;0.10249;-0.22042;0.22621
TARGET96;Olink Target 96 Inflammation;3027;Target96;D1;MED 365-ZP wk0;SAMPLE;IL-12B;P29460;OID00523;2.539.408;-0.05465;-141.352;FALSE;PASS;PASS;0.15909;IPC Normalized;2.0.2;NPX Signature;assay;-0.05465;-141.352;-0.22042;0.22621
TARGET96;Olink Target 96 Inflammation;3027;Target96;D1;MED 365-ZP wk0;SAMPLE;IL-24;Q13007;OID00524;2.856.650;-0.91238;0.61372;TRUE;PASS;PASS;0.81818;IPC Normalized;2.0.2;NPX Signature;assay;-0.91238;0.61372;-0.22042;0.22621
TARGET96;Olink Target 96 Inflammation;3027;Target96;D1;MED 365-ZP wk0;SAMPLE;IL13;P35225;OID00525;2.506.337;-0.52602;120.432;TRUE;PASS;PASS;0.89773;IPC Normalized;2.0.2;NPX Signature;assay;-0.52602;120.432;-0.22042;0.22621
TARGET96;Olink Target 96 Inflammation;3027;Target96;D1;MED 365-ZP wk0;SAMPLE;ARTN;Q5T4W7;OID00526;2.702.224;-101.976;0.58766;TRUE;PASS;PASS;0.84091;IPC Normalized;2.0.2;NPX Signature;assay;-101.976;0.58766;-0.22042;0.22621
TARGET96;Olink Target 96 Inflammation;3027;Target96;D1;MED 365-ZP wk0;SAMPLE;MMP-10;P09238;OID00527;1.981.965;425.367;-0.27894;FALSE;PASS;PASS;0.07955;IPC Normalized;2.0.2;NPX Signature;assay;425.367;-0.27894;-0.22042;0.22621
TARGET96;Olink Target 96 Inflammation;3027;Target96;D1;MED 365-ZP wk0;SAMPLE;IL10;P22301;OID00528;2.073.486;601.929;134.323;FALSE;PASS;PASS;0.07955;IPC Normalized;2.0.2;NPX Signature;assay;601.929;134.323;-0.22042;0.22621
TARGET96;Olink Target 96 Inflammation;3027;Target96;D1;MED 365-ZP wk0;SAMPLE;TNF;P01375;OID05548;2.007.934;667.395;0.92674;FALSE;PASS;PASS;0.07955;IPC Normalized;2.0.2;NPX Signature;assay;667.395;0.92674;-0.22042;0.22621
TARGET96;Olink Target 96 Inflammation;3027;Target96;D1;MED 365-ZP wk0;SAMPLE;CCL23;P55773;OID00530;2.203.147;230.759;-0.28231;FALSE;PASS;PASS;0.07955;IPC Normalized;2.0.2;NPX Signature;assay;230.759;-0.28231;-0.22042;0.22621
TARGET96;Olink Target 96 Inflammation;3027;Target96;D1;MED 365-ZP wk0;SAMPLE;CD5;P06127;OID00531;1.637.960;712.446;-0.84352;FALSE;PASS;PASS;0.07955;IPC Normalized;2.0.2;NPX Signature;assay;712.446;-0.84352;-0.22042;0.22621
TARGET96;Olink Target 96 Inflammation;3027;Target96;D1;MED 365-ZP wk0;SAMPLE;CCL3;P10147;OID00532;1.025.824;1.311.917;-0.11401;FALSE;PASS;PASS;0.07955;IPC Normalized;2.0.2;NPX Signature;assay;1.311.917;-0.11401;-0.22042;0.22621
TARGET96;Olink Target 96 Inflammation;3027;Target96;D1;MED 365-ZP wk0;SAMPLE;Flt3L;P49771;OID00533;2.378.675;515.645;0.29529;FALSE;PASS;PASS;0.07955;IPC Normalized;2.0.2;NPX Signature;assay;515.645;0.29529;-0.22042;0.22621
TARGET96;Olink Target 96 Inflammation;3027;Target96;D1;MED 365-ZP wk0;SAMPLE;CXCL6;P80162;OID00534;1.879.975;648.255;0.42501;FALSE;PASS;PASS;0.07955;IPC Normalized;2.0.2;NPX Signature;assay;648.255;0.42501;-0.22042;0.22621
TARGET96;Olink Target 96 Inflammation;3027;Target96;D1;MED 365-ZP wk0;SAMPLE;CXCL10;P02778;OID00535;2.090.688;508.112;158.004;FALSE;PASS;PASS;0.07955;IPC Normalized;2.0.2;NPX Signature;assay;508.112;158.004;-0.22042;0.22621
TARGET96;Olink Target 96 Inflammation;3027;Target96;D1;MED 365-ZP wk0;SAMPLE;4E-BP1;Q13541;OID00536;2.095.459;144.843;-0.95345;FALSE;PASS;PASS;0.07955;IPC Normalized;2.0.2;NPX Signature;assay;144.843;-0.95345;-0.22042;0.22621
TARGET96;Olink Target 96 Inflammation;3027;Target96;D1;MED 365-ZP wk0;SAMPLE;IL-20;Q9NYY1;OID00537;2.437.901;-157.611;-0.28182;TRUE;PASS;PASS;0.97727;IPC Normalized;2.0.2;NPX Signature;assay;-157.611;-0.28182;-0.22042;0.22621
TARGET96;Olink Target 96 Inflammation;3027;Target96;D1;MED 365-ZP wk0;SAMPLE;SIRT2;Q8IXJ6;OID00538;2.310.308;237.008;116.589;FALSE;PASS;PASS;0.18182;IPC Normalized;2.0.2;NPX Signature;assay;237.008;116.589;-0.22042;0.22621
TARGET96;Olink Target 96 Inflammation;3027;Target96;D1;MED 365-ZP wk0;SAMPLE;CCL28;Q9NRJ3;OID00539;2.486.233;-122.948;-0.70486;TRUE;PASS;PASS;0.85227;IPC Normalized;2.0.2;NPX Signature;assay;-122.948;-0.70486;-0.22042;0.22621
TARGET96;Olink Target 96 Inflammation;3027;Target96;D1;MED 365-ZP wk0;SAMPLE;DNER;Q8NFT8;OID01213;2.088.815;192.156;-0.30062;FALSE;PASS;PASS;0.07955;IPC Normalized;2.0.2;NPX Signature;assay;192.156;-0.30062;-0.22042;0.22621
TARGET96;Olink Target 96 Inflammation;3027;Target96;D1;MED 365-ZP wk0;SAMPLE;EN-RAGE;P80511;OID00541;1.939.858;552.711;0.09630;FALSE;PASS;PASS;0.07955;IPC Normalized;2.0.2;NPX Signature;assay;552.711;0.09630;-0.22042;0.22621
TARGET96;Olink Target 96 Inflammation;3027;Target96;D1;MED 365-ZP wk0;SAMPLE;CD40;P25942;OID00542;1.714.719;973.514;224.967;FALSE;PASS;PASS;0.07955;IPC Normalized;2.0.2;NPX Signature;assay;973.514;224.967;-0.22042;0.22621
TARGET96;Olink Target 96 Inflammation;3027;Target96;D1;MED 365-ZP wk0;SAMPLE;IL33;O95760;OID00543;2.525.311;-0.59922;0.91606;TRUE;PASS;PASS;100.000;IPC Normalized;2.0.2;NPX Signature;assay;-0.59922;0.91606;-0.22042;0.22621
TARGET96;Olink Target 96 Inflammation;3027;Target96;D1;MED 365-ZP wk0;SAMPLE;IFN-gamma;P01579;OID05547;1.988.622;841.176;305.868;FALSE;PASS;PASS;0.07955;IPC Normalized;2.0.2;NPX Signature;assay;841.176;305.868;-0.22042;0.22621
TARGET96;Olink Target 96 Inflammation;3027;Target96;D1;MED 365-ZP wk0;SAMPLE;FGF-19;O95750;OID00545;2.392.981;-0.92198;-0.76210;TRUE;PASS;PASS;0.67045;IPC Normalized;2.0.2;NPX Signature;assay;-0.92198;-0.76210;-0.22042;0.22621
TARGET96;Olink Target 96 Inflammation;3027;Target96;D1;MED 365-ZP wk0;SAMPLE;IL4;P05112;OID00546;2.452.781;0.62694;-102.563;FALSE;PASS;PASS;0.29545;IPC Normalized;2.0.2;NPX Signature;assay;0.62694;-102.563;-0.22042;0.22621
TARGET96;Olink Target 96 Inflammation;3027;Target96;D1;MED 365-ZP wk0;SAMPLE;LIF;P15018;OID00547;2.101.070;171.847;-0.79961;FALSE;PASS;PASS;0.07955;IPC Normalized;2.0.2;NPX Signature;assay;171.847;-0.79961;-0.22042;0.22621
TARGET96;Olink Target 96 Inflammation;3027;Target96;D1;MED 365-ZP wk0;SAMPLE;NRTN;Q99748;OID00548;2.496.111;-174.454;-0.41185;TRUE;PASS;PASS;0.97727;IPC Normalized;2.0.2;NPX Signature;assay;-174.454;-0.41185;-0.22042;0.22621
TARGET96;Olink Target 96 Inflammation;3027;Target96;D1;MED 365-ZP wk0;SAMPLE;MCP-2;P80075;OID00549;1.936.128;727.055;127.866;FALSE;PASS;PASS;0.07955;IPC Normalized;2.0.2;NPX Signature;assay;727.055;127.866;-0.22042;0.22621
TARGET96;Olink Target 96 Inflammation;3027;Target96;D1;MED 365-ZP wk0;SAMPLE;CASP-8;Q14790;OID00550;1.862.705;582.981;0.91291;FALSE;PASS;PASS;0.07955;IPC Normalized;2.0.2;NPX Signature;assay;582.981;0.91291;-0.22042;0.22621
TARGET96;Olink Target 96 Inflammation;3027;Target96;D1;MED 365-ZP wk0;SAMPLE;CCL25;O15444;OID00551;2.410.769;-135.308;-0.18758;TRUE;PASS;PASS;0.98864;IPC Normalized;2.0.2;NPX Signature;assay;-135.308;-0.18758;-0.22042;0.22621
TARGET96;Olink Target 96 Inflammation;3027;Target96;D1;MED 365-ZP wk0;SAMPLE;CX3CL1;P78423;OID00552;2.778.992;-157.618;-0.12333;TRUE;PASS;PASS;0.94318;IPC Normalized;2.0.2;NPX Signature;assay;-157.618;-0.12333;-0.22042;0.22621
TARGET96;Olink Target 96 Inflammation;3027;Target96;D1;MED 365-ZP wk0;SAMPLE;TNFRSF9;Q07011;OID00553;2.289.665;260.520;0.83400;FALSE;PASS;PASS;0.07955;IPC Normalized;2.0.2;NPX Signature;assay;260.520;0.83400;-0.22042;0.22621
TARGET96;Olink Target 96 Inflammation;3027;Target96;D1;MED 365-ZP wk0;SAMPLE;NT-3;P20783;OID00554;2.543.294;-0.52155;0.74628;TRUE;PASS;PASS;0.98864;IPC Normalized;2.0.2;NPX Signature;assay;-0.52155;0.74628;-0.22042;0.22621
TARGET96;Olink Target 96 Inflammation;3027;Target96;D1;MED 365-ZP wk0;SAMPLE;TWEAK;O43508;OID00555;2.228.095;396.456;-182.937;FALSE;PASS;PASS;0.07955;IPC Normalized;2.0.2;NPX Signature;assay;396.456;-182.937;-0.22042;0.22621
TARGET96;Olink Target 96 Inflammation;3027;Target96;D1;MED 365-ZP wk0;SAMPLE;CCL20;P78556;OID00556;1.789.586;706.553;131.645;FALSE;PASS;PASS;0.07955;IPC Normalized;2.0.2;NPX Signature;assay;706.553;131.645;-0.22042;0.22621
TARGET96;Olink Target 96 Inflammation;3027;Target96;D1;MED 365-ZP wk0;SAMPLE;ST1A1;P50225;OID00557;1.929.767;642.953;125.003;FALSE;PASS;PASS;0.07955;IPC Normalized;2.0.2;NPX Signature;assay;642.953;125.003;-0.22042;0.22621
TARGET96;Olink Target 96 Inflammation;3027;Target96;D1;MED 365-ZP wk0;SAMPLE;STAMBP;O95630;OID00558;2.097.835;289.881;-0.80337;FALSE;PASS;PASS;0.07955;IPC Normalized;2.0.2;NPX Signature;assay;289.881;-0.80337;-0.22042;0.22621
TARGET96;Olink Target 96 Inflammation;3027;Target96;D1;MED 365-ZP wk0;SAMPLE;IL5;P05113;OID00559;2.529.843;0.18527;142.788;TRUE;PASS;PASS;0.95455;IPC Normalized;2.0.2;NPX Signature;assay;0.18527;142.788;-0.22042;0.22621
TARGET96;Olink Target 96 Inflammation;3027;Target96;D1;MED 365-ZP wk0;SAMPLE;ADA;P00813;OID00560;2.011.371;432.090;-0.40830;FALSE;PASS;PASS;0.07955;IPC Normalized;2.0.2;NPX Signature;assay;432.090;-0.40830;-0.22042;0.22621
TARGET96;Olink Target 96 Inflammation;3027;Target96;D1;MED 365-ZP wk0;SAMPLE;TNFB;P01374;OID00561;2.766.604;-102.789;0.56835;TRUE;PASS;PASS;0.64773;IPC Normalized;2.0.2;NPX Signature;assay;-102.789;0.56835;-0.22042;0.22621
TARGET96;Olink Target 96 Inflammation;3027;Target96;D1;MED 365-ZP wk0;SAMPLE;CSF-1;P09603;OID00562;2.189.797;361.766;0.85565;FALSE;PASS;PASS;0.07955;IPC Normalized;2.0.2;NPX Signature;assay;361.766;0.85565;-0.22042;0.22621
TARGET96;Olink Target 96 Inflammation;3027;Target96;E1;LPS 458-RT wk22;SAMPLE;IL8;P10145;OID00471;1.128.660;1.296.350;166.148;FALSE;PASS;PASS;0.07955;IPC Normalized;2.0.2;NPX Signature;assay;1.296.350;166.148;-0.09359;0.22444
TARGET96;Olink Target 96 Inflammation;3027;Target96;E1;LPS 458-RT wk22;SAMPLE;VEGFA;P15692;OID00472;1.829.167;685.559;0.00696;FALSE;PASS;PASS;0.07955;IPC Normalized;2.0.2;NPX Signature;assay;685.559;0.00696;-0.09359;0.22444
TARGET96;Olink Target 96 Inflammation;3027;Target96;E1;LPS 458-RT wk22;SAMPLE;CD8A;P01732;OID05124;2.203.151;161.627;-126.143;FALSE;PASS;PASS;0.07955;IPC Normalized;2.0.2;NPX Signature;assay;161.627;-126.143;-0.09359;0.22444
TARGET96;Olink Target 96 Inflammation;3027;Target96;E1;LPS 458-RT wk22;SAMPLE;Inc Ctrl 1;NA;OID00004;1.489.647;0.30523;0.07730;FALSE;PASS;NA;0.52273;IPC Normalized;2.0.2;NPX Signature;inc_ctrl_1;0.30523;0.07730;-0.09359;0.22444
TARGET96;Olink Target 96 Inflammation;3027;Target96;E1;LPS 458-RT wk22;SAMPLE;MCP-3;P80098;OID00474;1.678.403;943.752;143.285;FALSE;PASS;PASS;0.07955;IPC Normalized;2.0.2;NPX Signature;assay;943.752;143.285;-0.09359;0.22444
TARGET96;Olink Target 96 Inflammation;3027;Target96;E1;LPS 458-RT wk22;SAMPLE;GDNF;P39905;OID00475;2.518.020;0.71140;147.654;TRUE;PASS;PASS;0.97727;IPC Normalized;2.0.2;NPX Signature;assay;0.71140;147.654;-0.09359;0.22444
TARGET96;Olink Target 96 Inflammation;3027;Target96;E1;LPS 458-RT wk22;SAMPLE;CDCP1;Q9H5V8;OID00476;2.506.493;-0.05787;-0.58297;FALSE;PASS;PASS;0.27273;IPC Normalized;2.0.2;NPX Signature;assay;-0.05787;-0.58297;-0.09359;0.22444
TARGET96;Olink Target 96 Inflammation;3027;Target96;E1;LPS 458-RT wk22;SAMPLE;CD244;Q9BZW8;OID00477;1.969.937;582.943;153.762;FALSE;PASS;PASS;0.07955;IPC Normalized;2.0.2;NPX Signature;assay;582.943;153.762;-0.09359;0.22444
TARGET96;Olink Target 96 Inflammation;3027;Target96;E1;LPS 458-RT wk22;SAMPLE;IL7;P13232;OID00478;2.339.181;-0.86499;-0.70852;TRUE;PASS;PASS;0.95455;IPC Normalized;2.0.2;NPX Signature;assay;-0.86499;-0.70852;-0.09359;0.22444
TARGET96;Olink Target 96 Inflammation;3027;Target96;E1;LPS 458-RT wk22;SAMPLE;OPG;O00300;OID00479;1.812.765;401.119;-0.81398;FALSE;PASS;PASS;0.15909;IPC Normalized;2.0.2;NPX Signature;assay;401.119;-0.81398;-0.09359;0.22444
TARGET96;Olink Target 96 Inflammation;3027;Target96;E1;LPS 458-RT wk22;SAMPLE;LAP TGF-beta-1;P01137;OID00480;1.961.571;456.341;-104.297;FALSE;PASS;PASS;0.07955;IPC Normalized;2.0.2;NPX Signature;assay;456.341;-104.297;-0.09359;0.22444
TARGET96;Olink Target 96 Inflammation;3027;Target96;E1;LPS 458-RT wk22;SAMPLE;uPA;P00749;OID00481;1.486.375;730.642;0.11788;FALSE;PASS;PASS;0.07955;IPC Normalized;2.0.2;NPX Signature;assay;730.642;0.11788;-0.09359;0.22444
TARGET96;Olink Target 96 Inflammation;3027;Target96;E1;LPS 458-RT wk22;SAMPLE;IL6;P05231;OID00482;1.143.967;1.259.216;131.223;FALSE;PASS;PASS;0.07955;IPC Normalized;2.0.2;NPX Signature;assay;1.259.216;131.223;-0.09359;0.22444
TARGET96;Olink Target 96 Inflammation;3027;Target96;E1;LPS 458-RT wk22;SAMPLE;IL-17C;Q9P0M4;OID00483;2.440.638;0.05212;105.079;TRUE;PASS;PASS;100.000;IPC Normalized;2.0.2;NPX Signature;assay;0.05212;105.079;-0.09359;0.22444
TARGET96;Olink Target 96 Inflammation;3027;Target96;E1;LPS 458-RT wk22;SAMPLE;MCP-1;P13500;OID00484;1.062.235;1.424.240;126.065;FALSE;PASS;PASS;0.07955;IPC Normalized;2.0.2;NPX Signature;assay;1.424.240;126.065;-0.09359;0.22444
TARGET96;Olink Target 96 Inflammation;3027;Target96;E1;LPS 458-RT wk22;SAMPLE;IL-17A;Q16552;OID00485;2.580.862;-0.47376;0.57759;TRUE;PASS;PASS;0.84091;IPC Normalized;2.0.2;NPX Signature;assay;-0.47376;0.57759;-0.09359;0.22444
TARGET96;Olink Target 96 Inflammation;3027;Target96;E1;LPS 458-RT wk22;SAMPLE;CXCL11;O14625;OID00486;1.766.088;708.593;0.12817;FALSE;PASS;PASS;0.09091;IPC Normalized;2.0.2;NPX Signature;assay;708.593;0.12817;-0.09359;0.22444
TARGET96;Olink Target 96 Inflammation;3027;Target96;E1;LPS 458-RT wk22;SAMPLE;AXIN1;O15169;OID00487;2.248.437;0.92942;-0.49354;FALSE;PASS;PASS;0.12500;IPC Normalized;2.0.2;NPX Signature;assay;0.92942;-0.49354;-0.09359;0.22444
TARGET96;Olink Target 96 Inflammation;3027;Target96;E1;LPS 458-RT wk22;SAMPLE;Ext Ctrl;NA;OID00005;1.665.162;0.00000;0.00000;FALSE;PASS;NA;0.07955;IPC Normalized;2.0.2;NPX Signature;ext_ctrl;0.00000;0.00000;-0.09359;0.22444
TARGET96;Olink Target 96 Inflammation;3027;Target96;E1;LPS 458-RT wk22;SAMPLE;TRAIL;P50591;OID00488;2.085.204;324.492;-0.15284;FALSE;PASS;PASS;0.07955;IPC Normalized;2.0.2;NPX Signature;assay;324.492;-0.15284;-0.09359;0.22444
TARGET96;Olink Target 96 Inflammation;3027;Target96;E1;LPS 458-RT wk22;SAMPLE;IL-20RA;Q9UHF4;OID00489;2.511.369;-0.89350;104.704;TRUE;PASS;PASS;100.000;IPC Normalized;2.0.2;NPX Signature;assay;-0.89350;104.704;-0.09359;0.22444
TARGET96;Olink Target 96 Inflammation;3027;Target96;E1;LPS 458-RT wk22;SAMPLE;CXCL9;Q07325;OID00490;1.643.511;749.946;0.66560;FALSE;PASS;PASS;0.20455;IPC Normalized;2.0.2;NPX Signature;assay;749.946;0.66560;-0.09359;0.22444
TARGET96;Olink Target 96 Inflammation;3027;Target96;E1;LPS 458-RT wk22;SAMPLE;CST5;P28325;OID00491;2.419.131;-0.22104;-107.592;FALSE;PASS;PASS;0.63636;IPC Normalized;2.0.2;NPX Signature;assay;-0.22104;-107.592;-0.09359;0.22444
TARGET96;Olink Target 96 Inflammation;3027;Target96;E1;LPS 458-RT wk22;SAMPLE;IL-2RB;P14784;OID00492;2.451.422;115.004;165.436;TRUE;PASS;PASS;100.000;IPC Normalized;2.0.2;NPX Signature;assay;115.004;165.436;-0.09359;0.22444
TARGET96;Olink Target 96 Inflammation;3027;Target96;E1;LPS 458-RT wk22;SAMPLE;IL-1 alpha;P01583;OID00493;1.149.769;1.149.544;-0.99251;FALSE;PASS;PASS;0.07955;IPC Normalized;2.0.2;NPX Signature;assay;1.149.544;-0.99251;-0.09359;0.22444
TARGET96;Olink Target 96 Inflammation;3027;Target96;E1;LPS 458-RT wk22;SAMPLE;OSM;P13725;OID00494;1.427.911;1.020.611;0.16675;FALSE;PASS;PASS;0.07955;IPC Normalized;2.0.2;NPX Signature;assay;1.020.611;0.16675;-0.09359;0.22444
TARGET96;Olink Target 96 Inflammation;3027;Target96;E1;LPS 458-RT wk22;SAMPLE;IL2;P60568;OID00495;2.457.427;0.33253;128.757;TRUE;PASS;PASS;0.94318;IPC Normalized;2.0.2;NPX Signature;assay;0.33253;128.757;-0.09359;0.22444
TARGET96;Olink Target 96 Inflammation;3027;Target96;E1;LPS 458-RT wk22;SAMPLE;CXCL1;P09341;OID00496;1.351.132;1.382.806;279.881;FALSE;PASS;PASS;0.07955;IPC Normalized;2.0.2;NPX Signature;assay;1.382.806;279.881;-0.09359;0.22444
TARGET96;Olink Target 96 Inflammation;3027;Target96;E1;LPS 458-RT wk22;SAMPLE;TSLP;Q969D9;OID00497;2.673.034;0.45951;0.78329;TRUE;PASS;PASS;0.81818;IPC Normalized;2.0.2;NPX Signature;assay;0.45951;0.78329;-0.09359;0.22444
TARGET96;Olink Target 96 Inflammation;3027;Target96;E1;LPS 458-RT wk22;SAMPLE;CCL4;P13236;OID00498;935.859;1.251.447;-0.42383;FALSE;PASS;PASS;0.07955;IPC Normalized;2.0.2;NPX Signature;assay;1.251.447;-0.42383;-0.09359;0.22444
TARGET96;Olink Target 96 Inflammation;3027;Target96;E1;LPS 458-RT wk22;SAMPLE;CD6;P30203;OID00499;2.069.916;457.094;-0.86517;FALSE;PASS;PASS;0.07955;IPC Normalized;2.0.2;NPX Signature;assay;457.094;-0.86517;-0.09359;0.22444
TARGET96;Olink Target 96 Inflammation;3027;Target96;E1;LPS 458-RT wk22;SAMPLE;SCF;P21583;OID00500;2.453.887;-0.48464;0.19953;TRUE;PASS;PASS;0.96591;IPC Normalized;2.0.2;NPX Signature;assay;-0.48464;0.19953;-0.09359;0.22444
TARGET96;Olink Target 96 Inflammation;3027;Target96;E1;LPS 458-RT wk22;SAMPLE;IL18;Q14116;OID00501;1.491.172;932.885;0.08663;FALSE;PASS;PASS;0.07955;IPC Normalized;2.0.2;NPX Signature;assay;932.885;0.08663;-0.09359;0.22444
TARGET96;Olink Target 96 Inflammation;3027;Target96;E1;LPS 458-RT wk22;SAMPLE;SLAMF1;Q13291;OID00502;2.427.441;156.805;0.76837;FALSE;PASS;PASS;0.81818;IPC Normalized;2.0.2;NPX Signature;assay;156.805;0.76837;-0.09359;0.22444
TARGET96;Olink Target 96 Inflammation;3027;Target96;E1;LPS 458-RT wk22;SAMPLE;TGF-alpha;P01135;OID00503;2.099.555;364.648;-171.917;FALSE;PASS;PASS;0.07955;IPC Normalized;2.0.2;NPX Signature;assay;364.648;-171.917;-0.09359;0.22444
TARGET96;Olink Target 96 Inflammation;3027;Target96;E1;LPS 458-RT wk22;SAMPLE;MCP-4;Q99616;OID00504;1.885.810;925.220;143.956;FALSE;PASS;PASS;0.07955;IPC Normalized;2.0.2;NPX Signature;assay;925.220;143.956;-0.09359;0.22444
TARGET96;Olink Target 96 Inflammation;3027;Target96;E1;LPS 458-RT wk22;SAMPLE;CCL11;P51671;OID00505;2.238.804;0.02520;-0.40053;FALSE;PASS;PASS;0.68182;IPC Normalized;2.0.2;NPX Signature;assay;0.02520;-0.40053;-0.09359;0.22444
TARGET96;Olink Target 96 Inflammation;3027;Target96;E1;LPS 458-RT wk22;SAMPLE;TNFSF14;O43557;OID00506;1.582.850;633.855;-0.44803;FALSE;PASS;PASS;0.07955;IPC Normalized;2.0.2;NPX Signature;assay;633.855;-0.44803;-0.09359;0.22444
TARGET96;Olink Target 96 Inflammation;3027;Target96;E1;LPS 458-RT wk22;SAMPLE;FGF-23;Q9GZV9;OID00507;2.478.410;-0.01819;0.91747;TRUE;PASS;PASS;0.96591;IPC Normalized;2.0.2;NPX Signature;assay;-0.01819;0.91747;-0.09359;0.22444
TARGET96;Olink Target 96 Inflammation;3027;Target96;E1;LPS 458-RT wk22;SAMPLE;IL-10RA;Q13651;OID00508;2.205.963;0.75359;-0.70231;FALSE;PASS;PASS;0.50000;IPC Normalized;2.0.2;NPX Signature;assay;0.75359;-0.70231;-0.09359;0.22444
TARGET96;Olink Target 96 Inflammation;3027;Target96;E1;LPS 458-RT wk22;SAMPLE;FGF-5;P12034;OID00509;2.373.780;-0.80645;-0.11172;TRUE;PASS;PASS;0.98864;IPC Normalized;2.0.2;NPX Signature;assay;-0.80645;-0.11172;-0.09359;0.22444
TARGET96;Olink Target 96 Inflammation;3027;Target96;E1;LPS 458-RT wk22;SAMPLE;MMP-1;P03956;OID00510;1.439.677;1.072.164;-0.41038;FALSE;PASS;PASS;0.07955;IPC Normalized;2.0.2;NPX Signature;assay;1.072.164;-0.41038;-0.09359;0.22444
TARGET96;Olink Target 96 Inflammation;3027;Target96;E1;LPS 458-RT wk22;SAMPLE;LIF-R;P42702;OID00511;2.451.955;-130.301;0.22136;TRUE;PASS;PASS;100.000;IPC Normalized;2.0.2;NPX Signature;assay;-130.301;0.22136;-0.09359;0.22444
TARGET96;Olink Target 96 Inflammation;3027;Target96;E1;LPS 458-RT wk22;SAMPLE;FGF-21;Q9NSA1;OID00512;1.927.810;251.704;-0.44425;FALSE;PASS;PASS;0.07955;IPC Normalized;2.0.2;NPX Signature;assay;251.704;-0.44425;-0.09359;0.22444
TARGET96;Olink Target 96 Inflammation;3027;Target96;E1;LPS 458-RT wk22;SAMPLE;CCL19;Q99731;OID00513;2.066.775;486.031;195.046;FALSE;PASS;PASS;0.07955;IPC Normalized;2.0.2;NPX Signature;assay;486.031;195.046;-0.09359;0.22444
TARGET96;Olink Target 96 Inflammation;3027;Target96;E1;LPS 458-RT wk22;SAMPLE;Inc Ctrl 2;NA;OID00006;1.796.941;-0.57411;-0.10165;TRUE;PASS;NA;0.90909;IPC Normalized;2.0.2;NPX Signature;inc_ctrl_2;-0.57411;-0.10165;-0.09359;0.22444
TARGET96;Olink Target 96 Inflammation;3027;Target96;E1;LPS 458-RT wk22;SAMPLE;Det Ctrl;NA;OID00007;1.256.910;-0.23873;0.01785;TRUE;PASS;NA;0.92045;IPC Normalized;2.0.2;NPX Signature;det_ctrl;-0.23873;0.01785;-0.09359;0.22444
TARGET96;Olink Target 96 Inflammation;3027;Target96;E1;LPS 458-RT wk22;SAMPLE;IL-15RA;Q13261;OID00514;2.496.347;-0.98008;0.09772;TRUE;PASS;PASS;100.000;IPC Normalized;2.0.2;NPX Signature;assay;-0.98008;0.09772;-0.09359;0.22444
TARGET96;Olink Target 96 Inflammation;3027;Target96;E1;LPS 458-RT wk22;SAMPLE;IL-10RB;Q08334;OID00515;2.379.920;0.00511;-0.88484;FALSE;PASS;PASS;0.37500;IPC Normalized;2.0.2;NPX Signature;assay;0.00511;-0.88484;-0.09359;0.22444
TARGET96;Olink Target 96 Inflammation;3027;Target96;E1;LPS 458-RT wk22;SAMPLE;IL-22 RA1;Q8N6P7;OID00516;2.832.840;0.51977;264.114;TRUE;PASS;PASS;0.98864;IPC Normalized;2.0.2;NPX Signature;assay;0.51977;264.114;-0.09359;0.22444
TARGET96;Olink Target 96 Inflammation;3027;Target96;E1;LPS 458-RT wk22;SAMPLE;IL-18R1;Q13478;OID00517;2.175.954;382.634;0.59764;FALSE;PASS;PASS;0.07955;IPC Normalized;2.0.2;NPX Signature;assay;382.634;0.59764;-0.09359;0.22444
TARGET96;Olink Target 96 Inflammation;3027;Target96;E1;LPS 458-RT wk22;SAMPLE;PD-L1;Q9NZQ7;OID00518;2.232.466;511.641;206.434;FALSE;PASS;PASS;0.13636;IPC Normalized;2.0.2;NPX Signature;assay;511.641;206.434;-0.09359;0.22444
TARGET96;Olink Target 96 Inflammation;3027;Target96;E1;LPS 458-RT wk22;SAMPLE;Beta-NGF;P01138;OID00519;1.608.825;-0.09149;-0.17729;FALSE;PASS;PASS;0.85227;IPC Normalized;2.0.2;NPX Signature;assay;-0.09149;-0.17729;-0.09359;0.22444
TARGET96;Olink Target 96 Inflammation;3027;Target96;E1;LPS 458-RT wk22;SAMPLE;CXCL5;P42830;OID00520;1.286.246;1.342.018;130.106;FALSE;PASS;PASS;0.07955;IPC Normalized;2.0.2;NPX Signature;assay;1.342.018;130.106;-0.09359;0.22444
TARGET96;Olink Target 96 Inflammation;3027;Target96;E1;LPS 458-RT wk22;SAMPLE;TRANCE;O14788;OID00521;2.251.999;309.612;-131.969;FALSE;PASS;PASS;0.11364;IPC Normalized;2.0.2;NPX Signature;assay;309.612;-131.969;-0.09359;0.22444
TARGET96;Olink Target 96 Inflammation;3027;Target96;E1;LPS 458-RT wk22;SAMPLE;HGF;P14210;OID00522;1.744.811;638.963;0.10249;FALSE;PASS;PASS;0.07955;IPC Normalized;2.0.2;NPX Signature;assay;638.963;0.10249;-0.09359;0.22444
TARGET96;Olink Target 96 Inflammation;3027;Target96;E1;LPS 458-RT wk22;SAMPLE;IL-12B;P29460;OID00523;2.024.050;479.836;-141.352;FALSE;PASS;PASS;0.15909;IPC Normalized;2.0.2;NPX Signature;assay;479.836;-141.352;-0.09359;0.22444
TARGET96;Olink Target 96 Inflammation;3027;Target96;E1;LPS 458-RT wk22;SAMPLE;IL-24;Q13007;OID00524;2.662.066;0.73290;0.61372;FALSE;PASS;PASS;0.81818;IPC Normalized;2.0.2;NPX Signature;assay;0.73290;0.61372;-0.09359;0.22444
TARGET96;Olink Target 96 Inflammation;3027;Target96;E1;LPS 458-RT wk22;SAMPLE;IL13;P35225;OID00525;2.371.568;0.52110;120.432;TRUE;PASS;PASS;0.89773;IPC Normalized;2.0.2;NPX Signature;assay;0.52110;120.432;-0.09359;0.22444
TARGET96;Olink Target 96 Inflammation;3027;Target96;E1;LPS 458-RT wk22;SAMPLE;ARTN;Q5T4W7;OID00526;2.589.271;-0.19079;0.58766;TRUE;PASS;PASS;0.84091;IPC Normalized;2.0.2;NPX Signature;assay;-0.19079;0.58766;-0.09359;0.22444
TARGET96;Olink Target 96 Inflammation;3027;Target96;E1;LPS 458-RT wk22;SAMPLE;MMP-10;P09238;OID00527;1.561.300;815.976;-0.27894;FALSE;PASS;PASS;0.07955;IPC Normalized;2.0.2;NPX Signature;assay;815.976;-0.27894;-0.09359;0.22444
TARGET96;Olink Target 96 Inflammation;3027;Target96;E1;LPS 458-RT wk22;SAMPLE;IL10;P22301;OID00528;1.580.326;1.065.033;134.323;FALSE;PASS;PASS;0.07955;IPC Normalized;2.0.2;NPX Signature;assay;1.065.033;134.323;-0.09359;0.22444
TARGET96;Olink Target 96 Inflammation;3027;Target96;E1;LPS 458-RT wk22;SAMPLE;TNF;P01375;OID05548;1.061.019;1.584.254;0.92674;FALSE;PASS;PASS;0.07955;IPC Normalized;2.0.2;NPX Signature;assay;1.584.254;0.92674;-0.09359;0.22444
TARGET96;Olink Target 96 Inflammation;3027;Target96;E1;LPS 458-RT wk22;SAMPLE;CCL23;P55773;OID00530;1.808.834;595.016;-0.28231;FALSE;PASS;PASS;0.07955;IPC Normalized;2.0.2;NPX Signature;assay;595.016;-0.28231;-0.09359;0.22444
TARGET96;Olink Target 96 Inflammation;3027;Target96;E1;LPS 458-RT wk22;SAMPLE;CD5;P06127;OID00531;1.637.533;682.817;-0.84352;FALSE;PASS;PASS;0.07955;IPC Normalized;2.0.2;NPX Signature;assay;682.817;-0.84352;-0.09359;0.22444
TARGET96;Olink Target 96 Inflammation;3027;Target96;E1;LPS 458-RT wk22;SAMPLE;CCL3;P10147;OID00532;1.020.284;1.287.400;-0.11401;FALSE;PASS;PASS;0.07955;IPC Normalized;2.0.2;NPX Signature;assay;1.287.400;-0.11401;-0.09359;0.22444
TARGET96;Olink Target 96 Inflammation;3027;Target96;E1;LPS 458-RT wk22;SAMPLE;Flt3L;P49771;OID00533;2.282.488;581.775;0.29529;FALSE;PASS;PASS;0.07955;IPC Normalized;2.0.2;NPX Signature;assay;581.775;0.29529;-0.09359;0.22444
TARGET96;Olink Target 96 Inflammation;3027;Target96;E1;LPS 458-RT wk22;SAMPLE;CXCL6;P80162;OID00534;1.867.928;630.246;0.42501;FALSE;PASS;PASS;0.07955;IPC Normalized;2.0.2;NPX Signature;assay;630.246;0.42501;-0.09359;0.22444
TARGET96;Olink Target 96 Inflammation;3027;Target96;E1;LPS 458-RT wk22;SAMPLE;CXCL10;P02778;OID00535;1.425.221;1.143.524;158.004;FALSE;PASS;PASS;0.07955;IPC Normalized;2.0.2;NPX Signature;assay;1.143.524;158.004;-0.09359;0.22444
TARGET96;Olink Target 96 Inflammation;3027;Target96;E1;LPS 458-RT wk22;SAMPLE;4E-BP1;Q13541;OID00536;1.642.155;568.091;-0.95345;FALSE;PASS;PASS;0.07955;IPC Normalized;2.0.2;NPX Signature;assay;568.091;-0.95345;-0.09359;0.22444
TARGET96;Olink Target 96 Inflammation;3027;Target96;E1;LPS 458-RT wk22;SAMPLE;IL-20;Q9NYY1;OID00537;2.270.205;-0.19971;-0.28182;FALSE;PASS;PASS;0.97727;IPC Normalized;2.0.2;NPX Signature;assay;-0.19971;-0.28182;-0.09359;0.22444
TARGET96;Olink Target 96 Inflammation;3027;Target96;E1;LPS 458-RT wk22;SAMPLE;SIRT2;Q8IXJ6;OID00538;2.014.382;502.878;116.589;FALSE;PASS;PASS;0.18182;IPC Normalized;2.0.2;NPX Signature;assay;502.878;116.589;-0.09359;0.22444
TARGET96;Olink Target 96 Inflammation;3027;Target96;E1;LPS 458-RT wk22;SAMPLE;CCL28;Q9NRJ3;OID00539;2.450.411;-117.182;-0.70486;TRUE;PASS;PASS;0.85227;IPC Normalized;2.0.2;NPX Signature;assay;-117.182;-0.70486;-0.09359;0.22444
TARGET96;Olink Target 96 Inflammation;3027;Target96;E1;LPS 458-RT wk22;SAMPLE;DNER;Q8NFT8;OID01213;2.061.258;189.658;-0.30062;FALSE;PASS;PASS;0.07955;IPC Normalized;2.0.2;NPX Signature;assay;189.658;-0.30062;-0.09359;0.22444
TARGET96;Olink Target 96 Inflammation;3027;Target96;E1;LPS 458-RT wk22;SAMPLE;EN-RAGE;P80511;OID00541;1.751.760;710.754;0.09630;FALSE;PASS;PASS;0.07955;IPC Normalized;2.0.2;NPX Signature;assay;710.754;0.09630;-0.09359;0.22444
TARGET96;Olink Target 96 Inflammation;3027;Target96;E1;LPS 458-RT wk22;SAMPLE;CD40;P25942;OID00542;1.594.452;1.063.724;224.967;FALSE;PASS;PASS;0.07955;IPC Normalized;2.0.2;NPX Signature;assay;1.063.724;224.967;-0.09359;0.22444
TARGET96;Olink Target 96 Inflammation;3027;Target96;E1;LPS 458-RT wk22;SAMPLE;IL33;O95760;OID00543;2.445.866;-0.10533;0.91606;TRUE;PASS;PASS;100.000;IPC Normalized;2.0.2;NPX Signature;assay;-0.10533;0.91606;-0.09359;0.22444
TARGET96;Olink Target 96 Inflammation;3027;Target96;E1;LPS 458-RT wk22;SAMPLE;IFN-gamma;P01579;OID05547;1.097.967;1.701.775;305.868;FALSE;PASS;PASS;0.07955;IPC Normalized;2.0.2;NPX Signature;assay;1.701.775;305.868;-0.09359;0.22444
TARGET96;Olink Target 96 Inflammation;3027;Target96;E1;LPS 458-RT wk22;SAMPLE;FGF-19;O95750;OID00545;2.392.738;-122.011;-0.76210;TRUE;PASS;PASS;0.67045;IPC Normalized;2.0.2;NPX Signature;assay;-122.011;-0.76210;-0.09359;0.22444
TARGET96;Olink Target 96 Inflammation;3027;Target96;E1;LPS 458-RT wk22;SAMPLE;IL4;P05112;OID00546;2.410.269;0.75150;-102.563;FALSE;PASS;PASS;0.29545;IPC Normalized;2.0.2;NPX Signature;assay;0.75150;-102.563;-0.09359;0.22444
TARGET96;Olink Target 96 Inflammation;3027;Target96;E1;LPS 458-RT wk22;SAMPLE;LIF;P15018;OID00547;1.809.547;433.314;-0.79961;FALSE;PASS;PASS;0.07955;IPC Normalized;2.0.2;NPX Signature;assay;433.314;-0.79961;-0.09359;0.22444
TARGET96;Olink Target 96 Inflammation;3027;Target96;E1;LPS 458-RT wk22;SAMPLE;NRTN;Q99748;OID00548;2.326.002;-0.34401;-0.41185;FALSE;PASS;PASS;0.97727;IPC Normalized;2.0.2;NPX Signature;assay;-0.34401;-0.41185;-0.09359;0.22444
TARGET96;Olink Target 96 Inflammation;3027;Target96;E1;LPS 458-RT wk22;SAMPLE;MCP-2;P80075;OID00549;1.551.887;1.081.240;127.866;FALSE;PASS;PASS;0.07955;IPC Normalized;2.0.2;NPX Signature;assay;1.081.240;127.866;-0.09359;0.22444
TARGET96;Olink Target 96 Inflammation;3027;Target96;E1;LPS 458-RT wk22;SAMPLE;CASP-8;Q14790;OID00550;1.608.974;806.656;0.91291;FALSE;PASS;PASS;0.07955;IPC Normalized;2.0.2;NPX Signature;assay;806.656;0.91291;-0.09359;0.22444
TARGET96;Olink Target 96 Inflammation;3027;Target96;E1;LPS 458-RT wk22;SAMPLE;CCL25;O15444;OID00551;2.373.920;-128.515;-0.18758;TRUE;PASS;PASS;0.98864;IPC Normalized;2.0.2;NPX Signature;assay;-128.515;-0.18758;-0.09359;0.22444
TARGET96;Olink Target 96 Inflammation;3027;Target96;E1;LPS 458-RT wk22;SAMPLE;CX3CL1;P78423;OID00552;2.661.479;-0.70162;-0.12333;TRUE;PASS;PASS;0.94318;IPC Normalized;2.0.2;NPX Signature;assay;-0.70162;-0.12333;-0.09359;0.22444
TARGET96;Olink Target 96 Inflammation;3027;Target96;E1;LPS 458-RT wk22;SAMPLE;TNFRSF9;Q07011;OID00553;1.989.442;530.687;0.83400;FALSE;PASS;PASS;0.07955;IPC Normalized;2.0.2;NPX Signature;assay;530.687;0.83400;-0.09359;0.22444
TARGET96;Olink Target 96 Inflammation;3027;Target96;E1;LPS 458-RT wk22;SAMPLE;NT-3;P20783;OID00554;2.472.984;-0.11900;0.74628;TRUE;PASS;PASS;0.98864;IPC Normalized;2.0.2;NPX Signature;assay;-0.11900;0.74628;-0.09359;0.22444
TARGET96;Olink Target 96 Inflammation;3027;Target96;E1;LPS 458-RT wk22;SAMPLE;TWEAK;O43508;OID00555;2.099.712;494.783;-182.937;FALSE;PASS;PASS;0.07955;IPC Normalized;2.0.2;NPX Signature;assay;494.783;-182.937;-0.09359;0.22444
TARGET96;Olink Target 96 Inflammation;3027;Target96;E1;LPS 458-RT wk22;SAMPLE;CCL20;P78556;OID00556;1.267.353;1.198.730;131.645;FALSE;PASS;PASS;0.07955;IPC Normalized;2.0.2;NPX Signature;assay;1.198.730;131.645;-0.09359;0.22444
TARGET96;Olink Target 96 Inflammation;3027;Target96;E1;LPS 458-RT wk22;SAMPLE;ST1A1;P50225;OID00557;1.700.722;841.942;125.003;FALSE;PASS;PASS;0.07955;IPC Normalized;2.0.2;NPX Signature;assay;841.942;125.003;-0.09359;0.22444
TARGET96;Olink Target 96 Inflammation;3027;Target96;E1;LPS 458-RT wk22;SAMPLE;STAMBP;O95630;OID00558;1.855.755;501.905;-0.80337;FALSE;PASS;PASS;0.07955;IPC Normalized;2.0.2;NPX Signature;assay;501.905;-0.80337;-0.09359;0.22444
TARGET96;Olink Target 96 Inflammation;3027;Target96;E1;LPS 458-RT wk22;SAMPLE;IL5;P05113;OID00559;2.500.944;0.17370;142.788;TRUE;PASS;PASS;0.95455;IPC Normalized;2.0.2;NPX Signature;assay;0.17370;142.788;-0.09359;0.22444
TARGET96;Olink Target 96 Inflammation;3027;Target96;E1;LPS 458-RT wk22;SAMPLE;ADA;P00813;OID00560;1.641.113;772.293;-0.40830;FALSE;PASS;PASS;0.07955;IPC Normalized;2.0.2;NPX Signature;assay;772.293;-0.40830;-0.09359;0.22444
TARGET96;Olink Target 96 Inflammation;3027;Target96;E1;LPS 458-RT wk22;SAMPLE;TNFB;P01374;OID00561;2.500.552;133.207;0.56835;FALSE;PASS;PASS;0.64773;IPC Normalized;2.0.2;NPX Signature;assay;133.207;0.56835;-0.09359;0.22444
TARGET96;Olink Target 96 Inflammation;3027;Target96;E1;LPS 458-RT wk22;SAMPLE;CSF-1;P09603;OID00562;2.022.742;498.764;0.85565;FALSE;PASS;PASS;0.07955;IPC Normalized;2.0.2;NPX Signature;assay;498.764;0.85565;-0.09359;0.22444
TARGET96;Olink Target 96 Inflammation;3027;Target96;F1;LPS 681-YR wk22;SAMPLE;IL8;P10145;OID00471;898.189;1.278.045;166.148;FALSE;PASS;PASS;0.07955;IPC Normalized;2.0.2;NPX Signature;assay;1.278.045;166.148;0.00706;-0.14784
TARGET96;Olink Target 96 Inflammation;3027;Target96;F1;LPS 681-YR wk22;SAMPLE;VEGFA;P15692;OID00472;1.625.510;640.441;0.00696;FALSE;PASS;PASS;0.07955;IPC Normalized;2.0.2;NPX Signature;assay;640.441;0.00696;0.00706;-0.14784
TARGET96;Olink Target 96 Inflammation;3027;Target96;F1;LPS 681-YR wk22;SAMPLE;CD8A;P01732;OID05124;1.860.358;255.645;-126.143;FALSE;PASS;PASS;0.07955;IPC Normalized;2.0.2;NPX Signature;assay;255.645;-126.143;0.00706;-0.14784
TARGET96;Olink Target 96 Inflammation;3027;Target96;F1;LPS 681-YR wk22;SAMPLE;Inc Ctrl 1;NA;OID00004;1.278.100;-0.06705;0.07730;TRUE;PASS;NA;0.52273;IPC Normalized;2.0.2;NPX Signature;inc_ctrl_1;-0.06705;0.07730;0.00706;-0.14784
TARGET96;Olink Target 96 Inflammation;3027;Target96;F1;LPS 681-YR wk22;SAMPLE;MCP-3;P80098;OID00474;1.522.247;851.133;143.285;FALSE;PASS;PASS;0.07955;IPC Normalized;2.0.2;NPX Signature;assay;851.133;143.285;0.00706;-0.14784
TARGET96;Olink Target 96 Inflammation;3027;Target96;F1;LPS 681-YR wk22;SAMPLE;GDNF;P39905;OID00475;2.237.307;103.078;147.654;TRUE;PASS;PASS;0.97727;IPC Normalized;2.0.2;NPX Signature;assay;103.078;147.654;0.00706;-0.14784
TARGET96;Olink Target 96 Inflammation;3027;Target96;F1;LPS 681-YR wk22;SAMPLE;CDCP1;Q9H5V8;OID00476;2.287.236;-0.35305;-0.58297;FALSE;PASS;PASS;0.27273;IPC Normalized;2.0.2;NPX Signature;assay;-0.35305;-0.58297;0.00706;-0.14784
TARGET96;Olink Target 96 Inflammation;3027;Target96;F1;LPS 681-YR wk22;SAMPLE;CD244;Q9BZW8;OID00477;1.820.766;483.339;153.762;FALSE;PASS;PASS;0.07955;IPC Normalized;2.0.2;NPX Signature;assay;483.339;153.762;0.00706;-0.14784
TARGET96;Olink Target 96 Inflammation;3027;Target96;F1;LPS 681-YR wk22;SAMPLE;IL7;P13232;OID00478;2.142.182;-138.275;-0.70852;TRUE;PASS;PASS;0.95455;IPC Normalized;2.0.2;NPX Signature;assay;-138.275;-0.70852;0.00706;-0.14784
TARGET96;Olink Target 96 Inflammation;3027;Target96;F1;LPS 681-YR wk22;SAMPLE;OPG;O00300;OID00479;1.838.913;126.196;-0.81398;FALSE;PASS;PASS;0.15909;IPC Normalized;2.0.2;NPX Signature;assay;126.196;-0.81398;0.00706;-0.14784
TARGET96;Olink Target 96 Inflammation;3027;Target96;F1;LPS 681-YR wk22;SAMPLE;LAP TGF-beta-1;P01137;OID00480;1.952.994;216.142;-104.297;FALSE;PASS;PASS;0.07955;IPC Normalized;2.0.2;NPX Signature;assay;216.142;-104.297;0.00706;-0.14784
TARGET96;Olink Target 96 Inflammation;3027;Target96;F1;LPS 681-YR wk22;SAMPLE;uPA;P00749;OID00481;1.348.712;619.530;0.11788;FALSE;PASS;PASS;0.07955;IPC Normalized;2.0.2;NPX Signature;assay;619.530;0.11788;0.00706;-0.14784
TARGET96;Olink Target 96 Inflammation;3027;Target96;F1;LPS 681-YR wk22;SAMPLE;IL6;P05231;OID00482;900.033;1.254.374;131.223;FALSE;PASS;PASS;0.07955;IPC Normalized;2.0.2;NPX Signature;assay;1.254.374;131.223;0.00706;-0.14784
TARGET96;Olink Target 96 Inflammation;3027;Target96;F1;LPS 681-YR wk22;SAMPLE;IL-17C;Q9P0M4;OID00483;2.160.166;0.36909;105.079;TRUE;PASS;PASS;100.000;IPC Normalized;2.0.2;NPX Signature;assay;0.36909;105.079;0.00706;-0.14784
TARGET96;Olink Target 96 Inflammation;3027;Target96;F1;LPS 681-YR wk22;SAMPLE;MCP-1;P13500;OID00484;866.599;1.371.101;126.065;FALSE;PASS;PASS;0.07955;IPC Normalized;2.0.2;NPX Signature;assay;1.371.101;126.065;0.00706;-0.14784
TARGET96;Olink Target 96 Inflammation;3027;Target96;F1;LPS 681-YR wk22;SAMPLE;IL-17A;Q16552;OID00485;2.123.588;161.122;0.57759;FALSE;PASS;PASS;0.84091;IPC Normalized;2.0.2;NPX Signature;assay;161.122;0.57759;0.00706;-0.14784
TARGET96;Olink Target 96 Inflammation;3027;Target96;F1;LPS 681-YR wk22;SAMPLE;CXCL11;O14625;OID00486;1.683.350;542.556;0.12817;FALSE;PASS;PASS;0.09091;IPC Normalized;2.0.2;NPX Signature;assay;542.556;0.12817;0.00706;-0.14784
TARGET96;Olink Target 96 Inflammation;3027;Target96;F1;LPS 681-YR wk22;SAMPLE;AXIN1;O15169;OID00487;2.095.539;-0.02935;-0.49354;FALSE;PASS;PASS;0.12500;IPC Normalized;2.0.2;NPX Signature;assay;-0.02935;-0.49354;0.00706;-0.14784
TARGET96;Olink Target 96 Inflammation;3027;Target96;F1;LPS 681-YR wk22;SAMPLE;Ext Ctrl;NA;OID00005;1.416.387;0.00000;0.00000;FALSE;PASS;NA;0.07955;IPC Normalized;2.0.2;NPX Signature;ext_ctrl;0.00000;0.00000;0.00706;-0.14784
TARGET96;Olink Target 96 Inflammation;3027;Target96;F1;LPS 681-YR wk22;SAMPLE;TRAIL;P50591;OID00488;1.887.329;273.592;-0.15284;FALSE;PASS;PASS;0.07955;IPC Normalized;2.0.2;NPX Signature;assay;273.592;-0.15284;0.00706;-0.14784
TARGET96;Olink Target 96 Inflammation;3027;Target96;F1;LPS 681-YR wk22;SAMPLE;IL-20RA;Q9UHF4;OID00489;2.211.985;-0.38742;104.704;TRUE;PASS;PASS;100.000;IPC Normalized;2.0.2;NPX Signature;assay;-0.38742;104.704;0.00706;-0.14784
TARGET96;Olink Target 96 Inflammation;3027;Target96;F1;LPS 681-YR wk22;SAMPLE;CXCL9;Q07325;OID00490;1.469.403;675.279;0.66560;FALSE;PASS;PASS;0.20455;IPC Normalized;2.0.2;NPX Signature;assay;675.279;0.66560;0.00706;-0.14784
TARGET96;Olink Target 96 Inflammation;3027;Target96;F1;LPS 681-YR wk22;SAMPLE;CST5;P28325;OID00491;2.275.589;-127.337;-107.592;TRUE;PASS;PASS;0.63636;IPC Normalized;2.0.2;NPX Signature;assay;-127.337;-107.592;0.00706;-0.14784
TARGET96;Olink Target 96 Inflammation;3027;Target96;F1;LPS 681-YR wk22;SAMPLE;IL-2RB;P14784;OID00492;2.346.627;-0.28977;165.436;TRUE;PASS;PASS;100.000;IPC Normalized;2.0.2;NPX Signature;assay;-0.28977;165.436;0.00706;-0.14784
TARGET96;Olink Target 96 Inflammation;3027;Target96;F1;LPS 681-YR wk22;SAMPLE;IL-1 alpha;P01583;OID00493;992.492;1.058.045;-0.99251;FALSE;PASS;PASS;0.07955;IPC Normalized;2.0.2;NPX Signature;assay;1.058.045;-0.99251;0.00706;-0.14784
TARGET96;Olink Target 96 Inflammation;3027;Target96;F1;LPS 681-YR wk22;SAMPLE;OSM;P13725;OID00494;1.325.720;874.027;0.16675;FALSE;PASS;PASS;0.07955;IPC Normalized;2.0.2;NPX Signature;assay;874.027;0.16675;0.00706;-0.14784
TARGET96;Olink Target 96 Inflammation;3027;Target96;F1;LPS 681-YR wk22;SAMPLE;IL2;P60568;OID00495;2.225.821;0.16084;128.757;TRUE;PASS;PASS;0.94318;IPC Normalized;2.0.2;NPX Signature;assay;0.16084;128.757;0.00706;-0.14784
TARGET96;Olink Target 96 Inflammation;3027;Target96;F1;LPS 681-YR wk22;SAMPLE;CXCL1;P09341;OID00496;1.148.363;1.336.800;279.881;FALSE;PASS;PASS;0.07955;IPC Normalized;2.0.2;NPX Signature;assay;1.336.800;279.881;0.00706;-0.14784
TARGET96;Olink Target 96 Inflammation;3027;Target96;F1;LPS 681-YR wk22;SAMPLE;TSLP;Q969D9;OID00497;2.381.360;0.88850;0.78329;FALSE;PASS;PASS;0.81818;IPC Normalized;2.0.2;NPX Signature;assay;0.88850;0.78329;0.00706;-0.14784
TARGET96;Olink Target 96 Inflammation;3027;Target96;F1;LPS 681-YR wk22;SAMPLE;CCL4;P13236;OID00498;732.988;1.205.543;-0.42383;FALSE;PASS;PASS;0.07955;IPC Normalized;2.0.2;NPX Signature;assay;1.205.543;-0.42383;0.00706;-0.14784
TARGET96;Olink Target 96 Inflammation;3027;Target96;F1;LPS 681-YR wk22;SAMPLE;CD6;P30203;OID00499;1.826.100;452.133;-0.86517;FALSE;PASS;PASS;0.07955;IPC Normalized;2.0.2;NPX Signature;assay;452.133;-0.86517;0.00706;-0.14784
TARGET96;Olink Target 96 Inflammation;3027;Target96;F1;LPS 681-YR wk22;SAMPLE;SCF;P21583;OID00500;2.222.443;-0.65795;0.19953;TRUE;PASS;PASS;0.96591;IPC Normalized;2.0.2;NPX Signature;assay;-0.65795;0.19953;0.00706;-0.14784
TARGET96;Olink Target 96 Inflammation;3027;Target96;F1;LPS 681-YR wk22;SAMPLE;IL18;Q14116;OID00501;1.359.303;815.978;0.08663;FALSE;PASS;PASS;0.07955;IPC Normalized;2.0.2;NPX Signature;assay;815.978;0.08663;0.00706;-0.14784
TARGET96;Olink Target 96 Inflammation;3027;Target96;F1;LPS 681-YR wk22;SAMPLE;SLAMF1;Q13291;OID00502;2.325.842;0.09629;0.76837;TRUE;PASS;PASS;0.81818;IPC Normalized;2.0.2;NPX Signature;assay;0.09629;0.76837;0.00706;-0.14784
TARGET96;Olink Target 96 Inflammation;3027;Target96;F1;LPS 681-YR wk22;SAMPLE;TGF-alpha;P01135;OID00503;1.923.249;292.179;-171.917;FALSE;PASS;PASS;0.07955;IPC Normalized;2.0.2;NPX Signature;assay;292.179;-171.917;0.00706;-0.14784
TARGET96;Olink Target 96 Inflammation;3027;Target96;F1;LPS 681-YR wk22;SAMPLE;MCP-4;Q99616;OID00504;1.928.047;634.208;143.956;FALSE;PASS;PASS;0.07955;IPC Normalized;2.0.2;NPX Signature;assay;634.208;143.956;0.00706;-0.14784
TARGET96;Olink Target 96 Inflammation;3027;Target96;F1;LPS 681-YR wk22;SAMPLE;CCL11;P51671;OID00505;2.018.870;-0.26321;-0.40053;FALSE;PASS;PASS;0.68182;IPC Normalized;2.0.2;NPX Signature;assay;-0.26321;-0.40053;0.00706;-0.14784
TARGET96;Olink Target 96 Inflammation;3027;Target96;F1;LPS 681-YR wk22;SAMPLE;TNFSF14;O43557;OID00506;1.401.684;566.245;-0.44803;FALSE;PASS;PASS;0.07955;IPC Normalized;2.0.2;NPX Signature;assay;566.245;-0.44803;0.00706;-0.14784
TARGET96;Olink Target 96 Inflammation;3027;Target96;F1;LPS 681-YR wk22;SAMPLE;FGF-23;Q9GZV9;OID00507;2.235.028;-0.07211;0.91747;TRUE;PASS;PASS;0.96591;IPC Normalized;2.0.2;NPX Signature;assay;-0.07211;0.91747;0.00706;-0.14784
TARGET96;Olink Target 96 Inflammation;3027;Target96;F1;LPS 681-YR wk22;SAMPLE;IL-10RA;Q13651;OID00508;2.011.717;0.20830;-0.70231;FALSE;PASS;PASS;0.50000;IPC Normalized;2.0.2;NPX Signature;assay;0.20830;-0.70231;0.00706;-0.14784
TARGET96;Olink Target 96 Inflammation;3027;Target96;F1;LPS 681-YR wk22;SAMPLE;FGF-5;P12034;OID00509;2.104.203;-0.59843;-0.11172;TRUE;PASS;PASS;0.98864;IPC Normalized;2.0.2;NPX Signature;assay;-0.59843;-0.11172;0.00706;-0.14784
TARGET96;Olink Target 96 Inflammation;3027;Target96;F1;LPS 681-YR wk22;SAMPLE;MMP-1;P03956;OID00510;1.509.806;753.259;-0.41038;FALSE;PASS;PASS;0.07955;IPC Normalized;2.0.2;NPX Signature;assay;753.259;-0.41038;0.00706;-0.14784
TARGET96;Olink Target 96 Inflammation;3027;Target96;F1;LPS 681-YR wk22;SAMPLE;LIF-R;P42702;OID00511;2.159.769;-0.86891;0.22136;TRUE;PASS;PASS;100.000;IPC Normalized;2.0.2;NPX Signature;assay;-0.86891;0.22136;0.00706;-0.14784
TARGET96;Olink Target 96 Inflammation;3027;Target96;F1;LPS 681-YR wk22;SAMPLE;FGF-21;Q9NSA1;OID00512;1.731.609;199.130;-0.44425;FALSE;PASS;PASS;0.07955;IPC Normalized;2.0.2;NPX Signature;assay;199.130;-0.44425;0.00706;-0.14784
TARGET96;Olink Target 96 Inflammation;3027;Target96;F1;LPS 681-YR wk22;SAMPLE;CCL19;Q99731;OID00513;1.819.149;484.882;195.046;FALSE;PASS;PASS;0.07955;IPC Normalized;2.0.2;NPX Signature;assay;484.882;195.046;0.00706;-0.14784
TARGET96;Olink Target 96 Inflammation;3027;Target96;F1;LPS 681-YR wk22;SAMPLE;Inc Ctrl 2;NA;OID00006;1.521.225;-0.30471;-0.10165;TRUE;PASS;NA;0.90909;IPC Normalized;2.0.2;NPX Signature;inc_ctrl_2;-0.30471;-0.10165;0.00706;-0.14784
TARGET96;Olink Target 96 Inflammation;3027;Target96;F1;LPS 681-YR wk22;SAMPLE;Det Ctrl;NA;OID00007;998.070;-0.13809;0.01785;TRUE;PASS;NA;0.92045;IPC Normalized;2.0.2;NPX Signature;det_ctrl;-0.13809;0.01785;0.00706;-0.14784
TARGET96;Olink Target 96 Inflammation;3027;Target96;F1;LPS 681-YR wk22;SAMPLE;IL-15RA;Q13261;OID00514;2.188.195;-0.38631;0.09772;TRUE;PASS;PASS;100.000;IPC Normalized;2.0.2;NPX Signature;assay;-0.38631;0.09772;0.00706;-0.14784
TARGET96;Olink Target 96 Inflammation;3027;Target96;F1;LPS 681-YR wk22;SAMPLE;IL-10RB;Q08334;OID00515;2.196.645;-0.64989;-0.88484;FALSE;PASS;PASS;0.37500;IPC Normalized;2.0.2;NPX Signature;assay;-0.64989;-0.88484;0.00706;-0.14784
TARGET96;Olink Target 96 Inflammation;3027;Target96;F1;LPS 681-YR wk22;SAMPLE;IL-22 RA1;Q8N6P7;OID00516;2.715.864;-0.79822;264.114;TRUE;PASS;PASS;0.98864;IPC Normalized;2.0.2;NPX Signature;assay;-0.79822;264.114;0.00706;-0.14784
TARGET96;Olink Target 96 Inflammation;3027;Target96;F1;LPS 681-YR wk22;SAMPLE;IL-18R1;Q13478;OID00517;1.883.990;425.824;0.59764;FALSE;PASS;PASS;0.07955;IPC Normalized;2.0.2;NPX Signature;assay;425.824;0.59764;0.00706;-0.14784
TARGET96;Olink Target 96 Inflammation;3027;Target96;F1;LPS 681-YR wk22;SAMPLE;PD-L1;Q9NZQ7;OID00518;2.116.214;379.117;206.434;FALSE;PASS;PASS;0.13636;IPC Normalized;2.0.2;NPX Signature;assay;379.117;206.434;0.00706;-0.14784
TARGET96;Olink Target 96 Inflammation;3027;Target96;F1;LPS 681-YR wk22;SAMPLE;Beta-NGF;P01138;OID00519;1.416.781;-0.65880;-0.17729;TRUE;PASS;PASS;0.85227;IPC Normalized;2.0.2;NPX Signature;assay;-0.65880;-0.17729;0.00706;-0.14784
TARGET96;Olink Target 96 Inflammation;3027;Target96;F1;LPS 681-YR wk22;SAMPLE;CXCL5;P42830;OID00520;1.137.127;1.242.361;130.106;FALSE;PASS;PASS;0.07955;IPC Normalized;2.0.2;NPX Signature;assay;1.242.361;130.106;0.00706;-0.14784
TARGET96;Olink Target 96 Inflammation;3027;Target96;F1;LPS 681-YR wk22;SAMPLE;TRANCE;O14788;OID00521;2.246.537;0.66299;-131.969;FALSE;PASS;PASS;0.11364;IPC Normalized;2.0.2;NPX Signature;assay;0.66299;-131.969;0.00706;-0.14784
TARGET96;Olink Target 96 Inflammation;3027;Target96;F1;LPS 681-YR wk22;SAMPLE;HGF;P14210;OID00522;1.670.731;464.267;0.10249;FALSE;PASS;PASS;0.07955;IPC Normalized;2.0.2;NPX Signature;assay;464.267;0.10249;0.00706;-0.14784
TARGET96;Olink Target 96 Inflammation;3027;Target96;F1;LPS 681-YR wk22;SAMPLE;IL-12B;P29460;OID00523;1.979.120;275.992;-141.352;FALSE;PASS;PASS;0.15909;IPC Normalized;2.0.2;NPX Signature;assay;275.992;-141.352;0.00706;-0.14784
TARGET96;Olink Target 96 Inflammation;3027;Target96;F1;LPS 681-YR wk22;SAMPLE;IL-24;Q13007;OID00524;2.361.500;125.081;0.61372;FALSE;PASS;PASS;0.81818;IPC Normalized;2.0.2;NPX Signature;assay;125.081;0.61372;0.00706;-0.14784
TARGET96;Olink Target 96 Inflammation;3027;Target96;F1;LPS 681-YR wk22;SAMPLE;IL13;P35225;OID00525;2.174.003;0.00900;120.432;TRUE;PASS;PASS;0.89773;IPC Normalized;2.0.2;NPX Signature;assay;0.00900;120.432;0.00706;-0.14784
TARGET96;Olink Target 96 Inflammation;3027;Target96;F1;LPS 681-YR wk22;SAMPLE;ARTN;Q5T4W7;OID00526;2.328.150;-0.06734;0.58766;TRUE;PASS;PASS;0.84091;IPC Normalized;2.0.2;NPX Signature;assay;-0.06734;0.58766;0.00706;-0.14784
TARGET96;Olink Target 96 Inflammation;3027;Target96;F1;LPS 681-YR wk22;SAMPLE;MMP-10;P09238;OID00527;1.488.187;640.314;-0.27894;FALSE;PASS;PASS;0.07955;IPC Normalized;2.0.2;NPX Signature;assay;640.314;-0.27894;0.00706;-0.14784
TARGET96;Olink Target 96 Inflammation;3027;Target96;F1;LPS 681-YR wk22;SAMPLE;IL10;P22301;OID00528;1.498.568;898.016;134.323;FALSE;PASS;PASS;0.07955;IPC Normalized;2.0.2;NPX Signature;assay;898.016;134.323;0.00706;-0.14784
TARGET96;Olink Target 96 Inflammation;3027;Target96;F1;LPS 681-YR wk22;SAMPLE;TNF;P01375;OID05548;897.472;1.499.025;0.92674;FALSE;PASS;PASS;0.07955;IPC Normalized;2.0.2;NPX Signature;assay;1.499.025;0.92674;0.00706;-0.14784
TARGET96;Olink Target 96 Inflammation;3027;Target96;F1;LPS 681-YR wk22;SAMPLE;CCL23;P55773;OID00530;1.754.458;400.616;-0.28231;FALSE;PASS;PASS;0.07955;IPC Normalized;2.0.2;NPX Signature;assay;400.616;-0.28231;0.00706;-0.14784
TARGET96;Olink Target 96 Inflammation;3027;Target96;F1;LPS 681-YR wk22;SAMPLE;CD5;P06127;OID00531;1.406.280;665.295;-0.84352;FALSE;PASS;PASS;0.07955;IPC Normalized;2.0.2;NPX Signature;assay;665.295;-0.84352;0.00706;-0.14784
TARGET96;Olink Target 96 Inflammation;3027;Target96;F1;LPS 681-YR wk22;SAMPLE;CCL3;P10147;OID00532;815.476;1.243.433;-0.11401;FALSE;PASS;PASS;0.07955;IPC Normalized;2.0.2;NPX Signature;assay;1.243.433;-0.11401;0.00706;-0.14784
TARGET96;Olink Target 96 Inflammation;3027;Target96;F1;LPS 681-YR wk22;SAMPLE;Flt3L;P49771;OID00533;2.105.109;510.379;0.29529;FALSE;PASS;PASS;0.07955;IPC Normalized;2.0.2;NPX Signature;assay;510.379;0.29529;0.00706;-0.14784
TARGET96;Olink Target 96 Inflammation;3027;Target96;F1;LPS 681-YR wk22;SAMPLE;CXCL6;P80162;OID00534;1.851.278;398.120;0.42501;FALSE;PASS;PASS;0.07955;IPC Normalized;2.0.2;NPX Signature;assay;398.120;0.42501;0.00706;-0.14784
TARGET96;Olink Target 96 Inflammation;3027;Target96;F1;LPS 681-YR wk22;SAMPLE;CXCL10;P02778;OID00535;1.317.840;1.002.129;158.004;FALSE;PASS;PASS;0.07955;IPC Normalized;2.0.2;NPX Signature;assay;1.002.129;158.004;0.00706;-0.14784
TARGET96;Olink Target 96 Inflammation;3027;Target96;F1;LPS 681-YR wk22;SAMPLE;4E-BP1;Q13541;OID00536;1.476.420;485.050;-0.95345;FALSE;PASS;PASS;0.07955;IPC Normalized;2.0.2;NPX Signature;assay;485.050;-0.95345;0.00706;-0.14784
TARGET96;Olink Target 96 Inflammation;3027;Target96;F1;LPS 681-YR wk22;SAMPLE;IL-20;Q9NYY1;OID00537;2.094.484;-0.93025;-0.28182;TRUE;PASS;PASS;0.97727;IPC Normalized;2.0.2;NPX Signature;assay;-0.93025;-0.28182;0.00706;-0.14784
TARGET96;Olink Target 96 Inflammation;3027;Target96;F1;LPS 681-YR wk22;SAMPLE;SIRT2;Q8IXJ6;OID00538;1.940.438;328.047;116.589;FALSE;PASS;PASS;0.18182;IPC Normalized;2.0.2;NPX Signature;assay;328.047;116.589;0.00706;-0.14784
TARGET96;Olink Target 96 Inflammation;3027;Target96;F1;LPS 681-YR wk22;SAMPLE;CCL28;Q9NRJ3;OID00539;2.268.326;-183.872;-0.70486;TRUE;PASS;PASS;0.85227;IPC Normalized;2.0.2;NPX Signature;assay;-183.872;-0.70486;0.00706;-0.14784
TARGET96;Olink Target 96 Inflammation;3027;Target96;F1;LPS 681-YR wk22;SAMPLE;DNER;Q8NFT8;OID01213;1.834.977;167.163;-0.30062;FALSE;PASS;PASS;0.07955;IPC Normalized;2.0.2;NPX Signature;assay;167.163;-0.30062;0.00706;-0.14784
TARGET96;Olink Target 96 Inflammation;3027;Target96;F1;LPS 681-YR wk22;SAMPLE;EN-RAGE;P80511;OID00541;1.755.276;458.462;0.09630;FALSE;PASS;PASS;0.07955;IPC Normalized;2.0.2;NPX Signature;assay;458.462;0.09630;0.00706;-0.14784
TARGET96;Olink Target 96 Inflammation;3027;Target96;F1;LPS 681-YR wk22;SAMPLE;CD40;P25942;OID00542;1.631.760;777.642;224.967;FALSE;PASS;PASS;0.07955;IPC Normalized;2.0.2;NPX Signature;assay;777.642;224.967;0.00706;-0.14784
TARGET96;Olink Target 96 Inflammation;3027;Target96;F1;LPS 681-YR wk22;SAMPLE;IL33;O95760;OID00543;2.258.132;-0.71574;0.91606;TRUE;PASS;PASS;100.000;IPC Normalized;2.0.2;NPX Signature;assay;-0.71574;0.91606;0.00706;-0.14784
TARGET96;Olink Target 96 Inflammation;3027;Target96;F1;LPS 681-YR wk22;SAMPLE;IFN-gamma;P01579;OID05547;831.694;1.719.272;305.868;FALSE;PASS;PASS;0.07955;IPC Normalized;2.0.2;NPX Signature;assay;1.719.272;305.868;0.00706;-0.14784
TARGET96;Olink Target 96 Inflammation;3027;Target96;F1;LPS 681-YR wk22;SAMPLE;FGF-19;O95750;OID00545;2.116.970;-0.95019;-0.76210;TRUE;PASS;PASS;0.67045;IPC Normalized;2.0.2;NPX Signature;assay;-0.95019;-0.76210;0.00706;-0.14784
TARGET96;Olink Target 96 Inflammation;3027;Target96;F1;LPS 681-YR wk22;SAMPLE;IL4;P05112;OID00546;2.239.634;-0.02990;-102.563;FALSE;PASS;PASS;0.29545;IPC Normalized;2.0.2;NPX Signature;assay;-0.02990;-102.563;0.00706;-0.14784
TARGET96;Olink Target 96 Inflammation;3027;Target96;F1;LPS 681-YR wk22;SAMPLE;LIF;P15018;OID00547;1.792.464;201.622;-0.79961;FALSE;PASS;PASS;0.07955;IPC Normalized;2.0.2;NPX Signature;assay;201.622;-0.79961;0.00706;-0.14784
TARGET96;Olink Target 96 Inflammation;3027;Target96;F1;LPS 681-YR wk22;SAMPLE;NRTN;Q99748;OID00548;2.126.579;-0.83754;-0.41185;TRUE;PASS;PASS;0.97727;IPC Normalized;2.0.2;NPX Signature;assay;-0.83754;-0.41185;0.00706;-0.14784
TARGET96;Olink Target 96 Inflammation;3027;Target96;F1;LPS 681-YR wk22;SAMPLE;MCP-2;P80075;OID00549;1.232.269;1.152.083;127.866;FALSE;PASS;PASS;0.07955;IPC Normalized;2.0.2;NPX Signature;assay;1.152.083;127.866;0.00706;-0.14784
TARGET96;Olink Target 96 Inflammation;3027;Target96;F1;LPS 681-YR wk22;SAMPLE;CASP-8;Q14790;OID00550;1.485.714;681.141;0.91291;FALSE;PASS;PASS;0.07955;IPC Normalized;2.0.2;NPX Signature;assay;681.141;0.91291;0.00706;-0.14784
TARGET96;Olink Target 96 Inflammation;3027;Target96;F1;LPS 681-YR wk22;SAMPLE;CCL25;O15444;OID00551;2.085.117;-0.88487;-0.18758;TRUE;PASS;PASS;0.98864;IPC Normalized;2.0.2;NPX Signature;assay;-0.88487;-0.18758;0.00706;-0.14784
TARGET96;Olink Target 96 Inflammation;3027;Target96;F1;LPS 681-YR wk22;SAMPLE;CX3CL1;P78423;OID00552;2.527.477;-184.935;-0.12333;TRUE;PASS;PASS;0.94318;IPC Normalized;2.0.2;NPX Signature;assay;-184.935;-0.12333;0.00706;-0.14784
TARGET96;Olink Target 96 Inflammation;3027;Target96;F1;LPS 681-YR wk22;SAMPLE;TNFRSF9;Q07011;OID00553;1.833.438;437.916;0.83400;FALSE;PASS;PASS;0.07955;IPC Normalized;2.0.2;NPX Signature;assay;437.916;0.83400;0.00706;-0.14784
TARGET96;Olink Target 96 Inflammation;3027;Target96;F1;LPS 681-YR wk22;SAMPLE;NT-3;P20783;OID00554;2.230.868;-0.18560;0.74628;TRUE;PASS;PASS;0.98864;IPC Normalized;2.0.2;NPX Signature;assay;-0.18560;0.74628;0.00706;-0.14784
TARGET96;Olink Target 96 Inflammation;3027;Target96;F1;LPS 681-YR wk22;SAMPLE;TWEAK;O43508;OID00555;2.052.850;292.870;-182.937;FALSE;PASS;PASS;0.07955;IPC Normalized;2.0.2;NPX Signature;assay;292.870;-182.937;0.00706;-0.14784
TARGET96;Olink Target 96 Inflammation;3027;Target96;F1;LPS 681-YR wk22;SAMPLE;CCL20;P78556;OID00556;1.237.334;979.974;131.645;FALSE;PASS;PASS;0.07955;IPC Normalized;2.0.2;NPX Signature;assay;979.974;131.645;0.00706;-0.14784
TARGET96;Olink Target 96 Inflammation;3027;Target96;F1;LPS 681-YR wk22;SAMPLE;ST1A1;P50225;OID00557;1.589.555;704.334;125.003;FALSE;PASS;PASS;0.07955;IPC Normalized;2.0.2;NPX Signature;assay;704.334;125.003;0.00706;-0.14784
TARGET96;Olink Target 96 Inflammation;3027;Target96;F1;LPS 681-YR wk22;SAMPLE;STAMBP;O95630;OID00558;1.750.120;358.764;-0.80337;FALSE;PASS;PASS;0.07955;IPC Normalized;2.0.2;NPX Signature;assay;358.764;-0.80337;0.00706;-0.14784
TARGET96;Olink Target 96 Inflammation;3027;Target96;F1;LPS 681-YR wk22;SAMPLE;IL5;P05113;OID00559;2.265.134;0.04404;142.788;TRUE;PASS;PASS;0.95455;IPC Normalized;2.0.2;NPX Signature;assay;0.04404;142.788;0.00706;-0.14784
TARGET96;Olink Target 96 Inflammation;3027;Target96;F1;LPS 681-YR wk22;SAMPLE;ADA;P00813;OID00560;1.477.431;687.199;-0.40830;FALSE;PASS;PASS;0.07955;IPC Normalized;2.0.2;NPX Signature;assay;687.199;-0.40830;0.00706;-0.14784
TARGET96;Olink Target 96 Inflammation;3027;Target96;F1;LPS 681-YR wk22;SAMPLE;TNFB;P01374;OID00561;2.282.918;102.065;0.56835;FALSE;PASS;PASS;0.64773;IPC Normalized;2.0.2;NPX Signature;assay;102.065;0.56835;0.00706;-0.14784
TARGET96;Olink Target 96 Inflammation;3027;Target96;F1;LPS 681-YR wk22;SAMPLE;CSF-1;P09603;OID00562;1.896.490;376.242;0.85565;FALSE;PASS;PASS;0.07955;IPC Normalized;2.0.2;NPX Signature;assay;376.242;0.85565;0.00706;-0.14784
TARGET96;Olink Target 96 Inflammation;3027;Target96;G1;MED 966-BX wk8;SAMPLE;IL8;P10145;OID00471;841.924;1.338.974;166.148;FALSE;PASS;PASS;0.07955;IPC Normalized;2.0.2;NPX Signature;assay;1.338.974;166.148;0.05126;-0.24082
TARGET96;Olink Target 96 Inflammation;3027;Target96;G1;MED 966-BX wk8;SAMPLE;VEGFA;P15692;OID00472;1.379.468;891.147;0.00696;FALSE;PASS;PASS;0.07955;IPC Normalized;2.0.2;NPX Signature;assay;891.147;0.00696;0.05126;-0.24082
TARGET96;Olink Target 96 Inflammation;3027;Target96;G1;MED 966-BX wk8;SAMPLE;CD8A;P01732;OID05124;1.865.425;255.242;-126.143;FALSE;PASS;PASS;0.07955;IPC Normalized;2.0.2;NPX Signature;assay;255.242;-126.143;0.05126;-0.24082
TARGET96;Olink Target 96 Inflammation;3027;Target96;G1;MED 966-BX wk8;SAMPLE;Inc Ctrl 1;NA;OID00004;1.292.061;-0.16002;0.07730;TRUE;PASS;NA;0.52273;IPC Normalized;2.0.2;NPX Signature;inc_ctrl_1;-0.16002;0.07730;0.05126;-0.24082
TARGET96;Olink Target 96 Inflammation;3027;Target96;G1;MED 966-BX wk8;SAMPLE;MCP-3;P80098;OID00474;1.311.115;1.066.930;143.285;FALSE;PASS;PASS;0.07955;IPC Normalized;2.0.2;NPX Signature;assay;1.066.930;143.285;0.05126;-0.24082
TARGET96;Olink Target 96 Inflammation;3027;Target96;G1;MED 966-BX wk8;SAMPLE;GDNF;P39905;OID00475;2.281.480;0.63569;147.654;TRUE;PASS;PASS;0.97727;IPC Normalized;2.0.2;NPX Signature;assay;0.63569;147.654;0.05126;-0.24082
TARGET96;Olink Target 96 Inflammation;3027;Target96;G1;MED 966-BX wk8;SAMPLE;CDCP1;Q9H5V8;OID00476;2.291.195;-0.34600;-0.58297;FALSE;PASS;PASS;0.27273;IPC Normalized;2.0.2;NPX Signature;assay;-0.34600;-0.58297;0.05126;-0.24082
TARGET96;Olink Target 96 Inflammation;3027;Target96;G1;MED 966-BX wk8;SAMPLE;CD244;Q9BZW8;OID00477;1.761.743;547.026;153.762;FALSE;PASS;PASS;0.07955;IPC Normalized;2.0.2;NPX Signature;assay;547.026;153.762;0.05126;-0.24082
TARGET96;Olink Target 96 Inflammation;3027;Target96;G1;MED 966-BX wk8;SAMPLE;IL7;P13232;OID00478;2.175.184;-166.613;-0.70852;TRUE;PASS;PASS;0.95455;IPC Normalized;2.0.2;NPX Signature;assay;-166.613;-0.70852;0.05126;-0.24082
TARGET96;Olink Target 96 Inflammation;3027;Target96;G1;MED 966-BX wk8;SAMPLE;OPG;O00300;OID00479;2.017.079;-0.47306;-0.81398;FALSE;PASS;PASS;0.15909;IPC Normalized;2.0.2;NPX Signature;assay;-0.47306;-0.81398;0.05126;-0.24082
TARGET96;Olink Target 96 Inflammation;3027;Target96;G1;MED 966-BX wk8;SAMPLE;LAP TGF-beta-1;P01137;OID00480;1.841.664;332.137;-104.297;FALSE;PASS;PASS;0.07955;IPC Normalized;2.0.2;NPX Signature;assay;332.137;-104.297;0.05126;-0.24082
TARGET96;Olink Target 96 Inflammation;3027;Target96;G1;MED 966-BX wk8;SAMPLE;uPA;P00749;OID00481;1.332.093;640.814;0.11788;FALSE;PASS;PASS;0.07955;IPC Normalized;2.0.2;NPX Signature;assay;640.814;0.11788;0.05126;-0.24082
TARGET96;Olink Target 96 Inflammation;3027;Target96;G1;MED 966-BX wk8;SAMPLE;IL6;P05231;OID00482;1.038.562;1.120.509;131.223;FALSE;PASS;PASS;0.07955;IPC Normalized;2.0.2;NPX Signature;assay;1.120.509;131.223;0.05126;-0.24082
TARGET96;Olink Target 96 Inflammation;3027;Target96;G1;MED 966-BX wk8;SAMPLE;IL-17C;Q9P0M4;OID00483;2.207.859;-0.06121;105.079;TRUE;PASS;PASS;100.000;IPC Normalized;2.0.2;NPX Signature;assay;-0.06121;105.079;0.05126;-0.24082
TARGET96;Olink Target 96 Inflammation;3027;Target96;G1;MED 966-BX wk8;SAMPLE;MCP-1;P13500;OID00484;868.571;1.373.793;126.065;FALSE;PASS;PASS;0.07955;IPC Normalized;2.0.2;NPX Signature;assay;1.373.793;126.065;0.05126;-0.24082
TARGET96;Olink Target 96 Inflammation;3027;Target96;G1;MED 966-BX wk8;SAMPLE;IL-17A;Q16552;OID00485;2.275.474;0.13901;0.57759;TRUE;PASS;PASS;0.84091;IPC Normalized;2.0.2;NPX Signature;assay;0.13901;0.57759;0.05126;-0.24082
TARGET96;Olink Target 96 Inflammation;3027;Target96;G1;MED 966-BX wk8;SAMPLE;CXCL11;O14625;OID00486;1.838.814;391.756;0.12817;FALSE;PASS;PASS;0.09091;IPC Normalized;2.0.2;NPX Signature;assay;391.756;0.12817;0.05126;-0.24082
TARGET96;Olink Target 96 Inflammation;3027;Target96;G1;MED 966-BX wk8;SAMPLE;AXIN1;O15169;OID00487;1.978.732;118.536;-0.49354;FALSE;PASS;PASS;0.12500;IPC Normalized;2.0.2;NPX Signature;assay;118.536;-0.49354;0.05126;-0.24082
TARGET96;Olink Target 96 Inflammation;3027;Target96;G1;MED 966-BX wk8;SAMPLE;Ext Ctrl;NA;OID00005;1.421.051;0.00000;0.00000;FALSE;PASS;NA;0.07955;IPC Normalized;2.0.2;NPX Signature;ext_ctrl;0.00000;0.00000;0.05126;-0.24082
TARGET96;Olink Target 96 Inflammation;3027;Target96;G1;MED 966-BX wk8;SAMPLE;TRAIL;P50591;OID00488;1.960.687;204.898;-0.15284;FALSE;PASS;PASS;0.07955;IPC Normalized;2.0.2;NPX Signature;assay;204.898;-0.15284;0.05126;-0.24082
TARGET96;Olink Target 96 Inflammation;3027;Target96;G1;MED 966-BX wk8;SAMPLE;IL-20RA;Q9UHF4;OID00489;2.210.138;-0.32231;104.704;TRUE;PASS;PASS;100.000;IPC Normalized;2.0.2;NPX Signature;assay;-0.32231;104.704;0.05126;-0.24082
TARGET96;Olink Target 96 Inflammation;3027;Target96;G1;MED 966-BX wk8;SAMPLE;CXCL9;Q07325;OID00490;1.917.691;231.655;0.66560;FALSE;PASS;PASS;0.20455;IPC Normalized;2.0.2;NPX Signature;assay;231.655;0.66560;0.05126;-0.24082
TARGET96;Olink Target 96 Inflammation;3027;Target96;G1;MED 966-BX wk8;SAMPLE;CST5;P28325;OID00491;2.234.223;-0.81307;-107.592;FALSE;PASS;PASS;0.63636;IPC Normalized;2.0.2;NPX Signature;assay;-0.81307;-107.592;0.05126;-0.24082
TARGET96;Olink Target 96 Inflammation;3027;Target96;G1;MED 966-BX wk8;SAMPLE;IL-2RB;P14784;OID00492;2.298.848;0.23466;165.436;TRUE;PASS;PASS;100.000;IPC Normalized;2.0.2;NPX Signature;assay;0.23466;165.436;0.05126;-0.24082
TARGET96;Olink Target 96 Inflammation;3027;Target96;G1;MED 966-BX wk8;SAMPLE;IL-1 alpha;P01583;OID00493;1.585.188;470.014;-0.99251;FALSE;PASS;PASS;0.07955;IPC Normalized;2.0.2;NPX Signature;assay;470.014;-0.99251;0.05126;-0.24082
TARGET96;Olink Target 96 Inflammation;3027;Target96;G1;MED 966-BX wk8;SAMPLE;OSM;P13725;OID00494;1.433.543;770.868;0.16675;FALSE;PASS;PASS;0.07955;IPC Normalized;2.0.2;NPX Signature;assay;770.868;0.16675;0.05126;-0.24082
TARGET96;Olink Target 96 Inflammation;3027;Target96;G1;MED 966-BX wk8;SAMPLE;IL2;P60568;OID00495;2.162.711;0.83858;128.757;TRUE;PASS;PASS;0.94318;IPC Normalized;2.0.2;NPX Signature;assay;0.83858;128.757;0.05126;-0.24082
TARGET96;Olink Target 96 Inflammation;3027;Target96;G1;MED 966-BX wk8;SAMPLE;CXCL1;P09341;OID00496;1.261.658;1.228.168;279.881;FALSE;PASS;PASS;0.07955;IPC Normalized;2.0.2;NPX Signature;assay;1.228.168;279.881;0.05126;-0.24082
TARGET96;Olink Target 96 Inflammation;3027;Target96;G1;MED 966-BX wk8;SAMPLE;TSLP;Q969D9;OID00497;2.547.216;-0.72343;0.78329;TRUE;PASS;PASS;0.81818;IPC Normalized;2.0.2;NPX Signature;assay;-0.72343;0.78329;0.05126;-0.24082
TARGET96;Olink Target 96 Inflammation;3027;Target96;G1;MED 966-BX wk8;SAMPLE;CCL4;P13236;OID00498;867.866;1.075.329;-0.42383;FALSE;PASS;PASS;0.07955;IPC Normalized;2.0.2;NPX Signature;assay;1.075.329;-0.42383;0.05126;-0.24082
TARGET96;Olink Target 96 Inflammation;3027;Target96;G1;MED 966-BX wk8;SAMPLE;CD6;P30203;OID00499;1.818.906;463.992;-0.86517;FALSE;PASS;PASS;0.07955;IPC Normalized;2.0.2;NPX Signature;assay;463.992;-0.86517;0.05126;-0.24082
TARGET96;Olink Target 96 Inflammation;3027;Target96;G1;MED 966-BX wk8;SAMPLE;SCF;P21583;OID00500;2.190.565;-0.29253;0.19953;TRUE;PASS;PASS;0.96591;IPC Normalized;2.0.2;NPX Signature;assay;-0.29253;0.19953;0.05126;-0.24082
TARGET96;Olink Target 96 Inflammation;3027;Target96;G1;MED 966-BX wk8;SAMPLE;IL18;Q14116;OID00501;1.775.859;404.087;0.08663;FALSE;PASS;PASS;0.07955;IPC Normalized;2.0.2;NPX Signature;assay;404.087;0.08663;0.05126;-0.24082
TARGET96;Olink Target 96 Inflammation;3027;Target96;G1;MED 966-BX wk8;SAMPLE;SLAMF1;Q13291;OID00502;2.378.746;-0.38611;0.76837;TRUE;PASS;PASS;0.81818;IPC Normalized;2.0.2;NPX Signature;assay;-0.38611;0.76837;0.05126;-0.24082
TARGET96;Olink Target 96 Inflammation;3027;Target96;G1;MED 966-BX wk8;SAMPLE;TGF-alpha;P01135;OID00503;2.044.348;175.743;-171.917;FALSE;PASS;PASS;0.07955;IPC Normalized;2.0.2;NPX Signature;assay;175.743;-171.917;0.05126;-0.24082
TARGET96;Olink Target 96 Inflammation;3027;Target96;G1;MED 966-BX wk8;SAMPLE;MCP-4;Q99616;OID00504;1.798.222;768.697;143.956;FALSE;PASS;PASS;0.07955;IPC Normalized;2.0.2;NPX Signature;assay;768.697;143.956;0.05126;-0.24082
TARGET96;Olink Target 96 Inflammation;3027;Target96;G1;MED 966-BX wk8;SAMPLE;CCL11;P51671;OID00505;2.070.664;-0.73451;-0.40053;TRUE;PASS;PASS;0.68182;IPC Normalized;2.0.2;NPX Signature;assay;-0.73451;-0.40053;0.05126;-0.24082
TARGET96;Olink Target 96 Inflammation;3027;Target96;G1;MED 966-BX wk8;SAMPLE;TNFSF14;O43557;OID00506;1.374.687;597.906;-0.44803;FALSE;PASS;PASS;0.07955;IPC Normalized;2.0.2;NPX Signature;assay;597.906;-0.44803;0.05126;-0.24082
TARGET96;Olink Target 96 Inflammation;3027;Target96;G1;MED 966-BX wk8;SAMPLE;FGF-23;Q9GZV9;OID00507;2.214.148;0.18332;0.91747;TRUE;PASS;PASS;0.96591;IPC Normalized;2.0.2;NPX Signature;assay;0.18332;0.91747;0.05126;-0.24082
TARGET96;Olink Target 96 Inflammation;3027;Target96;G1;MED 966-BX wk8;SAMPLE;IL-10RA;Q13651;OID00508;2.103.523;-0.66312;-0.70231;FALSE;PASS;PASS;0.50000;IPC Normalized;2.0.2;NPX Signature;assay;-0.66312;-0.70231;0.05126;-0.24082
TARGET96;Olink Target 96 Inflammation;3027;Target96;G1;MED 966-BX wk8;SAMPLE;FGF-5;P12034;OID00509;2.142.390;-0.93366;-0.11172;TRUE;PASS;PASS;0.98864;IPC Normalized;2.0.2;NPX Signature;assay;-0.93366;-0.11172;0.05126;-0.24082
TARGET96;Olink Target 96 Inflammation;3027;Target96;G1;MED 966-BX wk8;SAMPLE;MMP-1;P03956;OID00510;1.546.274;721.455;-0.41038;FALSE;PASS;PASS;0.07955;IPC Normalized;2.0.2;NPX Signature;assay;721.455;-0.41038;0.05126;-0.24082
TARGET96;Olink Target 96 Inflammation;3027;Target96;G1;MED 966-BX wk8;SAMPLE;LIF-R;P42702;OID00511;2.205.205;-127.662;0.22136;TRUE;PASS;PASS;100.000;IPC Normalized;2.0.2;NPX Signature;assay;-127.662;0.22136;0.05126;-0.24082
TARGET96;Olink Target 96 Inflammation;3027;Target96;G1;MED 966-BX wk8;SAMPLE;FGF-21;Q9NSA1;OID00512;1.667.554;267.849;-0.44425;FALSE;PASS;PASS;0.07955;IPC Normalized;2.0.2;NPX Signature;assay;267.849;-0.44425;0.05126;-0.24082
TARGET96;Olink Target 96 Inflammation;3027;Target96;G1;MED 966-BX wk8;SAMPLE;CCL19;Q99731;OID00513;1.940.815;367.879;195.046;FALSE;PASS;PASS;0.07955;IPC Normalized;2.0.2;NPX Signature;assay;367.879;195.046;0.05126;-0.24082
TARGET96;Olink Target 96 Inflammation;3027;Target96;G1;MED 966-BX wk8;SAMPLE;Inc Ctrl 2;NA;OID00006;1.533.712;-0.38294;-0.10165;TRUE;PASS;NA;0.90909;IPC Normalized;2.0.2;NPX Signature;inc_ctrl_2;-0.38294;-0.10165;0.05126;-0.24082
TARGET96;Olink Target 96 Inflammation;3027;Target96;G1;MED 966-BX wk8;SAMPLE;Det Ctrl;NA;OID00007;998.314;-0.09389;0.01785;TRUE;PASS;NA;0.92045;IPC Normalized;2.0.2;NPX Signature;det_ctrl;-0.09389;0.01785;0.05126;-0.24082
TARGET96;Olink Target 96 Inflammation;3027;Target96;G1;MED 966-BX wk8;SAMPLE;IL-15RA;Q13261;OID00514;2.223.592;-0.69365;0.09772;TRUE;PASS;PASS;100.000;IPC Normalized;2.0.2;NPX Signature;assay;-0.69365;0.09772;0.05126;-0.24082
TARGET96;Olink Target 96 Inflammation;3027;Target96;G1;MED 966-BX wk8;SAMPLE;IL-10RB;Q08334;OID00515;2.180.891;-0.44570;-0.88484;FALSE;PASS;PASS;0.37500;IPC Normalized;2.0.2;NPX Signature;assay;-0.44570;-0.88484;0.05126;-0.24082
TARGET96;Olink Target 96 Inflammation;3027;Target96;G1;MED 966-BX wk8;SAMPLE;IL-22 RA1;Q8N6P7;OID00516;2.730.122;-0.89416;264.114;TRUE;PASS;PASS;0.98864;IPC Normalized;2.0.2;NPX Signature;assay;-0.89416;264.114;0.05126;-0.24082
TARGET96;Olink Target 96 Inflammation;3027;Target96;G1;MED 966-BX wk8;SAMPLE;IL-18R1;Q13478;OID00517;1.880.358;434.119;0.59764;FALSE;PASS;PASS;0.07955;IPC Normalized;2.0.2;NPX Signature;assay;434.119;0.59764;0.05126;-0.24082
TARGET96;Olink Target 96 Inflammation;3027;Target96;G1;MED 966-BX wk8;SAMPLE;PD-L1;Q9NZQ7;OID00518;2.224.107;275.889;206.434;FALSE;PASS;PASS;0.13636;IPC Normalized;2.0.2;NPX Signature;assay;275.889;206.434;0.05126;-0.24082
TARGET96;Olink Target 96 Inflammation;3027;Target96;G1;MED 966-BX wk8;SAMPLE;Beta-NGF;P01138;OID00519;1.427.237;-0.71672;-0.17729;TRUE;PASS;PASS;0.85227;IPC Normalized;2.0.2;NPX Signature;assay;-0.71672;-0.17729;0.05126;-0.24082
TARGET96;Olink Target 96 Inflammation;3027;Target96;G1;MED 966-BX wk8;SAMPLE;CXCL5;P42830;OID00520;1.398.889;985.263;130.106;FALSE;PASS;PASS;0.07955;IPC Normalized;2.0.2;NPX Signature;assay;985.263;130.106;0.05126;-0.24082
TARGET96;Olink Target 96 Inflammation;3027;Target96;G1;MED 966-BX wk8;SAMPLE;TRANCE;O14788;OID00521;2.324.537;-0.07036;-131.969;FALSE;PASS;PASS;0.11364;IPC Normalized;2.0.2;NPX Signature;assay;-0.07036;-131.969;0.05126;-0.24082
TARGET96;Olink Target 96 Inflammation;3027;Target96;G1;MED 966-BX wk8;SAMPLE;HGF;P14210;OID00522;1.724.568;415.094;0.10249;FALSE;PASS;PASS;0.07955;IPC Normalized;2.0.2;NPX Signature;assay;415.094;0.10249;0.05126;-0.24082
TARGET96;Olink Target 96 Inflammation;3027;Target96;G1;MED 966-BX wk8;SAMPLE;IL-12B;P29460;OID00523;2.316.772;-0.56996;-141.352;FALSE;PASS;PASS;0.15909;IPC Normalized;2.0.2;NPX Signature;assay;-0.56996;-141.352;0.05126;-0.24082
TARGET96;Olink Target 96 Inflammation;3027;Target96;G1;MED 966-BX wk8;SAMPLE;IL-24;Q13007;OID00524;2.502.229;-0.10985;0.61372;TRUE;PASS;PASS;0.81818;IPC Normalized;2.0.2;NPX Signature;assay;-0.10985;0.61372;0.05126;-0.24082
TARGET96;Olink Target 96 Inflammation;3027;Target96;G1;MED 966-BX wk8;SAMPLE;IL13;P35225;OID00525;2.179.928;-0.00361;120.432;TRUE;PASS;PASS;0.89773;IPC Normalized;2.0.2;NPX Signature;assay;-0.00361;120.432;0.05126;-0.24082
TARGET96;Olink Target 96 Inflammation;3027;Target96;G1;MED 966-BX wk8;SAMPLE;ARTN;Q5T4W7;OID00526;2.254.098;0.71983;0.58766;FALSE;PASS;PASS;0.84091;IPC Normalized;2.0.2;NPX Signature;assay;0.71983;0.58766;0.05126;-0.24082
TARGET96;Olink Target 96 Inflammation;3027;Target96;G1;MED 966-BX wk8;SAMPLE;MMP-10;P09238;OID00527;1.924.184;208.981;-0.27894;FALSE;PASS;PASS;0.07955;IPC Normalized;2.0.2;NPX Signature;assay;208.981;-0.27894;0.05126;-0.24082
TARGET96;Olink Target 96 Inflammation;3027;Target96;G1;MED 966-BX wk8;SAMPLE;IL10;P22301;OID00528;1.929.440;471.808;134.323;FALSE;PASS;PASS;0.07955;IPC Normalized;2.0.2;NPX Signature;assay;471.808;134.323;0.05126;-0.24082
TARGET96;Olink Target 96 Inflammation;3027;Target96;G1;MED 966-BX wk8;SAMPLE;TNF;P01375;OID05548;1.728.733;672.428;0.92674;FALSE;PASS;PASS;0.07955;IPC Normalized;2.0.2;NPX Signature;assay;672.428;0.92674;0.05126;-0.24082
TARGET96;Olink Target 96 Inflammation;3027;Target96;G1;MED 966-BX wk8;SAMPLE;CCL23;P55773;OID00530;2.077.762;0.81977;-0.28231;FALSE;PASS;PASS;0.07955;IPC Normalized;2.0.2;NPX Signature;assay;0.81977;-0.28231;0.05126;-0.24082
TARGET96;Olink Target 96 Inflammation;3027;Target96;G1;MED 966-BX wk8;SAMPLE;CD5;P06127;OID00531;1.389.387;686.851;-0.84352;FALSE;PASS;PASS;0.07955;IPC Normalized;2.0.2;NPX Signature;assay;686.851;-0.84352;0.05126;-0.24082
TARGET96;Olink Target 96 Inflammation;3027;Target96;G1;MED 966-BX wk8;SAMPLE;CCL3;P10147;OID00532;915.957;1.147.616;-0.11401;FALSE;PASS;PASS;0.07955;IPC Normalized;2.0.2;NPX Signature;assay;1.147.616;-0.11401;0.05126;-0.24082
TARGET96;Olink Target 96 Inflammation;3027;Target96;G1;MED 966-BX wk8;SAMPLE;Flt3L;P49771;OID00533;2.137.698;482.455;0.29529;FALSE;PASS;PASS;0.07955;IPC Normalized;2.0.2;NPX Signature;assay;482.455;0.29529;0.05126;-0.24082
TARGET96;Olink Target 96 Inflammation;3027;Target96;G1;MED 966-BX wk8;SAMPLE;CXCL6;P80162;OID00534;1.914.990;339.072;0.42501;FALSE;PASS;PASS;0.07955;IPC Normalized;2.0.2;NPX Signature;assay;339.072;0.42501;0.05126;-0.24082
TARGET96;Olink Target 96 Inflammation;3027;Target96;G1;MED 966-BX wk8;SAMPLE;CXCL10;P02778;OID00535;1.550.850;773.783;158.004;FALSE;PASS;PASS;0.07955;IPC Normalized;2.0.2;NPX Signature;assay;773.783;158.004;0.05126;-0.24082
TARGET96;Olink Target 96 Inflammation;3027;Target96;G1;MED 966-BX wk8;SAMPLE;4E-BP1;Q13541;OID00536;1.595.532;370.602;-0.95345;FALSE;PASS;PASS;0.07955;IPC Normalized;2.0.2;NPX Signature;assay;370.602;-0.95345;0.05126;-0.24082
TARGET96;Olink Target 96 Inflammation;3027;Target96;G1;MED 966-BX wk8;SAMPLE;IL-20;Q9NYY1;OID00537;2.157.044;-150.922;-0.28182;TRUE;PASS;PASS;0.97727;IPC Normalized;2.0.2;NPX Signature;assay;-150.922;-0.28182;0.05126;-0.24082
TARGET96;Olink Target 96 Inflammation;3027;Target96;G1;MED 966-BX wk8;SAMPLE;SIRT2;Q8IXJ6;OID00538;1.897.746;375.403;116.589;FALSE;PASS;PASS;0.18182;IPC Normalized;2.0.2;NPX Signature;assay;375.403;116.589;0.05126;-0.24082
TARGET96;Olink Target 96 Inflammation;3027;Target96;G1;MED 966-BX wk8;SAMPLE;CCL28;Q9NRJ3;OID00539;2.140.906;-0.51788;-0.70486;FALSE;PASS;PASS;0.85227;IPC Normalized;2.0.2;NPX Signature;assay;-0.51788;-0.70486;0.05126;-0.24082
TARGET96;Olink Target 96 Inflammation;3027;Target96;G1;MED 966-BX wk8;SAMPLE;DNER;Q8NFT8;OID01213;1.805.229;201.575;-0.30062;FALSE;PASS;PASS;0.07955;IPC Normalized;2.0.2;NPX Signature;assay;201.575;-0.30062;0.05126;-0.24082
TARGET96;Olink Target 96 Inflammation;3027;Target96;G1;MED 966-BX wk8;SAMPLE;EN-RAGE;P80511;OID00541;1.684.659;533.744;0.09630;FALSE;PASS;PASS;0.07955;IPC Normalized;2.0.2;NPX Signature;assay;533.744;0.09630;0.05126;-0.24082
TARGET96;Olink Target 96 Inflammation;3027;Target96;G1;MED 966-BX wk8;SAMPLE;CD40;P25942;OID00542;1.530.024;884.041;224.967;FALSE;PASS;PASS;0.07955;IPC Normalized;2.0.2;NPX Signature;assay;884.041;224.967;0.05126;-0.24082
TARGET96;Olink Target 96 Inflammation;3027;Target96;G1;MED 966-BX wk8;SAMPLE;IL33;O95760;OID00543;2.168.093;0.23129;0.91606;TRUE;PASS;PASS;100.000;IPC Normalized;2.0.2;NPX Signature;assay;0.23129;0.91606;0.05126;-0.24082
TARGET96;Olink Target 96 Inflammation;3027;Target96;G1;MED 966-BX wk8;SAMPLE;IFN-gamma;P01579;OID05547;1.668.412;887.218;305.868;FALSE;PASS;PASS;0.07955;IPC Normalized;2.0.2;NPX Signature;assay;887.218;305.868;0.05126;-0.24082
TARGET96;Olink Target 96 Inflammation;3027;Target96;G1;MED 966-BX wk8;SAMPLE;FGF-19;O95750;OID00545;2.144.128;-117.513;-0.76210;TRUE;PASS;PASS;0.67045;IPC Normalized;2.0.2;NPX Signature;assay;-117.513;-0.76210;0.05126;-0.24082
TARGET96;Olink Target 96 Inflammation;3027;Target96;G1;MED 966-BX wk8;SAMPLE;IL4;P05112;OID00546;2.385.316;-144.009;-102.563;TRUE;PASS;PASS;0.29545;IPC Normalized;2.0.2;NPX Signature;assay;-144.009;-102.563;0.05126;-0.24082
TARGET96;Olink Target 96 Inflammation;3027;Target96;G1;MED 966-BX wk8;SAMPLE;LIF;P15018;OID00547;1.903.244;0.95506;-0.79961;FALSE;PASS;PASS;0.07955;IPC Normalized;2.0.2;NPX Signature;assay;0.95506;-0.79961;0.05126;-0.24082
TARGET96;Olink Target 96 Inflammation;3027;Target96;G1;MED 966-BX wk8;SAMPLE;NRTN;Q99748;OID00548;2.239.560;-192.071;-0.41185;TRUE;PASS;PASS;0.97727;IPC Normalized;2.0.2;NPX Signature;assay;-192.071;-0.41185;0.05126;-0.24082
TARGET96;Olink Target 96 Inflammation;3027;Target96;G1;MED 966-BX wk8;SAMPLE;MCP-2;P80075;OID00549;1.528.516;860.500;127.866;FALSE;PASS;PASS;0.07955;IPC Normalized;2.0.2;NPX Signature;assay;860.500;127.866;0.05126;-0.24082
TARGET96;Olink Target 96 Inflammation;3027;Target96;G1;MED 966-BX wk8;SAMPLE;CASP-8;Q14790;OID00550;1.547.994;623.525;0.91291;FALSE;PASS;PASS;0.07955;IPC Normalized;2.0.2;NPX Signature;assay;623.525;0.91291;0.05126;-0.24082
TARGET96;Olink Target 96 Inflammation;3027;Target96;G1;MED 966-BX wk8;SAMPLE;CCL25;O15444;OID00551;2.126.706;-125.412;-0.18758;TRUE;PASS;PASS;0.98864;IPC Normalized;2.0.2;NPX Signature;assay;-125.412;-0.18758;0.05126;-0.24082
TARGET96;Olink Target 96 Inflammation;3027;Target96;G1;MED 966-BX wk8;SAMPLE;CX3CL1;P78423;OID00552;2.536.260;-189.053;-0.12333;TRUE;PASS;PASS;0.94318;IPC Normalized;2.0.2;NPX Signature;assay;-189.053;-0.12333;0.05126;-0.24082
TARGET96;Olink Target 96 Inflammation;3027;Target96;G1;MED 966-BX wk8;SAMPLE;TNFRSF9;Q07011;OID00553;1.947.846;328.172;0.83400;FALSE;PASS;PASS;0.07955;IPC Normalized;2.0.2;NPX Signature;assay;328.172;0.83400;0.05126;-0.24082
TARGET96;Olink Target 96 Inflammation;3027;Target96;G1;MED 966-BX wk8;SAMPLE;NT-3;P20783;OID00554;2.261.876;-0.44903;0.74628;TRUE;PASS;PASS;0.98864;IPC Normalized;2.0.2;NPX Signature;assay;-0.44903;0.74628;0.05126;-0.24082
TARGET96;Olink Target 96 Inflammation;3027;Target96;G1;MED 966-BX wk8;SAMPLE;TWEAK;O43508;OID00555;1.953.139;397.245;-182.937;FALSE;PASS;PASS;0.07955;IPC Normalized;2.0.2;NPX Signature;assay;397.245;-182.937;0.05126;-0.24082
TARGET96;Olink Target 96 Inflammation;3027;Target96;G1;MED 966-BX wk8;SAMPLE;CCL20;P78556;OID00556;1.574.967;647.005;131.645;FALSE;PASS;PASS;0.07955;IPC Normalized;2.0.2;NPX Signature;assay;647.005;131.645;0.05126;-0.24082
TARGET96;Olink Target 96 Inflammation;3027;Target96;G1;MED 966-BX wk8;SAMPLE;ST1A1;P50225;OID00557;1.555.001;743.552;125.003;FALSE;PASS;PASS;0.07955;IPC Normalized;2.0.2;NPX Signature;assay;743.552;125.003;0.05126;-0.24082
TARGET96;Olink Target 96 Inflammation;3027;Target96;G1;MED 966-BX wk8;SAMPLE;STAMBP;O95630;OID00558;1.667.834;445.714;-0.80337;FALSE;PASS;PASS;0.07955;IPC Normalized;2.0.2;NPX Signature;assay;445.714;-0.80337;0.05126;-0.24082
TARGET96;Olink Target 96 Inflammation;3027;Target96;G1;MED 966-BX wk8;SAMPLE;IL5;P05113;OID00559;2.250.209;0.23994;142.788;TRUE;PASS;PASS;0.95455;IPC Normalized;2.0.2;NPX Signature;assay;0.23994;142.788;0.05126;-0.24082
TARGET96;Olink Target 96 Inflammation;3027;Target96;G1;MED 966-BX wk8;SAMPLE;ADA;P00813;OID00560;1.456.181;713.113;-0.40830;FALSE;PASS;PASS;0.07955;IPC Normalized;2.0.2;NPX Signature;assay;713.113;-0.40830;0.05126;-0.24082
TARGET96;Olink Target 96 Inflammation;3027;Target96;G1;MED 966-BX wk8;SAMPLE;TNFB;P01374;OID00561;2.499.376;-109.729;0.56835;TRUE;PASS;PASS;0.64773;IPC Normalized;2.0.2;NPX Signature;assay;-109.729;0.56835;0.05126;-0.24082
TARGET96;Olink Target 96 Inflammation;3027;Target96;G1;MED 966-BX wk8;SAMPLE;CSF-1;P09603;OID00562;2.007.351;270.045;0.85565;FALSE;PASS;PASS;0.07955;IPC Normalized;2.0.2;NPX Signature;assay;270.045;0.85565;0.05126;-0.24082
TARGET96;Olink Target 96 Inflammation;3027;Target96;H1;AWA 660-VE wk0;SAMPLE;IL8;P10145;OID00471;823.047;1.362.212;166.148;FALSE;PASS;PASS;0.07955;IPC Normalized;2.0.2;NPX Signature;assay;1.362.212;166.148;0.07867;0.01647
TARGET96;Olink Target 96 Inflammation;3027;Target96;H1;AWA 660-VE wk0;SAMPLE;VEGFA;P15692;OID00472;1.451.719;823.256;0.00696;FALSE;PASS;PASS;0.07955;IPC Normalized;2.0.2;NPX Signature;assay;823.256;0.00696;0.07867;0.01647
TARGET96;Olink Target 96 Inflammation;3027;Target96;H1;AWA 660-VE wk0;SAMPLE;CD8A;P01732;OID05124;1.849.858;275.170;-126.143;FALSE;PASS;PASS;0.07955;IPC Normalized;2.0.2;NPX Signature;assay;275.170;-126.143;0.07867;0.01647
TARGET96;Olink Target 96 Inflammation;3027;Target96;H1;AWA 660-VE wk0;SAMPLE;Inc Ctrl 1;NA;OID00004;1.270.694;0.09726;0.07730;FALSE;PASS;NA;0.52273;IPC Normalized;2.0.2;NPX Signature;inc_ctrl_1;0.09726;0.07730;0.07867;0.01647
TARGET96;Olink Target 96 Inflammation;3027;Target96;H1;AWA 660-VE wk0;SAMPLE;MCP-3;P80098;OID00474;1.341.544;1.040.861;143.285;FALSE;PASS;PASS;0.07955;IPC Normalized;2.0.2;NPX Signature;assay;1.040.861;143.285;0.07867;0.01647
TARGET96;Olink Target 96 Inflammation;3027;Target96;H1;AWA 660-VE wk0;SAMPLE;GDNF;P39905;OID00475;2.290.162;0.59248;147.654;TRUE;PASS;PASS;0.97727;IPC Normalized;2.0.2;NPX Signature;assay;0.59248;147.654;0.07867;0.01647
TARGET96;Olink Target 96 Inflammation;3027;Target96;H1;AWA 660-VE wk0;SAMPLE;CDCP1;Q9H5V8;OID00476;2.298.412;-0.37457;-0.58297;FALSE;PASS;PASS;0.27273;IPC Normalized;2.0.2;NPX Signature;assay;-0.37457;-0.58297;0.07867;0.01647
TARGET96;Olink Target 96 Inflammation;3027;Target96;H1;AWA 660-VE wk0;SAMPLE;CD244;Q9BZW8;OID00477;1.902.291;410.839;153.762;FALSE;PASS;PASS;0.07955;IPC Normalized;2.0.2;NPX Signature;assay;410.839;153.762;0.07867;0.01647
TARGET96;Olink Target 96 Inflammation;3027;Target96;H1;AWA 660-VE wk0;SAMPLE;IL7;P13232;OID00478;2.130.167;-117.236;-0.70852;TRUE;PASS;PASS;0.95455;IPC Normalized;2.0.2;NPX Signature;assay;-117.236;-0.70852;0.07867;0.01647
TARGET96;Olink Target 96 Inflammation;3027;Target96;H1;AWA 660-VE wk0;SAMPLE;OPG;O00300;OID00479;2.012.246;-0.38112;-0.81398;FALSE;PASS;PASS;0.15909;IPC Normalized;2.0.2;NPX Signature;assay;-0.38112;-0.81398;0.07867;0.01647
TARGET96;Olink Target 96 Inflammation;3027;Target96;H1;AWA 660-VE wk0;SAMPLE;LAP TGF-beta-1;P01137;OID00480;1.885.121;293.040;-104.297;FALSE;PASS;PASS;0.07955;IPC Normalized;2.0.2;NPX Signature;assay;293.040;-104.297;0.07867;0.01647
TARGET96;Olink Target 96 Inflammation;3027;Target96;H1;AWA 660-VE wk0;SAMPLE;uPA;P00749;OID00481;1.469.954;507.313;0.11788;FALSE;PASS;PASS;0.07955;IPC Normalized;2.0.2;NPX Signature;assay;507.313;0.11788;0.07867;0.01647
TARGET96;Olink Target 96 Inflammation;3027;Target96;H1;AWA 660-VE wk0;SAMPLE;IL6;P05231;OID00482;934.267;1.229.165;131.223;FALSE;PASS;PASS;0.07955;IPC Normalized;2.0.2;NPX Signature;assay;1.229.165;131.223;0.07867;0.01647
TARGET96;Olink Target 96 Inflammation;3027;Target96;H1;AWA 660-VE wk0;SAMPLE;IL-17C;Q9P0M4;OID00483;2.204.366;0.01734;105.079;TRUE;PASS;PASS;100.000;IPC Normalized;2.0.2;NPX Signature;assay;0.01734;105.079;0.07867;0.01647
TARGET96;Olink Target 96 Inflammation;3027;Target96;H1;AWA 660-VE wk0;SAMPLE;MCP-1;P13500;OID00484;868.175;1.378.550;126.065;FALSE;PASS;PASS;0.07955;IPC Normalized;2.0.2;NPX Signature;assay;1.378.550;126.065;0.07867;0.01647
TARGET96;Olink Target 96 Inflammation;3027;Target96;H1;AWA 660-VE wk0;SAMPLE;IL-17A;Q16552;OID00485;2.437.105;-143.370;0.57759;TRUE;PASS;PASS;0.84091;IPC Normalized;2.0.2;NPX Signature;assay;-143.370;0.57759;0.07867;0.01647
TARGET96;Olink Target 96 Inflammation;3027;Target96;H1;AWA 660-VE wk0;SAMPLE;CXCL11;O14625;OID00486;2.077.884;157.047;0.12817;FALSE;PASS;PASS;0.09091;IPC Normalized;2.0.2;NPX Signature;assay;157.047;0.12817;0.07867;0.01647
TARGET96;Olink Target 96 Inflammation;3027;Target96;H1;AWA 660-VE wk0;SAMPLE;AXIN1;O15169;OID00487;2.051.779;0.49849;-0.49354;FALSE;PASS;PASS;0.12500;IPC Normalized;2.0.2;NPX Signature;assay;0.49849;-0.49354;0.07867;0.01647
TARGET96;Olink Target 96 Inflammation;3027;Target96;H1;AWA 660-VE wk0;SAMPLE;Ext Ctrl;NA;OID00005;1.425.412;0.00000;0.00000;FALSE;PASS;NA;0.07955;IPC Normalized;2.0.2;NPX Signature;ext_ctrl;0.00000;0.00000;0.07867;0.01647
TARGET96;Olink Target 96 Inflammation;3027;Target96;H1;AWA 660-VE wk0;SAMPLE;TRAIL;P50591;OID00488;2.077.428;0.92517;-0.15284;FALSE;PASS;PASS;0.07955;IPC Normalized;2.0.2;NPX Signature;assay;0.92517;-0.15284;0.07867;0.01647
TARGET96;Olink Target 96 Inflammation;3027;Target96;H1;AWA 660-VE wk0;SAMPLE;IL-20RA;Q9UHF4;OID00489;2.151.420;0.30848;104.704;TRUE;PASS;PASS;100.000;IPC Normalized;2.0.2;NPX Signature;assay;0.30848;104.704;0.07867;0.01647
TARGET96;Olink Target 96 Inflammation;3027;Target96;H1;AWA 660-VE wk0;SAMPLE;CXCL9;Q07325;OID00490;2.113.319;0.40388;0.66560;TRUE;PASS;PASS;0.20455;IPC Normalized;2.0.2;NPX Signature;assay;0.40388;0.66560;0.07867;0.01647
TARGET96;Olink Target 96 Inflammation;3027;Target96;H1;AWA 660-VE wk0;SAMPLE;CST5;P28325;OID00491;2.326.089;-168.813;-107.592;TRUE;PASS;PASS;0.63636;IPC Normalized;2.0.2;NPX Signature;assay;-168.813;-107.592;0.07867;0.01647
TARGET96;Olink Target 96 Inflammation;3027;Target96;H1;AWA 660-VE wk0;SAMPLE;IL-2RB;P14784;OID00492;2.290.583;0.36092;165.436;TRUE;PASS;PASS;100.000;IPC Normalized;2.0.2;NPX Signature;assay;0.36092;165.436;0.07867;0.01647
TARGET96;Olink Target 96 Inflammation;3027;Target96;H1;AWA 660-VE wk0;SAMPLE;IL-1 alpha;P01583;OID00493;1.325.720;733.842;-0.99251;FALSE;PASS;PASS;0.07955;IPC Normalized;2.0.2;NPX Signature;assay;733.842;-0.99251;0.07867;0.01647
TARGET96;Olink Target 96 Inflammation;3027;Target96;H1;AWA 660-VE wk0;SAMPLE;OSM;P13725;OID00494;1.365.140;843.632;0.16675;FALSE;PASS;PASS;0.07955;IPC Normalized;2.0.2;NPX Signature;assay;843.632;0.16675;0.07867;0.01647
TARGET96;Olink Target 96 Inflammation;3027;Target96;H1;AWA 660-VE wk0;SAMPLE;IL2;P60568;OID00495;2.194.464;0.56465;128.757;TRUE;PASS;PASS;0.94318;IPC Normalized;2.0.2;NPX Signature;assay;0.56465;128.757;0.07867;0.01647
TARGET96;Olink Target 96 Inflammation;3027;Target96;H1;AWA 660-VE wk0;SAMPLE;CXCL1;P09341;OID00496;1.149.016;1.345.171;279.881;FALSE;PASS;PASS;0.07955;IPC Normalized;2.0.2;NPX Signature;assay;1.345.171;279.881;0.07867;0.01647
TARGET96;Olink Target 96 Inflammation;3027;Target96;H1;AWA 660-VE wk0;SAMPLE;TSLP;Q969D9;OID00497;2.525.702;-0.46467;0.78329;TRUE;PASS;PASS;0.81818;IPC Normalized;2.0.2;NPX Signature;assay;-0.46467;0.78329;0.07867;0.01647
TARGET96;Olink Target 96 Inflammation;3027;Target96;H1;AWA 660-VE wk0;SAMPLE;CCL4;P13236;OID00498;826.898;1.120.658;-0.42383;FALSE;PASS;PASS;0.07955;IPC Normalized;2.0.2;NPX Signature;assay;1.120.658;-0.42383;0.07867;0.01647
TARGET96;Olink Target 96 Inflammation;3027;Target96;H1;AWA 660-VE wk0;SAMPLE;CD6;P30203;OID00499;1.923.311;363.948;-0.86517;FALSE;PASS;PASS;0.07955;IPC Normalized;2.0.2;NPX Signature;assay;363.948;-0.86517;0.07867;0.01647
TARGET96;Olink Target 96 Inflammation;3027;Target96;H1;AWA 660-VE wk0;SAMPLE;SCF;P21583;OID00500;2.200.996;-0.35323;0.19953;TRUE;PASS;PASS;0.96591;IPC Normalized;2.0.2;NPX Signature;assay;-0.35323;0.19953;0.07867;0.01647
TARGET96;Olink Target 96 Inflammation;3027;Target96;H1;AWA 660-VE wk0;SAMPLE;IL18;Q14116;OID00501;1.933.503;250.803;0.08663;FALSE;PASS;PASS;0.07955;IPC Normalized;2.0.2;NPX Signature;assay;250.803;0.08663;0.07867;0.01647
TARGET96;Olink Target 96 Inflammation;3027;Target96;H1;AWA 660-VE wk0;SAMPLE;SLAMF1;Q13291;OID00502;2.324.614;0.19882;0.76837;TRUE;PASS;PASS;0.81818;IPC Normalized;2.0.2;NPX Signature;assay;0.19882;0.76837;0.07867;0.01647
TARGET96;Olink Target 96 Inflammation;3027;Target96;H1;AWA 660-VE wk0;SAMPLE;TGF-alpha;P01135;OID00503;2.051.990;172.463;-171.917;FALSE;PASS;PASS;0.07955;IPC Normalized;2.0.2;NPX Signature;assay;172.463;-171.917;0.07867;0.01647
TARGET96;Olink Target 96 Inflammation;3027;Target96;H1;AWA 660-VE wk0;SAMPLE;MCP-4;Q99616;OID00504;1.811.114;760.166;143.956;FALSE;PASS;PASS;0.07955;IPC Normalized;2.0.2;NPX Signature;assay;760.166;143.956;0.07867;0.01647
TARGET96;Olink Target 96 Inflammation;3027;Target96;H1;AWA 660-VE wk0;SAMPLE;CCL11;P51671;OID00505;2.035.962;-0.34388;-0.40053;FALSE;PASS;PASS;0.68182;IPC Normalized;2.0.2;NPX Signature;assay;-0.34388;-0.40053;0.07867;0.01647
TARGET96;Olink Target 96 Inflammation;3027;Target96;H1;AWA 660-VE wk0;SAMPLE;TNFSF14;O43557;OID00506;1.519.473;457.481;-0.44803;FALSE;PASS;PASS;0.07955;IPC Normalized;2.0.2;NPX Signature;assay;457.481;-0.44803;0.07867;0.01647
TARGET96;Olink Target 96 Inflammation;3027;Target96;H1;AWA 660-VE wk0;SAMPLE;FGF-23;Q9GZV9;OID00507;2.230.779;0.06062;0.91747;TRUE;PASS;PASS;0.96591;IPC Normalized;2.0.2;NPX Signature;assay;0.06062;0.91747;0.07867;0.01647
TARGET96;Olink Target 96 Inflammation;3027;Target96;H1;AWA 660-VE wk0;SAMPLE;IL-10RA;Q13651;OID00508;2.142.211;-100.640;-0.70231;TRUE;PASS;PASS;0.50000;IPC Normalized;2.0.2;NPX Signature;assay;-100.640;-0.70231;0.07867;0.01647
TARGET96;Olink Target 96 Inflammation;3027;Target96;H1;AWA 660-VE wk0;SAMPLE;FGF-5;P12034;OID00509;2.137.366;-0.83981;-0.11172;TRUE;PASS;PASS;0.98864;IPC Normalized;2.0.2;NPX Signature;assay;-0.83981;-0.11172;0.07867;0.01647
TARGET96;Olink Target 96 Inflammation;3027;Target96;H1;AWA 660-VE wk0;SAMPLE;MMP-1;P03956;OID00510;1.462.777;809.313;-0.41038;FALSE;PASS;PASS;0.07955;IPC Normalized;2.0.2;NPX Signature;assay;809.313;-0.41038;0.07867;0.01647
TARGET96;Olink Target 96 Inflammation;3027;Target96;H1;AWA 660-VE wk0;SAMPLE;LIF-R;P42702;OID00511;2.168.744;-0.86841;0.22136;TRUE;PASS;PASS;100.000;IPC Normalized;2.0.2;NPX Signature;assay;-0.86841;0.22136;0.07867;0.01647
TARGET96;Olink Target 96 Inflammation;3027;Target96;H1;AWA 660-VE wk0;SAMPLE;FGF-21;Q9NSA1;OID00512;1.721.910;217.854;-0.44425;FALSE;PASS;PASS;0.07955;IPC Normalized;2.0.2;NPX Signature;assay;217.854;-0.44425;0.07867;0.01647
TARGET96;Olink Target 96 Inflammation;3027;Target96;H1;AWA 660-VE wk0;SAMPLE;CCL19;Q99731;OID00513;1.992.294;320.762;195.046;FALSE;PASS;PASS;0.07955;IPC Normalized;2.0.2;NPX Signature;assay;320.762;195.046;0.07867;0.01647
TARGET96;Olink Target 96 Inflammation;3027;Target96;H1;AWA 660-VE wk0;SAMPLE;Inc Ctrl 2;NA;OID00006;1.508.232;-0.08453;-0.10165;FALSE;PASS;NA;0.90909;IPC Normalized;2.0.2;NPX Signature;inc_ctrl_2;-0.08453;-0.10165;0.07867;0.01647
TARGET96;Olink Target 96 Inflammation;3027;Target96;H1;AWA 660-VE wk0;SAMPLE;Det Ctrl;NA;OID00007;999.934;-0.06648;0.01785;TRUE;PASS;NA;0.92045;IPC Normalized;2.0.2;NPX Signature;det_ctrl;-0.06648;0.01785;0.07867;0.01647
TARGET96;Olink Target 96 Inflammation;3027;Target96;H1;AWA 660-VE wk0;SAMPLE;IL-15RA;Q13261;OID00514;2.222.865;-0.64277;0.09772;TRUE;PASS;PASS;100.000;IPC Normalized;2.0.2;NPX Signature;assay;-0.64277;0.09772;0.07867;0.01647
TARGET96;Olink Target 96 Inflammation;3027;Target96;H1;AWA 660-VE wk0;SAMPLE;IL-10RB;Q08334;OID00515;2.255.470;-114.790;-0.88484;TRUE;PASS;PASS;0.37500;IPC Normalized;2.0.2;NPX Signature;assay;-114.790;-0.88484;0.07867;0.01647
TARGET96;Olink Target 96 Inflammation;3027;Target96;H1;AWA 660-VE wk0;SAMPLE;IL-22 RA1;Q8N6P7;OID00516;2.653.735;-0.08668;264.114;TRUE;PASS;PASS;0.98864;IPC Normalized;2.0.2;NPX Signature;assay;-0.08668;264.114;0.07867;0.01647
TARGET96;Olink Target 96 Inflammation;3027;Target96;H1;AWA 660-VE wk0;SAMPLE;IL-18R1;Q13478;OID00517;2.060.066;258.772;0.59764;FALSE;PASS;PASS;0.07955;IPC Normalized;2.0.2;NPX Signature;assay;258.772;0.59764;0.07867;0.01647
TARGET96;Olink Target 96 Inflammation;3027;Target96;H1;AWA 660-VE wk0;SAMPLE;PD-L1;Q9NZQ7;OID00518;2.243.069;261.287;206.434;FALSE;PASS;PASS;0.13636;IPC Normalized;2.0.2;NPX Signature;assay;261.287;206.434;0.07867;0.01647
TARGET96;Olink Target 96 Inflammation;3027;Target96;H1;AWA 660-VE wk0;SAMPLE;Beta-NGF;P01138;OID00519;1.426.762;-0.66836;-0.17729;TRUE;PASS;PASS;0.85227;IPC Normalized;2.0.2;NPX Signature;assay;-0.66836;-0.17729;0.07867;0.01647
TARGET96;Olink Target 96 Inflammation;3027;Target96;H1;AWA 660-VE wk0;SAMPLE;CXCL5;P42830;OID00520;1.139.521;1.248.992;130.106;FALSE;PASS;PASS;0.07955;IPC Normalized;2.0.2;NPX Signature;assay;1.248.992;130.106;0.07867;0.01647
TARGET96;Olink Target 96 Inflammation;3027;Target96;H1;AWA 660-VE wk0;SAMPLE;TRANCE;O14788;OID00521;2.288.289;0.33572;-131.969;FALSE;PASS;PASS;0.11364;IPC Normalized;2.0.2;NPX Signature;assay;0.33572;-131.969;0.07867;0.01647
TARGET96;Olink Target 96 Inflammation;3027;Target96;H1;AWA 660-VE wk0;SAMPLE;HGF;P14210;OID00522;1.867.533;276.489;0.10249;FALSE;PASS;PASS;0.07955;IPC Normalized;2.0.2;NPX Signature;assay;276.489;0.10249;0.07867;0.01647
TARGET96;Olink Target 96 Inflammation;3027;Target96;H1;AWA 660-VE wk0;SAMPLE;IL-12B;P29460;OID00523;2.280.855;-0.16718;-141.352;FALSE;PASS;PASS;0.15909;IPC Normalized;2.0.2;NPX Signature;assay;-0.16718;-141.352;0.07867;0.01647
TARGET96;Olink Target 96 Inflammation;3027;Target96;H1;AWA 660-VE wk0;SAMPLE;IL-24;Q13007;OID00524;2.499.232;-0.03627;0.61372;TRUE;PASS;PASS;0.81818;IPC Normalized;2.0.2;NPX Signature;assay;-0.03627;0.61372;0.07867;0.01647
TARGET96;Olink Target 96 Inflammation;3027;Target96;H1;AWA 660-VE wk0;SAMPLE;IL13;P35225;OID00525;2.209.685;-0.25757;120.432;TRUE;PASS;PASS;0.89773;IPC Normalized;2.0.2;NPX Signature;assay;-0.25757;120.432;0.07867;0.01647
TARGET96;Olink Target 96 Inflammation;3027;Target96;H1;AWA 660-VE wk0;SAMPLE;ARTN;Q5T4W7;OID00526;2.302.600;0.27842;0.58766;TRUE;PASS;PASS;0.84091;IPC Normalized;2.0.2;NPX Signature;assay;0.27842;0.58766;0.07867;0.01647
TARGET96;Olink Target 96 Inflammation;3027;Target96;H1;AWA 660-VE wk0;SAMPLE;MMP-10;P09238;OID00527;1.725.862;411.664;-0.27894;FALSE;PASS;PASS;0.07955;IPC Normalized;2.0.2;NPX Signature;assay;411.664;-0.27894;0.07867;0.01647
TARGET96;Olink Target 96 Inflammation;3027;Target96;H1;AWA 660-VE wk0;SAMPLE;IL10;P22301;OID00528;1.863.483;542.126;134.323;FALSE;PASS;PASS;0.07955;IPC Normalized;2.0.2;NPX Signature;assay;542.126;134.323;0.07867;0.01647
TARGET96;Olink Target 96 Inflammation;3027;Target96;H1;AWA 660-VE wk0;SAMPLE;TNF;P01375;OID05548;1.663.972;741.551;0.92674;FALSE;PASS;PASS;0.07955;IPC Normalized;2.0.2;NPX Signature;assay;741.551;0.92674;0.07867;0.01647
TARGET96;Olink Target 96 Inflammation;3027;Target96;H1;AWA 660-VE wk0;SAMPLE;CCL23;P55773;OID00530;1.934.103;229.997;-0.28231;FALSE;PASS;PASS;0.07955;IPC Normalized;2.0.2;NPX Signature;assay;229.997;-0.28231;0.07867;0.01647
TARGET96;Olink Target 96 Inflammation;3027;Target96;H1;AWA 660-VE wk0;SAMPLE;CD5;P06127;OID00531;1.495.181;585.418;-0.84352;FALSE;PASS;PASS;0.07955;IPC Normalized;2.0.2;NPX Signature;assay;585.418;-0.84352;0.07867;0.01647
TARGET96;Olink Target 96 Inflammation;3027;Target96;H1;AWA 660-VE wk0;SAMPLE;CCL3;P10147;OID00532;785.572;1.282.362;-0.11401;FALSE;PASS;PASS;0.07955;IPC Normalized;2.0.2;NPX Signature;assay;1.282.362;-0.11401;0.07867;0.01647
TARGET96;Olink Target 96 Inflammation;3027;Target96;H1;AWA 660-VE wk0;SAMPLE;Flt3L;P49771;OID00533;2.180.635;443.878;0.29529;FALSE;PASS;PASS;0.07955;IPC Normalized;2.0.2;NPX Signature;assay;443.878;0.29529;0.07867;0.01647
TARGET96;Olink Target 96 Inflammation;3027;Target96;H1;AWA 660-VE wk0;SAMPLE;CXCL6;P80162;OID00534;1.776.775;481.648;0.42501;FALSE;PASS;PASS;0.07955;IPC Normalized;2.0.2;NPX Signature;assay;481.648;0.42501;0.07867;0.01647
TARGET96;Olink Target 96 Inflammation;3027;Target96;H1;AWA 660-VE wk0;SAMPLE;CXCL10;P02778;OID00535;1.930.625;398.369;158.004;FALSE;PASS;PASS;0.07955;IPC Normalized;2.0.2;NPX Signature;assay;398.369;158.004;0.07867;0.01647
TARGET96;Olink Target 96 Inflammation;3027;Target96;H1;AWA 660-VE wk0;SAMPLE;4E-BP1;Q13541;OID00536;1.737.528;232.967;-0.95345;FALSE;PASS;PASS;0.07955;IPC Normalized;2.0.2;NPX Signature;assay;232.967;-0.95345;0.07867;0.01647
TARGET96;Olink Target 96 Inflammation;3027;Target96;H1;AWA 660-VE wk0;SAMPLE;IL-20;Q9NYY1;OID00537;2.140.798;-130.315;-0.28182;TRUE;PASS;PASS;0.97727;IPC Normalized;2.0.2;NPX Signature;assay;-130.315;-0.28182;0.07867;0.01647
TARGET96;Olink Target 96 Inflammation;3027;Target96;H1;AWA 660-VE wk0;SAMPLE;SIRT2;Q8IXJ6;OID00538;2.132.280;145.229;116.589;FALSE;PASS;PASS;0.18182;IPC Normalized;2.0.2;NPX Signature;assay;145.229;116.589;0.07867;0.01647
TARGET96;Olink Target 96 Inflammation;3027;Target96;H1;AWA 660-VE wk0;SAMPLE;CCL28;Q9NRJ3;OID00539;2.292.085;-198.606;-0.70486;TRUE;PASS;PASS;0.85227;IPC Normalized;2.0.2;NPX Signature;assay;-198.606;-0.70486;0.07867;0.01647
TARGET96;Olink Target 96 Inflammation;3027;Target96;H1;AWA 660-VE wk0;SAMPLE;DNER;Q8NFT8;OID01213;1.860.518;150.647;-0.30062;FALSE;PASS;PASS;0.07955;IPC Normalized;2.0.2;NPX Signature;assay;150.647;-0.30062;0.07867;0.01647
TARGET96;Olink Target 96 Inflammation;3027;Target96;H1;AWA 660-VE wk0;SAMPLE;EN-RAGE;P80511;OID00541;1.762.467;460.297;0.09630;FALSE;PASS;PASS;0.07955;IPC Normalized;2.0.2;NPX Signature;assay;460.297;0.09630;0.07867;0.01647
TARGET96;Olink Target 96 Inflammation;3027;Target96;H1;AWA 660-VE wk0;SAMPLE;CD40;P25942;OID00542;1.559.224;859.203;224.967;FALSE;PASS;PASS;0.07955;IPC Normalized;2.0.2;NPX Signature;assay;859.203;224.967;0.07867;0.01647
TARGET96;Olink Target 96 Inflammation;3027;Target96;H1;AWA 660-VE wk0;SAMPLE;IL33;O95760;OID00543;2.248.577;-0.52995;0.91606;TRUE;PASS;PASS;100.000;IPC Normalized;2.0.2;NPX Signature;assay;-0.52995;0.91606;0.07867;0.01647
TARGET96;Olink Target 96 Inflammation;3027;Target96;H1;AWA 660-VE wk0;SAMPLE;IFN-gamma;P01579;OID05547;1.969.989;590.002;305.868;FALSE;PASS;PASS;0.07955;IPC Normalized;2.0.2;NPX Signature;assay;590.002;305.868;0.07867;0.01647
TARGET96;Olink Target 96 Inflammation;3027;Target96;H1;AWA 660-VE wk0;SAMPLE;FGF-19;O95750;OID00545;2.124.513;-0.93537;-0.76210;TRUE;PASS;PASS;0.67045;IPC Normalized;2.0.2;NPX Signature;assay;-0.93537;-0.76210;0.07867;0.01647
TARGET96;Olink Target 96 Inflammation;3027;Target96;H1;AWA 660-VE wk0;SAMPLE;IL4;P05112;OID00546;2.212.394;0.33275;-102.563;FALSE;PASS;PASS;0.29545;IPC Normalized;2.0.2;NPX Signature;assay;0.33275;-102.563;0.07867;0.01647
TARGET96;Olink Target 96 Inflammation;3027;Target96;H1;AWA 660-VE wk0;SAMPLE;LIF;P15018;OID00547;1.852.332;150.779;-0.79961;FALSE;PASS;PASS;0.07955;IPC Normalized;2.0.2;NPX Signature;assay;150.779;-0.79961;0.07867;0.01647
TARGET96;Olink Target 96 Inflammation;3027;Target96;H1;AWA 660-VE wk0;SAMPLE;NRTN;Q99748;OID00548;2.181.777;-129.927;-0.41185;TRUE;PASS;PASS;0.97727;IPC Normalized;2.0.2;NPX Signature;assay;-129.927;-0.41185;0.07867;0.01647
TARGET96;Olink Target 96 Inflammation;3027;Target96;H1;AWA 660-VE wk0;SAMPLE;MCP-2;P80075;OID00549;1.786.042;607.335;127.866;FALSE;PASS;PASS;0.07955;IPC Normalized;2.0.2;NPX Signature;assay;607.335;127.866;0.07867;0.01647
TARGET96;Olink Target 96 Inflammation;3027;Target96;H1;AWA 660-VE wk0;SAMPLE;CASP-8;Q14790;OID00550;1.706.784;469.095;0.91291;FALSE;PASS;PASS;0.07955;IPC Normalized;2.0.2;NPX Signature;assay;469.095;0.91291;0.07867;0.01647
TARGET96;Olink Target 96 Inflammation;3027;Target96;H1;AWA 660-VE wk0;SAMPLE;CCL25;O15444;OID00551;2.135.107;-129.453;-0.18758;TRUE;PASS;PASS;0.98864;IPC Normalized;2.0.2;NPX Signature;assay;-129.453;-0.18758;0.07867;0.01647
TARGET96;Olink Target 96 Inflammation;3027;Target96;H1;AWA 660-VE wk0;SAMPLE;CX3CL1;P78423;OID00552;2.484.887;-133.320;-0.12333;TRUE;PASS;PASS;0.94318;IPC Normalized;2.0.2;NPX Signature;assay;-133.320;-0.12333;0.07867;0.01647
TARGET96;Olink Target 96 Inflammation;3027;Target96;H1;AWA 660-VE wk0;SAMPLE;TNFRSF9;Q07011;OID00553;2.066.965;213.414;0.83400;FALSE;PASS;PASS;0.07955;IPC Normalized;2.0.2;NPX Signature;assay;213.414;0.83400;0.07867;0.01647
TARGET96;Olink Target 96 Inflammation;3027;Target96;H1;AWA 660-VE wk0;SAMPLE;NT-3;P20783;OID00554;2.267.135;-0.45802;0.74628;TRUE;PASS;PASS;0.98864;IPC Normalized;2.0.2;NPX Signature;assay;-0.45802;0.74628;0.07867;0.01647
TARGET96;Olink Target 96 Inflammation;3027;Target96;H1;AWA 660-VE wk0;SAMPLE;TWEAK;O43508;OID00555;2.078.284;276.460;-182.937;FALSE;PASS;PASS;0.07955;IPC Normalized;2.0.2;NPX Signature;assay;276.460;-182.937;0.07867;0.01647
TARGET96;Olink Target 96 Inflammation;3027;Target96;H1;AWA 660-VE wk0;SAMPLE;CCL20;P78556;OID00556;1.534.038;692.295;131.645;FALSE;PASS;PASS;0.07955;IPC Normalized;2.0.2;NPX Signature;assay;692.295;131.645;0.07867;0.01647
TARGET96;Olink Target 96 Inflammation;3027;Target96;H1;AWA 660-VE wk0;SAMPLE;ST1A1;P50225;OID00557;1.685.757;617.156;125.003;FALSE;PASS;PASS;0.07955;IPC Normalized;2.0.2;NPX Signature;assay;617.156;125.003;0.07867;0.01647
TARGET96;Olink Target 96 Inflammation;3027;Target96;H1;AWA 660-VE wk0;SAMPLE;STAMBP;O95630;OID00558;1.830.664;287.245;-0.80337;FALSE;PASS;PASS;0.07955;IPC Normalized;2.0.2;NPX Signature;assay;287.245;-0.80337;0.07867;0.01647
TARGET96;Olink Target 96 Inflammation;3027;Target96;H1;AWA 660-VE wk0;SAMPLE;IL5;P05113;OID00559;2.207.668;0.70895;142.788;TRUE;PASS;PASS;0.95455;IPC Normalized;2.0.2;NPX Signature;assay;0.70895;142.788;0.07867;0.01647
TARGET96;Olink Target 96 Inflammation;3027;Target96;H1;AWA 660-VE wk0;SAMPLE;ADA;P00813;OID00560;1.644.312;529.343;-0.40830;FALSE;PASS;PASS;0.07955;IPC Normalized;2.0.2;NPX Signature;assay;529.343;-0.40830;0.07867;0.01647
TARGET96;Olink Target 96 Inflammation;3027;Target96;H1;AWA 660-VE wk0;SAMPLE;TNFB;P01374;OID00561;2.370.915;0.23093;0.56835;TRUE;PASS;PASS;0.64773;IPC Normalized;2.0.2;NPX Signature;assay;0.23093;0.56835;0.07867;0.01647
TARGET96;Olink Target 96 Inflammation;3027;Target96;H1;AWA 660-VE wk0;SAMPLE;CSF-1;P09603;OID00562;2.000.543;281.213;0.85565;FALSE;PASS;PASS;0.07955;IPC Normalized;2.0.2;NPX Signature;assay;281.213;0.85565;0.07867;0.01647
TARGET96;Olink Target 96 Inflammation;3027;Target96;A2;MED 365-ZP wk8;SAMPLE;IL8;P10145;OID00471;951.058;1.445.551;166.148;FALSE;WARN;PASS;0.07955;IPC Normalized;2.0.2;NPX Signature;assay;1.445.551;166.148;0.08646;0.50941
TARGET96;Olink Target 96 Inflammation;3027;Target96;A2;MED 365-ZP wk8;SAMPLE;VEGFA;P15692;OID00472;1.852.885;633.440;0.00696;FALSE;WARN;PASS;0.07955;IPC Normalized;2.0.2;NPX Signature;assay;633.440;0.00696;0.08646;0.50941
TARGET96;Olink Target 96 Inflammation;3027;Target96;A2;MED 365-ZP wk8;SAMPLE;CD8A;P01732;OID05124;2.140.880;195.498;-126.143;FALSE;WARN;PASS;0.07955;IPC Normalized;2.0.2;NPX Signature;assay;195.498;-126.143;0.08646;0.50941
TARGET96;Olink Target 96 Inflammation;3027;Target96;A2;MED 365-ZP wk8;SAMPLE;Inc Ctrl 1;NA;OID00004;1.432.750;0.59020;0.07730;FALSE;WARN;NA;0.52273;IPC Normalized;2.0.2;NPX Signature;inc_ctrl_1;0.59020;0.07730;0.08646;0.50941
TARGET96;Olink Target 96 Inflammation;3027;Target96;A2;MED 365-ZP wk8;SAMPLE;MCP-3;P80098;OID00474;1.820.730;773.025;143.285;FALSE;WARN;PASS;0.07955;IPC Normalized;2.0.2;NPX Signature;assay;773.025;143.285;0.08646;0.50941
TARGET96;Olink Target 96 Inflammation;3027;Target96;A2;MED 365-ZP wk8;SAMPLE;GDNF;P39905;OID00475;2.527.271;0.33488;147.654;TRUE;WARN;PASS;0.97727;IPC Normalized;2.0.2;NPX Signature;assay;0.33488;147.654;0.08646;0.50941
TARGET96;Olink Target 96 Inflammation;3027;Target96;A2;MED 365-ZP wk8;SAMPLE;CDCP1;Q9H5V8;OID00476;2.569.118;-0.96812;-0.58297;TRUE;WARN;PASS;0.27273;IPC Normalized;2.0.2;NPX Signature;assay;-0.96812;-0.58297;0.08646;0.50941
TARGET96;Olink Target 96 Inflammation;3027;Target96;A2;MED 365-ZP wk8;SAMPLE;CD244;Q9BZW8;OID00477;2.111.701;412.779;153.762;FALSE;WARN;PASS;0.07955;IPC Normalized;2.0.2;NPX Signature;assay;412.779;153.762;0.08646;0.50941
TARGET96;Olink Target 96 Inflammation;3027;Target96;A2;MED 365-ZP wk8;SAMPLE;IL7;P13232;OID00478;2.325.448;-101.167;-0.70852;TRUE;WARN;PASS;0.95455;IPC Normalized;2.0.2;NPX Signature;assay;-101.167;-0.70852;0.08646;0.50941
TARGET96;Olink Target 96 Inflammation;3027;Target96;A2;MED 365-ZP wk8;SAMPLE;OPG;O00300;OID00479;2.263.015;-0.77531;-0.81398;FALSE;WARN;PASS;0.15909;IPC Normalized;2.0.2;NPX Signature;assay;-0.77531;-0.81398;0.08646;0.50941
TARGET96;Olink Target 96 Inflammation;3027;Target96;A2;MED 365-ZP wk8;SAMPLE;LAP TGF-beta-1;P01137;OID00480;2.176.069;213.442;-104.297;FALSE;WARN;PASS;0.07955;IPC Normalized;2.0.2;NPX Signature;assay;213.442;-104.297;0.08646;0.50941
TARGET96;Olink Target 96 Inflammation;3027;Target96;A2;MED 365-ZP wk8;SAMPLE;uPA;P00749;OID00481;1.676.084;512.533;0.11788;FALSE;WARN;PASS;0.07955;IPC Normalized;2.0.2;NPX Signature;assay;512.533;0.11788;0.08646;0.50941
TARGET96;Olink Target 96 Inflammation;3027;Target96;A2;MED 365-ZP wk8;SAMPLE;IL6;P05231;OID00482;1.345.249;1.029.534;131.223;FALSE;WARN;PASS;0.07955;IPC Normalized;2.0.2;NPX Signature;assay;1.029.534;131.223;0.08646;0.50941
TARGET96;Olink Target 96 Inflammation;3027;Target96;A2;MED 365-ZP wk8;SAMPLE;IL-17C;Q9P0M4;OID00483;2.452.832;-0.35382;105.079;TRUE;WARN;PASS;100.000;IPC Normalized;2.0.2;NPX Signature;assay;-0.35382;105.079;0.08646;0.50941
TARGET96;Olink Target 96 Inflammation;3027;Target96;A2;MED 365-ZP wk8;SAMPLE;MCP-1;P13500;OID00484;1.210.407;1.247.668;126.065;FALSE;WARN;PASS;0.07955;IPC Normalized;2.0.2;NPX Signature;assay;1.247.668;126.065;0.08646;0.50941
TARGET96;Olink Target 96 Inflammation;3027;Target96;A2;MED 365-ZP wk8;SAMPLE;IL-17A;Q16552;OID00485;2.620.245;-115.159;0.57759;TRUE;WARN;PASS;0.84091;IPC Normalized;2.0.2;NPX Signature;assay;-115.159;0.57759;0.08646;0.50941
TARGET96;Olink Target 96 Inflammation;3027;Target96;A2;MED 365-ZP wk8;SAMPLE;CXCL11;O14625;OID00486;2.443.378;0.02903;0.12817;TRUE;WARN;PASS;0.09091;IPC Normalized;2.0.2;NPX Signature;assay;0.02903;0.12817;0.08646;0.50941
TARGET96;Olink Target 96 Inflammation;3027;Target96;A2;MED 365-ZP wk8;SAMPLE;AXIN1;O15169;OID00487;2.371.414;-0.58435;-0.49354;TRUE;WARN;PASS;0.12500;IPC Normalized;2.0.2;NPX Signature;assay;-0.58435;-0.49354;0.08646;0.50941
TARGET96;Olink Target 96 Inflammation;3027;Target96;A2;MED 365-ZP wk8;SAMPLE;Ext Ctrl;NA;OID00005;1.636.762;0.00000;0.00000;FALSE;WARN;NA;0.07955;IPC Normalized;2.0.2;NPX Signature;ext_ctrl;0.00000;0.00000;0.08646;0.50941
TARGET96;Olink Target 96 Inflammation;3027;Target96;A2;MED 365-ZP wk8;SAMPLE;TRAIL;P50591;OID00488;2.260.714;120.581;-0.15284;FALSE;WARN;PASS;0.07955;IPC Normalized;2.0.2;NPX Signature;assay;120.581;-0.15284;0.08646;0.50941
TARGET96;Olink Target 96 Inflammation;3027;Target96;A2;MED 365-ZP wk8;SAMPLE;IL-20RA;Q9UHF4;OID00489;2.435.194;-0.41576;104.704;TRUE;WARN;PASS;100.000;IPC Normalized;2.0.2;NPX Signature;assay;-0.41576;104.704;0.08646;0.50941
TARGET96;Olink Target 96 Inflammation;3027;Target96;A2;MED 365-ZP wk8;SAMPLE;CXCL9;Q07325;OID00490;2.256.224;108.833;0.66560;FALSE;WARN;PASS;0.20455;IPC Normalized;2.0.2;NPX Signature;assay;108.833;0.66560;0.08646;0.50941
TARGET96;Olink Target 96 Inflammation;3027;Target96;A2;MED 365-ZP wk8;SAMPLE;CST5;P28325;OID00491;2.536.096;-167.470;-107.592;TRUE;WARN;PASS;0.63636;IPC Normalized;2.0.2;NPX Signature;assay;-167.470;-107.592;0.08646;0.50941
TARGET96;Olink Target 96 Inflammation;3027;Target96;A2;MED 365-ZP wk8;SAMPLE;IL-2RB;P14784;OID00492;2.754.537;-216.512;165.436;TRUE;WARN;PASS;100.000;IPC Normalized;2.0.2;NPX Signature;assay;-216.512;165.436;0.08646;0.50941
TARGET96;Olink Target 96 Inflammation;3027;Target96;A2;MED 365-ZP wk8;SAMPLE;IL-1 alpha;P01583;OID00493;2.025.084;245.829;-0.99251;FALSE;WARN;PASS;0.07955;IPC Normalized;2.0.2;NPX Signature;assay;245.829;-0.99251;0.08646;0.50941
TARGET96;Olink Target 96 Inflammation;3027;Target96;A2;MED 365-ZP wk8;SAMPLE;OSM;P13725;OID00494;1.736.116;684.006;0.16675;FALSE;WARN;PASS;0.07955;IPC Normalized;2.0.2;NPX Signature;assay;684.006;0.16675;0.08646;0.50941
TARGET96;Olink Target 96 Inflammation;3027;Target96;A2;MED 365-ZP wk8;SAMPLE;IL2;P60568;OID00495;2.476.492;-0.14213;128.757;TRUE;WARN;PASS;0.94318;IPC Normalized;2.0.2;NPX Signature;assay;-0.14213;128.757;0.08646;0.50941
TARGET96;Olink Target 96 Inflammation;3027;Target96;A2;MED 365-ZP wk8;SAMPLE;CXCL1;P09341;OID00496;1.440.273;1.265.264;279.881;FALSE;WARN;PASS;0.07955;IPC Normalized;2.0.2;NPX Signature;assay;1.265.264;279.881;0.08646;0.50941
TARGET96;Olink Target 96 Inflammation;3027;Target96;A2;MED 365-ZP wk8;SAMPLE;TSLP;Q969D9;OID00497;2.641.098;0.49487;0.78329;TRUE;WARN;PASS;0.81818;IPC Normalized;2.0.2;NPX Signature;assay;0.49487;0.78329;0.08646;0.50941
TARGET96;Olink Target 96 Inflammation;3027;Target96;A2;MED 365-ZP wk8;SAMPLE;CCL4;P13236;OID00498;1.076.393;1.082.513;-0.42383;FALSE;WARN;PASS;0.07955;IPC Normalized;2.0.2;NPX Signature;assay;1.082.513;-0.42383;0.08646;0.50941
TARGET96;Olink Target 96 Inflammation;3027;Target96;A2;MED 365-ZP wk8;SAMPLE;CD6;P30203;OID00499;2.028.173;470.436;-0.86517;FALSE;WARN;PASS;0.07955;IPC Normalized;2.0.2;NPX Signature;assay;470.436;-0.86517;0.08646;0.50941
TARGET96;Olink Target 96 Inflammation;3027;Target96;A2;MED 365-ZP wk8;SAMPLE;SCF;P21583;OID00500;2.403.764;-0.26741;0.19953;TRUE;WARN;PASS;0.96591;IPC Normalized;2.0.2;NPX Signature;assay;-0.26741;0.19953;0.08646;0.50941
TARGET96;Olink Target 96 Inflammation;3027;Target96;A2;MED 365-ZP wk8;SAMPLE;IL18;Q14116;OID00501;2.072.524;323.132;0.08663;FALSE;WARN;PASS;0.07955;IPC Normalized;2.0.2;NPX Signature;assay;323.132;0.08663;0.08646;0.50941
TARGET96;Olink Target 96 Inflammation;3027;Target96;A2;MED 365-ZP wk8;SAMPLE;SLAMF1;Q13291;OID00502;2.495.124;0.60722;0.76837;TRUE;WARN;PASS;0.81818;IPC Normalized;2.0.2;NPX Signature;assay;0.60722;0.76837;0.08646;0.50941
TARGET96;Olink Target 96 Inflammation;3027;Target96;A2;MED 365-ZP wk8;SAMPLE;TGF-alpha;P01135;OID00503;2.243.326;192.476;-171.917;FALSE;WARN;PASS;0.07955;IPC Normalized;2.0.2;NPX Signature;assay;192.476;-171.917;0.08646;0.50941
TARGET96;Olink Target 96 Inflammation;3027;Target96;A2;MED 365-ZP wk8;SAMPLE;MCP-4;Q99616;OID00504;2.106.443;676.187;143.956;FALSE;WARN;PASS;0.07955;IPC Normalized;2.0.2;NPX Signature;assay;676.187;143.956;0.08646;0.50941
TARGET96;Olink Target 96 Inflammation;3027;Target96;A2;MED 365-ZP wk8;SAMPLE;CCL11;P51671;OID00505;2.296.832;-0.83908;-0.40053;TRUE;WARN;PASS;0.68182;IPC Normalized;2.0.2;NPX Signature;assay;-0.83908;-0.40053;0.08646;0.50941
TARGET96;Olink Target 96 Inflammation;3027;Target96;A2;MED 365-ZP wk8;SAMPLE;TNFSF14;O43557;OID00506;1.658.285;530.019;-0.44803;FALSE;WARN;PASS;0.07955;IPC Normalized;2.0.2;NPX Signature;assay;530.019;-0.44803;0.08646;0.50941
TARGET96;Olink Target 96 Inflammation;3027;Target96;A2;MED 365-ZP wk8;SAMPLE;FGF-23;Q9GZV9;OID00507;2.387.743;0.60449;0.91747;TRUE;WARN;PASS;0.96591;IPC Normalized;2.0.2;NPX Signature;assay;0.60449;0.91747;0.08646;0.50941
TARGET96;Olink Target 96 Inflammation;3027;Target96;A2;MED 365-ZP wk8;SAMPLE;IL-10RA;Q13651;OID00508;2.278.422;-0.25500;-0.70231;FALSE;WARN;PASS;0.50000;IPC Normalized;2.0.2;NPX Signature;assay;-0.25500;-0.70231;0.08646;0.50941
TARGET96;Olink Target 96 Inflammation;3027;Target96;A2;MED 365-ZP wk8;SAMPLE;FGF-5;P12034;OID00509;2.342.670;-0.77936;-0.11172;TRUE;WARN;PASS;0.98864;IPC Normalized;2.0.2;NPX Signature;assay;-0.77936;-0.11172;0.08646;0.50941
TARGET96;Olink Target 96 Inflammation;3027;Target96;A2;MED 365-ZP wk8;SAMPLE;MMP-1;P03956;OID00510;1.741.237;742.203;-0.41038;FALSE;WARN;PASS;0.07955;IPC Normalized;2.0.2;NPX Signature;assay;742.203;-0.41038;0.08646;0.50941
TARGET96;Olink Target 96 Inflammation;3027;Target96;A2;MED 365-ZP wk8;SAMPLE;LIF-R;P42702;OID00511;2.384.191;-0.90938;0.22136;TRUE;WARN;PASS;100.000;IPC Normalized;2.0.2;NPX Signature;assay;-0.90938;0.22136;0.08646;0.50941
TARGET96;Olink Target 96 Inflammation;3027;Target96;A2;MED 365-ZP wk8;SAMPLE;FGF-21;Q9NSA1;OID00512;1.931.254;219.860;-0.44425;FALSE;WARN;PASS;0.07955;IPC Normalized;2.0.2;NPX Signature;assay;219.860;-0.44425;0.08646;0.50941
TARGET96;Olink Target 96 Inflammation;3027;Target96;A2;MED 365-ZP wk8;SAMPLE;CCL19;Q99731;OID00513;2.154.098;370.308;195.046;FALSE;WARN;PASS;0.07955;IPC Normalized;2.0.2;NPX Signature;assay;370.308;195.046;0.08646;0.50941
TARGET96;Olink Target 96 Inflammation;3027;Target96;A2;MED 365-ZP wk8;SAMPLE;Inc Ctrl 2;NA;OID00006;1.729.163;-0.18033;-0.10165;TRUE;WARN;NA;0.90909;IPC Normalized;2.0.2;NPX Signature;inc_ctrl_2;-0.18033;-0.10165;0.08646;0.50941
TARGET96;Olink Target 96 Inflammation;3027;Target96;A2;MED 365-ZP wk8;SAMPLE;Det Ctrl;NA;OID00007;1.210.505;-0.05869;0.01785;TRUE;WARN;NA;0.92045;IPC Normalized;2.0.2;NPX Signature;det_ctrl;-0.05869;0.01785;0.08646;0.50941
TARGET96;Olink Target 96 Inflammation;3027;Target96;A2;MED 365-ZP wk8;SAMPLE;IL-15RA;Q13261;OID00514;2.437.728;-0.67790;0.09772;TRUE;WARN;PASS;100.000;IPC Normalized;2.0.2;NPX Signature;assay;-0.67790;0.09772;0.08646;0.50941
TARGET96;Olink Target 96 Inflammation;3027;Target96;A2;MED 365-ZP wk8;SAMPLE;IL-10RB;Q08334;OID00515;2.462.565;-110.534;-0.88484;TRUE;WARN;PASS;0.37500;IPC Normalized;2.0.2;NPX Signature;assay;-110.534;-0.88484;0.08646;0.50941
TARGET96;Olink Target 96 Inflammation;3027;Target96;A2;MED 365-ZP wk8;SAMPLE;IL-22 RA1;Q8N6P7;OID00516;2.870.932;-0.14515;264.114;TRUE;WARN;PASS;0.98864;IPC Normalized;2.0.2;NPX Signature;assay;-0.14515;264.114;0.08646;0.50941
TARGET96;Olink Target 96 Inflammation;3027;Target96;A2;MED 365-ZP wk8;SAMPLE;IL-18R1;Q13478;OID00517;2.183.641;346.547;0.59764;FALSE;WARN;PASS;0.07955;IPC Normalized;2.0.2;NPX Signature;assay;346.547;0.59764;0.08646;0.50941
TARGET96;Olink Target 96 Inflammation;3027;Target96;A2;MED 365-ZP wk8;SAMPLE;PD-L1;Q9NZQ7;OID00518;2.468.653;247.053;206.434;FALSE;WARN;PASS;0.13636;IPC Normalized;2.0.2;NPX Signature;assay;247.053;206.434;0.08646;0.50941
TARGET96;Olink Target 96 Inflammation;3027;Target96;A2;MED 365-ZP wk8;SAMPLE;Beta-NGF;P01138;OID00519;1.578.873;-0.07597;-0.17729;FALSE;WARN;PASS;0.85227;IPC Normalized;2.0.2;NPX Signature;assay;-0.07597;-0.17729;0.08646;0.50941
TARGET96;Olink Target 96 Inflammation;3027;Target96;A2;MED 365-ZP wk8;SAMPLE;CXCL5;P42830;OID00520;1.519.303;1.080.561;130.106;FALSE;WARN;PASS;0.07955;IPC Normalized;2.0.2;NPX Signature;assay;1.080.561;130.106;0.08646;0.50941
TARGET96;Olink Target 96 Inflammation;3027;Target96;A2;MED 365-ZP wk8;SAMPLE;TRANCE;O14788;OID00521;2.433.527;0.99685;-131.969;FALSE;WARN;PASS;0.11364;IPC Normalized;2.0.2;NPX Signature;assay;0.99685;-131.969;0.08646;0.50941
TARGET96;Olink Target 96 Inflammation;3027;Target96;A2;MED 365-ZP wk8;SAMPLE;HGF;P14210;OID00522;1.920.986;434.387;0.10249;FALSE;WARN;PASS;0.07955;IPC Normalized;2.0.2;NPX Signature;assay;434.387;0.10249;0.08646;0.50941
TARGET96;Olink Target 96 Inflammation;3027;Target96;A2;MED 365-ZP wk8;SAMPLE;IL-12B;P29460;OID00523;2.605.369;-129.882;-141.352;FALSE;WARN;PASS;0.15909;IPC Normalized;2.0.2;NPX Signature;assay;-129.882;-141.352;0.08646;0.50941
TARGET96;Olink Target 96 Inflammation;3027;Target96;A2;MED 365-ZP wk8;SAMPLE;IL-24;Q13007;OID00524;2.659.844;0.47111;0.61372;TRUE;WARN;PASS;0.81818;IPC Normalized;2.0.2;NPX Signature;assay;0.47111;0.61372;0.08646;0.50941
TARGET96;Olink Target 96 Inflammation;3027;Target96;A2;MED 365-ZP wk8;SAMPLE;IL13;P35225;OID00525;2.485.831;-0.90553;120.432;TRUE;WARN;PASS;0.89773;IPC Normalized;2.0.2;NPX Signature;assay;-0.90553;120.432;0.08646;0.50941
TARGET96;Olink Target 96 Inflammation;3027;Target96;A2;MED 365-ZP wk8;SAMPLE;ARTN;Q5T4W7;OID00526;2.566.688;-0.24896;0.58766;TRUE;WARN;PASS;0.84091;IPC Normalized;2.0.2;NPX Signature;assay;-0.24896;0.58766;0.08646;0.50941
TARGET96;Olink Target 96 Inflammation;3027;Target96;A2;MED 365-ZP wk8;SAMPLE;MMP-10;P09238;OID00527;1.877.254;471.622;-0.27894;FALSE;WARN;PASS;0.07955;IPC Normalized;2.0.2;NPX Signature;assay;471.622;-0.27894;0.08646;0.50941
TARGET96;Olink Target 96 Inflammation;3027;Target96;A2;MED 365-ZP wk8;SAMPLE;IL10;P22301;OID00528;2.200.967;415.992;134.323;FALSE;WARN;PASS;0.07955;IPC Normalized;2.0.2;NPX Signature;assay;415.992;134.323;0.08646;0.50941
TARGET96;Olink Target 96 Inflammation;3027;Target96;A2;MED 365-ZP wk8;SAMPLE;TNF;P01375;OID05548;2.022.017;594.856;0.92674;FALSE;WARN;PASS;0.07955;IPC Normalized;2.0.2;NPX Signature;assay;594.856;0.92674;0.08646;0.50941
TARGET96;Olink Target 96 Inflammation;3027;Target96;A2;MED 365-ZP wk8;SAMPLE;CCL23;P55773;OID00530;2.264.965;110.485;-0.28231;FALSE;WARN;PASS;0.07955;IPC Normalized;2.0.2;NPX Signature;assay;110.485;-0.28231;0.08646;0.50941
TARGET96;Olink Target 96 Inflammation;3027;Target96;A2;MED 365-ZP wk8;SAMPLE;CD5;P06127;OID00531;1.600.593;691.356;-0.84352;FALSE;WARN;PASS;0.07955;IPC Normalized;2.0.2;NPX Signature;assay;691.356;-0.84352;0.08646;0.50941
TARGET96;Olink Target 96 Inflammation;3027;Target96;A2;MED 365-ZP wk8;SAMPLE;CCL3;P10147;OID00532;1.097.026;1.182.258;-0.11401;FALSE;WARN;PASS;0.07955;IPC Normalized;2.0.2;NPX Signature;assay;1.182.258;-0.11401;0.08646;0.50941
TARGET96;Olink Target 96 Inflammation;3027;Target96;A2;MED 365-ZP wk8;SAMPLE;Flt3L;P49771;OID00533;2.453.568;382.295;0.29529;FALSE;WARN;PASS;0.07955;IPC Normalized;2.0.2;NPX Signature;assay;382.295;0.29529;0.08646;0.50941
TARGET96;Olink Target 96 Inflammation;3027;Target96;A2;MED 365-ZP wk8;SAMPLE;CXCL6;P80162;OID00534;2.041.352;428.421;0.42501;FALSE;WARN;PASS;0.07955;IPC Normalized;2.0.2;NPX Signature;assay;428.421;0.42501;0.08646;0.50941
TARGET96;Olink Target 96 Inflammation;3027;Target96;A2;MED 365-ZP wk8;SAMPLE;CXCL10;P02778;OID00535;2.049.631;490.713;158.004;FALSE;WARN;PASS;0.07955;IPC Normalized;2.0.2;NPX Signature;assay;490.713;158.004;0.08646;0.50941
TARGET96;Olink Target 96 Inflammation;3027;Target96;A2;MED 365-ZP wk8;SAMPLE;4E-BP1;Q13541;OID00536;2.035.955;145.890;-0.95345;FALSE;WARN;PASS;0.07955;IPC Normalized;2.0.2;NPX Signature;assay;145.890;-0.95345;0.08646;0.50941
TARGET96;Olink Target 96 Inflammation;3027;Target96;A2;MED 365-ZP wk8;SAMPLE;IL-20;Q9NYY1;OID00537;2.301.368;-0.79534;-0.28182;TRUE;WARN;PASS;0.97727;IPC Normalized;2.0.2;NPX Signature;assay;-0.79534;-0.28182;0.08646;0.50941
TARGET96;Olink Target 96 Inflammation;3027;Target96;A2;MED 365-ZP wk8;SAMPLE;SIRT2;Q8IXJ6;OID00538;2.362.639;126.221;116.589;FALSE;WARN;PASS;0.18182;IPC Normalized;2.0.2;NPX Signature;assay;126.221;116.589;0.08646;0.50941
TARGET96;Olink Target 96 Inflammation;3027;Target96;A2;MED 365-ZP wk8;SAMPLE;CCL28;Q9NRJ3;OID00539;2.419.396;-114.567;-0.70486;TRUE;WARN;PASS;0.85227;IPC Normalized;2.0.2;NPX Signature;assay;-114.567;-0.70486;0.08646;0.50941
TARGET96;Olink Target 96 Inflammation;3027;Target96;A2;MED 365-ZP wk8;SAMPLE;DNER;Q8NFT8;OID01213;2.054.364;168.151;-0.30062;FALSE;WARN;PASS;0.07955;IPC Normalized;2.0.2;NPX Signature;assay;168.151;-0.30062;0.08646;0.50941
TARGET96;Olink Target 96 Inflammation;3027;Target96;A2;MED 365-ZP wk8;SAMPLE;EN-RAGE;P80511;OID00541;1.920.414;513.699;0.09630;FALSE;WARN;PASS;0.07955;IPC Normalized;2.0.2;NPX Signature;assay;513.699;0.09630;0.08646;0.50941
TARGET96;Olink Target 96 Inflammation;3027;Target96;A2;MED 365-ZP wk8;SAMPLE;CD40;P25942;OID00542;1.770.877;858.900;224.967;FALSE;WARN;PASS;0.07955;IPC Normalized;2.0.2;NPX Signature;assay;858.900;224.967;0.08646;0.50941
TARGET96;Olink Target 96 Inflammation;3027;Target96;A2;MED 365-ZP wk8;SAMPLE;IL33;O95760;OID00543;2.458.304;-0.51371;0.91606;TRUE;WARN;PASS;100.000;IPC Normalized;2.0.2;NPX Signature;assay;-0.51371;0.91606;0.08646;0.50941
TARGET96;Olink Target 96 Inflammation;3027;Target96;A2;MED 365-ZP wk8;SAMPLE;IFN-gamma;P01579;OID05547;2.004.159;767.183;305.868;FALSE;WARN;PASS;0.07955;IPC Normalized;2.0.2;NPX Signature;assay;767.183;305.868;0.08646;0.50941
TARGET96;Olink Target 96 Inflammation;3027;Target96;A2;MED 365-ZP wk8;SAMPLE;FGF-19;O95750;OID00545;2.316.187;-0.73861;-0.76210;FALSE;WARN;PASS;0.67045;IPC Normalized;2.0.2;NPX Signature;assay;-0.73861;-0.76210;0.08646;0.50941
TARGET96;Olink Target 96 Inflammation;3027;Target96;A2;MED 365-ZP wk8;SAMPLE;IL4;P05112;OID00546;2.441.509;0.15509;-102.563;FALSE;WARN;PASS;0.29545;IPC Normalized;2.0.2;NPX Signature;assay;0.15509;-102.563;0.08646;0.50941
TARGET96;Olink Target 96 Inflammation;3027;Target96;A2;MED 365-ZP wk8;SAMPLE;LIF;P15018;OID00547;2.185.943;0.28518;-0.79961;FALSE;WARN;PASS;0.07955;IPC Normalized;2.0.2;NPX Signature;assay;0.28518;-0.79961;0.08646;0.50941
TARGET96;Olink Target 96 Inflammation;3027;Target96;A2;MED 365-ZP wk8;SAMPLE;NRTN;Q99748;OID00548;2.337.912;-0.74711;-0.41185;TRUE;WARN;PASS;0.97727;IPC Normalized;2.0.2;NPX Signature;assay;-0.74711;-0.41185;0.08646;0.50941
TARGET96;Olink Target 96 Inflammation;3027;Target96;A2;MED 365-ZP wk8;SAMPLE;MCP-2;P80075;OID00549;2.055.821;548.906;127.866;FALSE;WARN;PASS;0.07955;IPC Normalized;2.0.2;NPX Signature;assay;548.906;127.866;0.08646;0.50941
TARGET96;Olink Target 96 Inflammation;3027;Target96;A2;MED 365-ZP wk8;SAMPLE;CASP-8;Q14790;OID00550;1.933.064;454.166;0.91291;FALSE;WARN;PASS;0.07955;IPC Normalized;2.0.2;NPX Signature;assay;454.166;0.91291;0.08646;0.50941
TARGET96;Olink Target 96 Inflammation;3027;Target96;A2;MED 365-ZP wk8;SAMPLE;CCL25;O15444;OID00551;2.332.045;-115.041;-0.18758;TRUE;WARN;PASS;0.98864;IPC Normalized;2.0.2;NPX Signature;assay;-115.041;-0.18758;0.08646;0.50941
TARGET96;Olink Target 96 Inflammation;3027;Target96;A2;MED 365-ZP wk8;SAMPLE;CX3CL1;P78423;OID00552;2.933.664;-370.746;-0.12333;TRUE;WARN;PASS;0.94318;IPC Normalized;2.0.2;NPX Signature;assay;-370.746;-0.12333;0.08646;0.50941
TARGET96;Olink Target 96 Inflammation;3027;Target96;A2;MED 365-ZP wk8;SAMPLE;TNFRSF9;Q07011;OID00553;2.294.201;197.528;0.83400;FALSE;WARN;PASS;0.07955;IPC Normalized;2.0.2;NPX Signature;assay;197.528;0.83400;0.08646;0.50941
TARGET96;Olink Target 96 Inflammation;3027;Target96;A2;MED 365-ZP wk8;SAMPLE;NT-3;P20783;OID00554;2.446.723;-0.14040;0.74628;TRUE;WARN;PASS;0.98864;IPC Normalized;2.0.2;NPX Signature;assay;-0.14040;0.74628;0.08646;0.50941
TARGET96;Olink Target 96 Inflammation;3027;Target96;A2;MED 365-ZP wk8;SAMPLE;TWEAK;O43508;OID00555;2.250.337;315.757;-182.937;FALSE;WARN;PASS;0.07955;IPC Normalized;2.0.2;NPX Signature;assay;315.757;-182.937;0.08646;0.50941
TARGET96;Olink Target 96 Inflammation;3027;Target96;A2;MED 365-ZP wk8;SAMPLE;CCL20;P78556;OID00556;2.007.379;430.304;131.645;FALSE;WARN;PASS;0.07955;IPC Normalized;2.0.2;NPX Signature;assay;430.304;131.645;0.08646;0.50941
TARGET96;Olink Target 96 Inflammation;3027;Target96;A2;MED 365-ZP wk8;SAMPLE;ST1A1;P50225;OID00557;1.972.710;541.554;125.003;FALSE;WARN;PASS;0.07955;IPC Normalized;2.0.2;NPX Signature;assay;541.554;125.003;0.08646;0.50941
TARGET96;Olink Target 96 Inflammation;3027;Target96;A2;MED 365-ZP wk8;SAMPLE;STAMBP;O95630;OID00558;2.123.644;205.615;-0.80337;FALSE;WARN;PASS;0.07955;IPC Normalized;2.0.2;NPX Signature;assay;205.615;-0.80337;0.08646;0.50941
TARGET96;Olink Target 96 Inflammation;3027;Target96;A2;MED 365-ZP wk8;SAMPLE;IL5;P05113;OID00559;2.454.693;0.35220;142.788;TRUE;WARN;PASS;0.95455;IPC Normalized;2.0.2;NPX Signature;assay;0.35220;142.788;0.08646;0.50941
TARGET96;Olink Target 96 Inflammation;3027;Target96;A2;MED 365-ZP wk8;SAMPLE;ADA;P00813;OID00560;1.943.445;441.560;-0.40830;FALSE;WARN;PASS;0.07955;IPC Normalized;2.0.2;NPX Signature;assay;441.560;-0.40830;0.08646;0.50941
TARGET96;Olink Target 96 Inflammation;3027;Target96;A2;MED 365-ZP wk8;SAMPLE;TNFB;P01374;OID00561;2.540.170;0.65189;0.56835;FALSE;WARN;PASS;0.64773;IPC Normalized;2.0.2;NPX Signature;assay;0.65189;0.56835;0.08646;0.50941
TARGET96;Olink Target 96 Inflammation;3027;Target96;A2;MED 365-ZP wk8;SAMPLE;CSF-1;P09603;OID00562;2.300.972;192.135;0.85565;FALSE;WARN;PASS;0.07955;IPC Normalized;2.0.2;NPX Signature;assay;192.135;0.85565;0.08646;0.50941
TARGET96;Olink Target 96 Inflammation;3027;Target96;B2;AWA 660-VE wk22;SAMPLE;IL8;P10145;OID00471;828.123;1.348.174;166.148;FALSE;PASS;PASS;0.07955;IPC Normalized;2.0.2;NPX Signature;assay;1.348.174;166.148;0.03610;-0.04095
TARGET96;Olink Target 96 Inflammation;3027;Target96;B2;AWA 660-VE wk22;SAMPLE;VEGFA;P15692;OID00472;1.396.110;869.903;0.00696;FALSE;PASS;PASS;0.07955;IPC Normalized;2.0.2;NPX Signature;assay;869.903;0.00696;0.03610;-0.04095
TARGET96;Olink Target 96 Inflammation;3027;Target96;B2;AWA 660-VE wk22;SAMPLE;CD8A;P01732;OID05124;1.922.805;193.260;-126.143;FALSE;PASS;PASS;0.07955;IPC Normalized;2.0.2;NPX Signature;assay;193.260;-126.143;0.03610;-0.04095
TARGET96;Olink Target 96 Inflammation;3027;Target96;B2;AWA 660-VE wk22;SAMPLE;Inc Ctrl 1;NA;OID00004;1.267.473;0.03984;0.07730;TRUE;PASS;NA;0.52273;IPC Normalized;2.0.2;NPX Signature;inc_ctrl_1;0.03984;0.07730;0.03610;-0.04095
TARGET96;Olink Target 96 Inflammation;3027;Target96;B2;AWA 660-VE wk22;SAMPLE;MCP-3;P80098;OID00474;1.428.784;944.659;143.285;FALSE;PASS;PASS;0.07955;IPC Normalized;2.0.2;NPX Signature;assay;944.659;143.285;0.03610;-0.04095
TARGET96;Olink Target 96 Inflammation;3027;Target96;B2;AWA 660-VE wk22;SAMPLE;GDNF;P39905;OID00475;2.222.605;117.843;147.654;TRUE;PASS;PASS;0.97727;IPC Normalized;2.0.2;NPX Signature;assay;117.843;147.654;0.03610;-0.04095
TARGET96;Olink Target 96 Inflammation;3027;Target96;B2;AWA 660-VE wk22;SAMPLE;CDCP1;Q9H5V8;OID00476;2.296.192;-0.44199;-0.58297;FALSE;PASS;PASS;0.27273;IPC Normalized;2.0.2;NPX Signature;assay;-0.44199;-0.58297;0.03610;-0.04095
TARGET96;Olink Target 96 Inflammation;3027;Target96;B2;AWA 660-VE wk22;SAMPLE;CD244;Q9BZW8;OID00477;1.873.774;430.393;153.762;FALSE;PASS;PASS;0.07955;IPC Normalized;2.0.2;NPX Signature;assay;430.393;153.762;0.03610;-0.04095
TARGET96;Olink Target 96 Inflammation;3027;Target96;B2;AWA 660-VE wk22;SAMPLE;IL7;P13232;OID00478;2.175.274;-171.306;-0.70852;TRUE;PASS;PASS;0.95455;IPC Normalized;2.0.2;NPX Signature;assay;-171.306;-0.70852;0.03610;-0.04095
TARGET96;Olink Target 96 Inflammation;3027;Target96;B2;AWA 660-VE wk22;SAMPLE;OPG;O00300;OID00479;1.979.403;-0.14232;-0.81398;FALSE;PASS;PASS;0.15909;IPC Normalized;2.0.2;NPX Signature;assay;-0.14232;-0.81398;0.03610;-0.04095
TARGET96;Olink Target 96 Inflammation;3027;Target96;B2;AWA 660-VE wk22;SAMPLE;LAP TGF-beta-1;P01137;OID00480;1.861.926;307.272;-104.297;FALSE;PASS;PASS;0.07955;IPC Normalized;2.0.2;NPX Signature;assay;307.272;-104.297;0.03610;-0.04095
TARGET96;Olink Target 96 Inflammation;3027;Target96;B2;AWA 660-VE wk22;SAMPLE;uPA;P00749;OID00481;1.478.614;489.691;0.11788;FALSE;PASS;PASS;0.07955;IPC Normalized;2.0.2;NPX Signature;assay;489.691;0.11788;0.03610;-0.04095
TARGET96;Olink Target 96 Inflammation;3027;Target96;B2;AWA 660-VE wk22;SAMPLE;IL6;P05231;OID00482;990.133;1.164.337;131.223;FALSE;PASS;PASS;0.07955;IPC Normalized;2.0.2;NPX Signature;assay;1.164.337;131.223;0.03610;-0.04095
TARGET96;Olink Target 96 Inflammation;3027;Target96;B2;AWA 660-VE wk22;SAMPLE;IL-17C;Q9P0M4;OID00483;2.205.167;-0.08029;105.079;TRUE;PASS;PASS;100.000;IPC Normalized;2.0.2;NPX Signature;assay;-0.08029;105.079;0.03610;-0.04095
TARGET96;Olink Target 96 Inflammation;3027;Target96;B2;AWA 660-VE wk22;SAMPLE;MCP-1;P13500;OID00484;858.212;1.379.551;126.065;FALSE;PASS;PASS;0.07955;IPC Normalized;2.0.2;NPX Signature;assay;1.379.551;126.065;0.03610;-0.04095
TARGET96;Olink Target 96 Inflammation;3027;Target96;B2;AWA 660-VE wk22;SAMPLE;IL-17A;Q16552;OID00485;2.423.025;-138.252;0.57759;TRUE;PASS;PASS;0.84091;IPC Normalized;2.0.2;NPX Signature;assay;-138.252;0.57759;0.03610;-0.04095
TARGET96;Olink Target 96 Inflammation;3027;Target96;B2;AWA 660-VE wk22;SAMPLE;CXCL11;O14625;OID00486;2.027.541;198.427;0.12817;FALSE;PASS;PASS;0.09091;IPC Normalized;2.0.2;NPX Signature;assay;198.427;0.12817;0.03610;-0.04095
TARGET96;Olink Target 96 Inflammation;3027;Target96;B2;AWA 660-VE wk22;SAMPLE;AXIN1;O15169;OID00487;2.039.933;0.52733;-0.49354;FALSE;PASS;PASS;0.12500;IPC Normalized;2.0.2;NPX Signature;assay;0.52733;-0.49354;0.03610;-0.04095
TARGET96;Olink Target 96 Inflammation;3027;Target96;B2;AWA 660-VE wk22;SAMPLE;Ext Ctrl;NA;OID00005;1.416.450;0.00000;0.00000;FALSE;PASS;NA;0.07955;IPC Normalized;2.0.2;NPX Signature;ext_ctrl;0.00000;0.00000;0.03610;-0.04095
TARGET96;Olink Target 96 Inflammation;3027;Target96;B2;AWA 660-VE wk22;SAMPLE;TRAIL;P50591;OID00488;2.085.616;0.75367;-0.15284;FALSE;PASS;PASS;0.07955;IPC Normalized;2.0.2;NPX Signature;assay;0.75367;-0.15284;0.03610;-0.04095
TARGET96;Olink Target 96 Inflammation;3027;Target96;B2;AWA 660-VE wk22;SAMPLE;IL-20RA;Q9UHF4;OID00489;2.155.292;0.18013;104.704;TRUE;PASS;PASS;100.000;IPC Normalized;2.0.2;NPX Signature;assay;0.18013;104.704;0.03610;-0.04095
TARGET96;Olink Target 96 Inflammation;3027;Target96;B2;AWA 660-VE wk22;SAMPLE;CXCL9;Q07325;OID00490;1.997.157;147.587;0.66560;FALSE;PASS;PASS;0.20455;IPC Normalized;2.0.2;NPX Signature;assay;147.587;0.66560;0.03610;-0.04095
TARGET96;Olink Target 96 Inflammation;3027;Target96;B2;AWA 660-VE wk22;SAMPLE;CST5;P28325;OID00491;2.249.183;-100.869;-107.592;FALSE;PASS;PASS;0.63636;IPC Normalized;2.0.2;NPX Signature;assay;-100.869;-107.592;0.03610;-0.04095
TARGET96;Olink Target 96 Inflammation;3027;Target96;B2;AWA 660-VE wk22;SAMPLE;IL-2RB;P14784;OID00492;2.226.326;0.91387;165.436;TRUE;PASS;PASS;100.000;IPC Normalized;2.0.2;NPX Signature;assay;0.91387;165.436;0.03610;-0.04095
TARGET96;Olink Target 96 Inflammation;3027;Target96;B2;AWA 660-VE wk22;SAMPLE;IL-1 alpha;P01583;OID00493;1.503.037;547.563;-0.99251;FALSE;PASS;PASS;0.07955;IPC Normalized;2.0.2;NPX Signature;assay;547.563;-0.99251;0.03610;-0.04095
TARGET96;Olink Target 96 Inflammation;3027;Target96;B2;AWA 660-VE wk22;SAMPLE;OSM;P13725;OID00494;1.327.578;872.231;0.16675;FALSE;PASS;PASS;0.07955;IPC Normalized;2.0.2;NPX Signature;assay;872.231;0.16675;0.03610;-0.04095
TARGET96;Olink Target 96 Inflammation;3027;Target96;B2;AWA 660-VE wk22;SAMPLE;IL2;P60568;OID00495;2.262.418;-0.20451;128.757;TRUE;PASS;PASS;0.94318;IPC Normalized;2.0.2;NPX Signature;assay;-0.20451;128.757;0.03610;-0.04095
TARGET96;Olink Target 96 Inflammation;3027;Target96;B2;AWA 660-VE wk22;SAMPLE;CXCL1;P09341;OID00496;1.148.816;1.336.409;279.881;FALSE;PASS;PASS;0.07955;IPC Normalized;2.0.2;NPX Signature;assay;1.336.409;279.881;0.03610;-0.04095
TARGET96;Olink Target 96 Inflammation;3027;Target96;B2;AWA 660-VE wk22;SAMPLE;TSLP;Q969D9;OID00497;2.441.299;0.28973;0.78329;TRUE;PASS;PASS;0.81818;IPC Normalized;2.0.2;NPX Signature;assay;0.28973;0.78329;0.03610;-0.04095
TARGET96;Olink Target 96 Inflammation;3027;Target96;B2;AWA 660-VE wk22;SAMPLE;CCL4;P13236;OID00498;840.853;1.097.741;-0.42383;FALSE;PASS;PASS;0.07955;IPC Normalized;2.0.2;NPX Signature;assay;1.097.741;-0.42383;0.03610;-0.04095
TARGET96;Olink Target 96 Inflammation;3027;Target96;B2;AWA 660-VE wk22;SAMPLE;CD6;P30203;OID00499;1.911.835;366.461;-0.86517;FALSE;PASS;PASS;0.07955;IPC Normalized;2.0.2;NPX Signature;assay;366.461;-0.86517;0.03610;-0.04095
TARGET96;Olink Target 96 Inflammation;3027;Target96;B2;AWA 660-VE wk22;SAMPLE;SCF;P21583;OID00500;2.158.155;-0.01444;0.19953;TRUE;PASS;PASS;0.96591;IPC Normalized;2.0.2;NPX Signature;assay;-0.01444;0.19953;0.03610;-0.04095
TARGET96;Olink Target 96 Inflammation;3027;Target96;B2;AWA 660-VE wk22;SAMPLE;IL18;Q14116;OID00501;1.960.847;214.497;0.08663;FALSE;PASS;PASS;0.07955;IPC Normalized;2.0.2;NPX Signature;assay;214.497;0.08663;0.03610;-0.04095
TARGET96;Olink Target 96 Inflammation;3027;Target96;B2;AWA 660-VE wk22;SAMPLE;SLAMF1;Q13291;OID00502;2.343.095;-0.07561;0.76837;TRUE;PASS;PASS;0.81818;IPC Normalized;2.0.2;NPX Signature;assay;-0.07561;0.76837;0.03610;-0.04095
TARGET96;Olink Target 96 Inflammation;3027;Target96;B2;AWA 660-VE wk22;SAMPLE;TGF-alpha;P01135;OID00503;2.013.481;202.009;-171.917;FALSE;PASS;PASS;0.07955;IPC Normalized;2.0.2;NPX Signature;assay;202.009;-171.917;0.03610;-0.04095
TARGET96;Olink Target 96 Inflammation;3027;Target96;B2;AWA 660-VE wk22;SAMPLE;MCP-4;Q99616;OID00504;1.816.093;746.225;143.956;FALSE;PASS;PASS;0.07955;IPC Normalized;2.0.2;NPX Signature;assay;746.225;143.956;0.03610;-0.04095
TARGET96;Olink Target 96 Inflammation;3027;Target96;B2;AWA 660-VE wk22;SAMPLE;CCL11;P51671;OID00505;2.030.395;-0.37784;-0.40053;FALSE;PASS;PASS;0.68182;IPC Normalized;2.0.2;NPX Signature;assay;-0.37784;-0.40053;0.03610;-0.04095
TARGET96;Olink Target 96 Inflammation;3027;Target96;B2;AWA 660-VE wk22;SAMPLE;TNFSF14;O43557;OID00506;1.511.906;456.086;-0.44803;FALSE;PASS;PASS;0.07955;IPC Normalized;2.0.2;NPX Signature;assay;456.086;-0.44803;0.03610;-0.04095
TARGET96;Olink Target 96 Inflammation;3027;Target96;B2;AWA 660-VE wk22;SAMPLE;FGF-23;Q9GZV9;OID00507;2.224.336;0.03543;0.91747;TRUE;PASS;PASS;0.96591;IPC Normalized;2.0.2;NPX Signature;assay;0.03543;0.91747;0.03610;-0.04095
TARGET96;Olink Target 96 Inflammation;3027;Target96;B2;AWA 660-VE wk22;SAMPLE;IL-10RA;Q13651;OID00508;2.144.343;-111.734;-0.70231;TRUE;PASS;PASS;0.50000;IPC Normalized;2.0.2;NPX Signature;assay;-111.734;-0.70231;0.03610;-0.04095
TARGET96;Olink Target 96 Inflammation;3027;Target96;B2;AWA 660-VE wk22;SAMPLE;FGF-5;P12034;OID00509;2.152.421;-107.998;-0.11172;TRUE;PASS;PASS;0.98864;IPC Normalized;2.0.2;NPX Signature;assay;-107.998;-0.11172;0.03610;-0.04095
TARGET96;Olink Target 96 Inflammation;3027;Target96;B2;AWA 660-VE wk22;SAMPLE;MMP-1;P03956;OID00510;1.461.266;801.862;-0.41038;FALSE;PASS;PASS;0.07955;IPC Normalized;2.0.2;NPX Signature;assay;801.862;-0.41038;0.03610;-0.04095
TARGET96;Olink Target 96 Inflammation;3027;Target96;B2;AWA 660-VE wk22;SAMPLE;LIF-R;P42702;OID00511;2.176.283;-103.342;0.22136;TRUE;PASS;PASS;100.000;IPC Normalized;2.0.2;NPX Signature;assay;-103.342;0.22136;0.03610;-0.04095
TARGET96;Olink Target 96 Inflammation;3027;Target96;B2;AWA 660-VE wk22;SAMPLE;FGF-21;Q9NSA1;OID00512;1.754.540;176.261;-0.44425;FALSE;PASS;PASS;0.07955;IPC Normalized;2.0.2;NPX Signature;assay;176.261;-0.44425;0.03610;-0.04095
TARGET96;Olink Target 96 Inflammation;3027;Target96;B2;AWA 660-VE wk22;SAMPLE;CCL19;Q99731;OID00513;1.917.623;386.470;195.046;FALSE;PASS;PASS;0.07955;IPC Normalized;2.0.2;NPX Signature;assay;386.470;195.046;0.03610;-0.04095
TARGET96;Olink Target 96 Inflammation;3027;Target96;B2;AWA 660-VE wk22;SAMPLE;Inc Ctrl 2;NA;OID00006;1.513.946;-0.23129;-0.10165;TRUE;PASS;NA;0.90909;IPC Normalized;2.0.2;NPX Signature;inc_ctrl_2;-0.23129;-0.10165;0.03610;-0.04095
TARGET96;Olink Target 96 Inflammation;3027;Target96;B2;AWA 660-VE wk22;SAMPLE;Det Ctrl;NA;OID00007;995.229;-0.10905;0.01785;TRUE;PASS;NA;0.92045;IPC Normalized;2.0.2;NPX Signature;det_ctrl;-0.10905;0.01785;0.03610;-0.04095
TARGET96;Olink Target 96 Inflammation;3027;Target96;B2;AWA 660-VE wk22;SAMPLE;IL-15RA;Q13261;OID00514;2.198.089;-0.48463;0.09772;TRUE;PASS;PASS;100.000;IPC Normalized;2.0.2;NPX Signature;assay;-0.48463;0.09772;0.03610;-0.04095
TARGET96;Olink Target 96 Inflammation;3027;Target96;B2;AWA 660-VE wk22;SAMPLE;IL-10RB;Q08334;OID00515;2.240.635;-108.917;-0.88484;TRUE;PASS;PASS;0.37500;IPC Normalized;2.0.2;NPX Signature;assay;-108.917;-0.88484;0.03610;-0.04095
TARGET96;Olink Target 96 Inflammation;3027;Target96;B2;AWA 660-VE wk22;SAMPLE;IL-22 RA1;Q8N6P7;OID00516;2.759.494;-123.390;264.114;TRUE;PASS;PASS;0.98864;IPC Normalized;2.0.2;NPX Signature;assay;-123.390;264.114;0.03610;-0.04095
TARGET96;Olink Target 96 Inflammation;3027;Target96;B2;AWA 660-VE wk22;SAMPLE;IL-18R1;Q13478;OID00517;1.998.081;311.794;0.59764;FALSE;PASS;PASS;0.07955;IPC Normalized;2.0.2;NPX Signature;assay;311.794;0.59764;0.03610;-0.04095
TARGET96;Olink Target 96 Inflammation;3027;Target96;B2;AWA 660-VE wk22;SAMPLE;PD-L1;Q9NZQ7;OID00518;2.190.724;304.670;206.434;FALSE;PASS;PASS;0.13636;IPC Normalized;2.0.2;NPX Signature;assay;304.670;206.434;0.03610;-0.04095
TARGET96;Olink Target 96 Inflammation;3027;Target96;B2;AWA 660-VE wk22;SAMPLE;Beta-NGF;P01138;OID00519;1.410.841;-0.59877;-0.17729;TRUE;PASS;PASS;0.85227;IPC Normalized;2.0.2;NPX Signature;assay;-0.59877;-0.17729;0.03610;-0.04095
TARGET96;Olink Target 96 Inflammation;3027;Target96;B2;AWA 660-VE wk22;SAMPLE;CXCL5;P42830;OID00520;1.112.163;1.267.388;130.106;FALSE;PASS;PASS;0.07955;IPC Normalized;2.0.2;NPX Signature;assay;1.267.388;130.106;0.03610;-0.04095
TARGET96;Olink Target 96 Inflammation;3027;Target96;B2;AWA 660-VE wk22;SAMPLE;TRANCE;O14788;OID00521;2.224.039;0.88860;-131.969;FALSE;PASS;PASS;0.11364;IPC Normalized;2.0.2;NPX Signature;assay;0.88860;-131.969;0.03610;-0.04095
TARGET96;Olink Target 96 Inflammation;3027;Target96;B2;AWA 660-VE wk22;SAMPLE;HGF;P14210;OID00522;1.799.792;335.269;0.10249;FALSE;PASS;PASS;0.07955;IPC Normalized;2.0.2;NPX Signature;assay;335.269;0.10249;0.03610;-0.04095
TARGET96;Olink Target 96 Inflammation;3027;Target96;B2;AWA 660-VE wk22;SAMPLE;IL-12B;P29460;OID00523;2.245.664;0.09510;-141.352;FALSE;PASS;PASS;0.15909;IPC Normalized;2.0.2;NPX Signature;assay;0.09510;-141.352;0.03610;-0.04095
TARGET96;Olink Target 96 Inflammation;3027;Target96;B2;AWA 660-VE wk22;SAMPLE;IL-24;Q13007;OID00524;2.437.430;0.49213;0.61372;TRUE;PASS;PASS;0.81818;IPC Normalized;2.0.2;NPX Signature;assay;0.49213;0.61372;0.03610;-0.04095
TARGET96;Olink Target 96 Inflammation;3027;Target96;B2;AWA 660-VE wk22;SAMPLE;IL13;P35225;OID00525;2.056.799;118.167;120.432;TRUE;PASS;PASS;0.89773;IPC Normalized;2.0.2;NPX Signature;assay;118.167;120.432;0.03610;-0.04095
TARGET96;Olink Target 96 Inflammation;3027;Target96;B2;AWA 660-VE wk22;SAMPLE;ARTN;Q5T4W7;OID00526;2.291.273;0.30206;0.58766;TRUE;PASS;PASS;0.84091;IPC Normalized;2.0.2;NPX Signature;assay;0.30206;0.58766;0.03610;-0.04095
TARGET96;Olink Target 96 Inflammation;3027;Target96;B2;AWA 660-VE wk22;SAMPLE;MMP-10;P09238;OID00527;1.833.252;295.311;-0.27894;FALSE;PASS;PASS;0.07955;IPC Normalized;2.0.2;NPX Signature;assay;295.311;-0.27894;0.03610;-0.04095
TARGET96;Olink Target 96 Inflammation;3027;Target96;B2;AWA 660-VE wk22;SAMPLE;IL10;P22301;OID00528;1.725.474;671.172;134.323;FALSE;PASS;PASS;0.07955;IPC Normalized;2.0.2;NPX Signature;assay;671.172;134.323;0.03610;-0.04095
TARGET96;Olink Target 96 Inflammation;3027;Target96;B2;AWA 660-VE wk22;SAMPLE;TNF;P01375;OID05548;1.695.246;701.314;0.92674;FALSE;PASS;PASS;0.07955;IPC Normalized;2.0.2;NPX Signature;assay;701.314;0.92674;0.03610;-0.04095
TARGET96;Olink Target 96 Inflammation;3027;Target96;B2;AWA 660-VE wk22;SAMPLE;CCL23;P55773;OID00530;1.861.756;293.381;-0.28231;FALSE;PASS;PASS;0.07955;IPC Normalized;2.0.2;NPX Signature;assay;293.381;-0.28231;0.03610;-0.04095
TARGET96;Olink Target 96 Inflammation;3027;Target96;B2;AWA 660-VE wk22;SAMPLE;CD5;P06127;OID00531;1.491.288;580.350;-0.84352;FALSE;PASS;PASS;0.07955;IPC Normalized;2.0.2;NPX Signature;assay;580.350;-0.84352;0.03610;-0.04095
TARGET96;Olink Target 96 Inflammation;3027;Target96;B2;AWA 660-VE wk22;SAMPLE;CCL3;P10147;OID00532;853.722;1.205.249;-0.11401;FALSE;PASS;PASS;0.07955;IPC Normalized;2.0.2;NPX Signature;assay;1.205.249;-0.11401;0.03610;-0.04095
TARGET96;Olink Target 96 Inflammation;3027;Target96;B2;AWA 660-VE wk22;SAMPLE;Flt3L;P49771;OID00533;2.197.408;418.143;0.29529;FALSE;PASS;PASS;0.07955;IPC Normalized;2.0.2;NPX Signature;assay;418.143;0.29529;0.03610;-0.04095
TARGET96;Olink Target 96 Inflammation;3027;Target96;B2;AWA 660-VE wk22;SAMPLE;CXCL6;P80162;OID00534;1.718.579;530.882;0.42501;FALSE;PASS;PASS;0.07955;IPC Normalized;2.0.2;NPX Signature;assay;530.882;0.42501;0.03610;-0.04095
TARGET96;Olink Target 96 Inflammation;3027;Target96;B2;AWA 660-VE wk22;SAMPLE;CXCL10;P02778;OID00535;1.836.616;483.416;158.004;FALSE;PASS;PASS;0.07955;IPC Normalized;2.0.2;NPX Signature;assay;483.416;158.004;0.03610;-0.04095
TARGET96;Olink Target 96 Inflammation;3027;Target96;B2;AWA 660-VE wk22;SAMPLE;4E-BP1;Q13541;OID00536;1.794.487;167.046;-0.95345;FALSE;PASS;PASS;0.07955;IPC Normalized;2.0.2;NPX Signature;assay;167.046;-0.95345;0.03610;-0.04095
TARGET96;Olink Target 96 Inflammation;3027;Target96;B2;AWA 660-VE wk22;SAMPLE;IL-20;Q9NYY1;OID00537;2.105.070;-103.548;-0.28182;TRUE;PASS;PASS;0.97727;IPC Normalized;2.0.2;NPX Signature;assay;-103.548;-0.28182;0.03610;-0.04095
TARGET96;Olink Target 96 Inflammation;3027;Target96;B2;AWA 660-VE wk22;SAMPLE;SIRT2;Q8IXJ6;OID00538;2.041.210;227.338;116.589;FALSE;PASS;PASS;0.18182;IPC Normalized;2.0.2;NPX Signature;assay;227.338;116.589;0.03610;-0.04095
TARGET96;Olink Target 96 Inflammation;3027;Target96;B2;AWA 660-VE wk22;SAMPLE;CCL28;Q9NRJ3;OID00539;2.241.816;-157.300;-0.70486;TRUE;PASS;PASS;0.85227;IPC Normalized;2.0.2;NPX Signature;assay;-157.300;-0.70486;0.03610;-0.04095
TARGET96;Olink Target 96 Inflammation;3027;Target96;B2;AWA 660-VE wk22;SAMPLE;DNER;Q8NFT8;OID01213;1.855.578;146.625;-0.30062;FALSE;PASS;PASS;0.07955;IPC Normalized;2.0.2;NPX Signature;assay;146.625;-0.30062;0.03610;-0.04095
TARGET96;Olink Target 96 Inflammation;3027;Target96;B2;AWA 660-VE wk22;SAMPLE;EN-RAGE;P80511;OID00541;1.647.991;565.809;0.09630;FALSE;PASS;PASS;0.07955;IPC Normalized;2.0.2;NPX Signature;assay;565.809;0.09630;0.03610;-0.04095
TARGET96;Olink Target 96 Inflammation;3027;Target96;B2;AWA 660-VE wk22;SAMPLE;CD40;P25942;OID00542;1.533.711;875.753;224.967;FALSE;PASS;PASS;0.07955;IPC Normalized;2.0.2;NPX Signature;assay;875.753;224.967;0.03610;-0.04095
TARGET96;Olink Target 96 Inflammation;3027;Target96;B2;AWA 660-VE wk22;SAMPLE;IL33;O95760;OID00543;2.254.096;-0.67476;0.91606;TRUE;PASS;PASS;100.000;IPC Normalized;2.0.2;NPX Signature;assay;-0.67476;0.91606;0.03610;-0.04095
TARGET96;Olink Target 96 Inflammation;3027;Target96;B2;AWA 660-VE wk22;SAMPLE;IFN-gamma;P01579;OID05547;1.626.000;925.029;305.868;FALSE;PASS;PASS;0.07955;IPC Normalized;2.0.2;NPX Signature;assay;925.029;305.868;0.03610;-0.04095
TARGET96;Olink Target 96 Inflammation;3027;Target96;B2;AWA 660-VE wk22;SAMPLE;FGF-19;O95750;OID00545;2.162.213;-140.199;-0.76210;TRUE;PASS;PASS;0.67045;IPC Normalized;2.0.2;NPX Signature;assay;-140.199;-0.76210;0.03610;-0.04095
TARGET96;Olink Target 96 Inflammation;3027;Target96;B2;AWA 660-VE wk22;SAMPLE;IL4;P05112;OID00546;2.052.913;183.793;-102.563;FALSE;PASS;PASS;0.29545;IPC Normalized;2.0.2;NPX Signature;assay;183.793;-102.563;0.03610;-0.04095
TARGET96;Olink Target 96 Inflammation;3027;Target96;B2;AWA 660-VE wk22;SAMPLE;LIF;P15018;OID00547;1.858.289;135.860;-0.79961;FALSE;PASS;PASS;0.07955;IPC Normalized;2.0.2;NPX Signature;assay;135.860;-0.79961;0.03610;-0.04095
TARGET96;Olink Target 96 Inflammation;3027;Target96;B2;AWA 660-VE wk22;SAMPLE;NRTN;Q99748;OID00548;2.204.004;-161.116;-0.41185;TRUE;PASS;PASS;0.97727;IPC Normalized;2.0.2;NPX Signature;assay;-161.116;-0.41185;0.03610;-0.04095
TARGET96;Olink Target 96 Inflammation;3027;Target96;B2;AWA 660-VE wk22;SAMPLE;MCP-2;P80075;OID00549;1.622.604;761.810;127.866;FALSE;PASS;PASS;0.07955;IPC Normalized;2.0.2;NPX Signature;assay;761.810;127.866;0.03610;-0.04095
TARGET96;Olink Target 96 Inflammation;3027;Target96;B2;AWA 660-VE wk22;SAMPLE;CASP-8;Q14790;OID00550;1.687.398;479.520;0.91291;FALSE;PASS;PASS;0.07955;IPC Normalized;2.0.2;NPX Signature;assay;479.520;0.91291;0.03610;-0.04095
TARGET96;Olink Target 96 Inflammation;3027;Target96;B2;AWA 660-VE wk22;SAMPLE;CCL25;O15444;OID00551;2.100.640;-103.948;-0.18758;TRUE;PASS;PASS;0.98864;IPC Normalized;2.0.2;NPX Signature;assay;-103.948;-0.18758;0.03610;-0.04095
TARGET96;Olink Target 96 Inflammation;3027;Target96;B2;AWA 660-VE wk22;SAMPLE;CX3CL1;P78423;OID00552;2.473.819;-131.214;-0.12333;TRUE;PASS;PASS;0.94318;IPC Normalized;2.0.2;NPX Signature;assay;-131.214;-0.12333;0.03610;-0.04095
TARGET96;Olink Target 96 Inflammation;3027;Target96;B2;AWA 660-VE wk22;SAMPLE;TNFRSF9;Q07011;OID00553;2.050.418;220.998;0.83400;FALSE;PASS;PASS;0.07955;IPC Normalized;2.0.2;NPX Signature;assay;220.998;0.83400;0.03610;-0.04095
TARGET96;Olink Target 96 Inflammation;3027;Target96;B2;AWA 660-VE wk22;SAMPLE;NT-3;P20783;OID00554;2.318.157;-105.786;0.74628;TRUE;PASS;PASS;0.98864;IPC Normalized;2.0.2;NPX Signature;assay;-105.786;0.74628;0.03610;-0.04095
TARGET96;Olink Target 96 Inflammation;3027;Target96;B2;AWA 660-VE wk22;SAMPLE;TWEAK;O43508;OID00555;2.098.737;247.045;-182.937;FALSE;PASS;PASS;0.07955;IPC Normalized;2.0.2;NPX Signature;assay;247.045;-182.937;0.03610;-0.04095
TARGET96;Olink Target 96 Inflammation;3027;Target96;B2;AWA 660-VE wk22;SAMPLE;CCL20;P78556;OID00556;1.534.133;683.237;131.645;FALSE;PASS;PASS;0.07955;IPC Normalized;2.0.2;NPX Signature;assay;683.237;131.645;0.03610;-0.04095
TARGET96;Olink Target 96 Inflammation;3027;Target96;B2;AWA 660-VE wk22;SAMPLE;ST1A1;P50225;OID00557;1.655.011;638.940;125.003;FALSE;PASS;PASS;0.07955;IPC Normalized;2.0.2;NPX Signature;assay;638.940;125.003;0.03610;-0.04095
TARGET96;Olink Target 96 Inflammation;3027;Target96;B2;AWA 660-VE wk22;SAMPLE;STAMBP;O95630;OID00558;1.776.362;332.585;-0.80337;FALSE;PASS;PASS;0.07955;IPC Normalized;2.0.2;NPX Signature;assay;332.585;-0.80337;0.03610;-0.04095
TARGET96;Olink Target 96 Inflammation;3027;Target96;B2;AWA 660-VE wk22;SAMPLE;IL5;P05113;OID00559;2.213.591;0.56010;142.788;TRUE;PASS;PASS;0.95455;IPC Normalized;2.0.2;NPX Signature;assay;0.56010;142.788;0.03610;-0.04095
TARGET96;Olink Target 96 Inflammation;3027;Target96;B2;AWA 660-VE wk22;SAMPLE;ADA;P00813;OID00560;1.622.427;542.266;-0.40830;FALSE;PASS;PASS;0.07955;IPC Normalized;2.0.2;NPX Signature;assay;542.266;-0.40830;0.03610;-0.04095
TARGET96;Olink Target 96 Inflammation;3027;Target96;B2;AWA 660-VE wk22;SAMPLE;TNFB;P01374;OID00561;2.305.063;0.79983;0.56835;FALSE;PASS;PASS;0.64773;IPC Normalized;2.0.2;NPX Signature;assay;0.79983;0.56835;0.03610;-0.04095
TARGET96;Olink Target 96 Inflammation;3027;Target96;B2;AWA 660-VE wk22;SAMPLE;CSF-1;P09603;OID00562;1.980.959;291.835;0.85565;FALSE;PASS;PASS;0.07955;IPC Normalized;2.0.2;NPX Signature;assay;291.835;0.85565;0.03610;-0.04095
TARGET96;Olink Target 96 Inflammation;3027;Target96;C2;MED 232-DH wk4;SAMPLE;IL8;P10145;OID00471;817.865;1.352.215;166.148;FALSE;PASS;PASS;0.07955;IPC Normalized;2.0.2;NPX Signature;assay;1.352.215;166.148;-0.05291;-0.07113
TARGET96;Olink Target 96 Inflammation;3027;Target96;C2;MED 232-DH wk4;SAMPLE;VEGFA;P15692;OID00472;1.362.853;896.944;0.00696;FALSE;PASS;PASS;0.07955;IPC Normalized;2.0.2;NPX Signature;assay;896.944;0.00696;-0.05291;-0.07113
TARGET96;Olink Target 96 Inflammation;3027;Target96;C2;MED 232-DH wk4;SAMPLE;CD8A;P01732;OID05124;1.790.629;319.220;-126.143;FALSE;PASS;PASS;0.07955;IPC Normalized;2.0.2;NPX Signature;assay;319.220;-126.143;-0.05291;-0.07113
TARGET96;Olink Target 96 Inflammation;3027;Target96;C2;MED 232-DH wk4;SAMPLE;Inc Ctrl 1;NA;OID00004;1.264.275;0.00967;0.07730;TRUE;PASS;NA;0.52273;IPC Normalized;2.0.2;NPX Signature;inc_ctrl_1;0.00967;0.07730;-0.05291;-0.07113
TARGET96;Olink Target 96 Inflammation;3027;Target96;C2;MED 232-DH wk4;SAMPLE;MCP-3;P80098;OID00474;1.380.641;986.585;143.285;FALSE;PASS;PASS;0.07955;IPC Normalized;2.0.2;NPX Signature;assay;986.585;143.285;-0.05291;-0.07113
TARGET96;Olink Target 96 Inflammation;3027;Target96;C2;MED 232-DH wk4;SAMPLE;GDNF;P39905;OID00475;2.262.153;0.72078;147.654;TRUE;PASS;PASS;0.97727;IPC Normalized;2.0.2;NPX Signature;assay;0.72078;147.654;-0.05291;-0.07113
TARGET96;Olink Target 96 Inflammation;3027;Target96;C2;MED 232-DH wk4;SAMPLE;CDCP1;Q9H5V8;OID00476;2.229.270;0.16507;-0.58297;FALSE;PASS;PASS;0.27273;IPC Normalized;2.0.2;NPX Signature;assay;0.16507;-0.58297;-0.05291;-0.07113
TARGET96;Olink Target 96 Inflammation;3027;Target96;C2;MED 232-DH wk4;SAMPLE;CD244;Q9BZW8;OID00477;1.849.480;448.471;153.762;FALSE;PASS;PASS;0.07955;IPC Normalized;2.0.2;NPX Signature;assay;448.471;153.762;-0.05291;-0.07113
TARGET96;Olink Target 96 Inflammation;3027;Target96;C2;MED 232-DH wk4;SAMPLE;IL7;P13232;OID00478;2.126.450;-128.697;-0.70852;TRUE;PASS;PASS;0.95455;IPC Normalized;2.0.2;NPX Signature;assay;-128.697;-0.70852;-0.05291;-0.07113
TARGET96;Olink Target 96 Inflammation;3027;Target96;C2;MED 232-DH wk4;SAMPLE;OPG;O00300;OID00479;2.006.362;-0.47407;-0.81398;FALSE;PASS;PASS;0.15909;IPC Normalized;2.0.2;NPX Signature;assay;-0.47407;-0.81398;-0.05291;-0.07113
TARGET96;Olink Target 96 Inflammation;3027;Target96;C2;MED 232-DH wk4;SAMPLE;LAP TGF-beta-1;P01137;OID00480;1.762.474;400.508;-104.297;FALSE;PASS;PASS;0.07955;IPC Normalized;2.0.2;NPX Signature;assay;400.508;-104.297;-0.05291;-0.07113
TARGET96;Olink Target 96 Inflammation;3027;Target96;C2;MED 232-DH wk4;SAMPLE;uPA;P00749;OID00481;1.320.503;641.585;0.11788;FALSE;PASS;PASS;0.07955;IPC Normalized;2.0.2;NPX Signature;assay;641.585;0.11788;-0.05291;-0.07113
TARGET96;Olink Target 96 Inflammation;3027;Target96;C2;MED 232-DH wk4;SAMPLE;IL6;P05231;OID00482;1.072.797;1.075.456;131.223;FALSE;PASS;PASS;0.07955;IPC Normalized;2.0.2;NPX Signature;assay;1.075.456;131.223;-0.05291;-0.07113
TARGET96;Olink Target 96 Inflammation;3027;Target96;C2;MED 232-DH wk4;SAMPLE;IL-17C;Q9P0M4;OID00483;2.171.864;0.19057;105.079;TRUE;PASS;PASS;100.000;IPC Normalized;2.0.2;NPX Signature;assay;0.19057;105.079;-0.05291;-0.07113
TARGET96;Olink Target 96 Inflammation;3027;Target96;C2;MED 232-DH wk4;SAMPLE;MCP-1;P13500;OID00484;860.039;1.371.507;126.065;FALSE;PASS;PASS;0.07955;IPC Normalized;2.0.2;NPX Signature;assay;1.371.507;126.065;-0.05291;-0.07113
TARGET96;Olink Target 96 Inflammation;3027;Target96;C2;MED 232-DH wk4;SAMPLE;IL-17A;Q16552;OID00485;2.198.741;0.79815;0.57759;FALSE;PASS;PASS;0.84091;IPC Normalized;2.0.2;NPX Signature;assay;0.79815;0.57759;-0.05291;-0.07113
TARGET96;Olink Target 96 Inflammation;3027;Target96;C2;MED 232-DH wk4;SAMPLE;CXCL11;O14625;OID00486;1.876.106;343.646;0.12817;FALSE;PASS;PASS;0.09091;IPC Normalized;2.0.2;NPX Signature;assay;343.646;0.12817;-0.05291;-0.07113
TARGET96;Olink Target 96 Inflammation;3027;Target96;C2;MED 232-DH wk4;SAMPLE;AXIN1;O15169;OID00487;1.884.304;202.146;-0.49354;FALSE;PASS;PASS;0.12500;IPC Normalized;2.0.2;NPX Signature;assay;202.146;-0.49354;-0.05291;-0.07113
TARGET96;Olink Target 96 Inflammation;3027;Target96;C2;MED 232-DH wk4;SAMPLE;Ext Ctrl;NA;OID00005;1.410.233;0.00000;0.00000;FALSE;PASS;NA;0.07955;IPC Normalized;2.0.2;NPX Signature;ext_ctrl;0.00000;0.00000;-0.05291;-0.07113
TARGET96;Olink Target 96 Inflammation;3027;Target96;C2;MED 232-DH wk4;SAMPLE;TRAIL;P50591;OID00488;1.897.302;257.464;-0.15284;FALSE;PASS;PASS;0.07955;IPC Normalized;2.0.2;NPX Signature;assay;257.464;-0.15284;-0.05291;-0.07113
TARGET96;Olink Target 96 Inflammation;3027;Target96;C2;MED 232-DH wk4;SAMPLE;IL-20RA;Q9UHF4;OID00489;2.177.835;-0.10746;104.704;TRUE;PASS;PASS;100.000;IPC Normalized;2.0.2;NPX Signature;assay;-0.10746;104.704;-0.05291;-0.07113
TARGET96;Olink Target 96 Inflammation;3027;Target96;C2;MED 232-DH wk4;SAMPLE;CXCL9;Q07325;OID00490;1.936.439;202.089;0.66560;FALSE;PASS;PASS;0.20455;IPC Normalized;2.0.2;NPX Signature;assay;202.089;0.66560;-0.05291;-0.07113
TARGET96;Olink Target 96 Inflammation;3027;Target96;C2;MED 232-DH wk4;SAMPLE;CST5;P28325;OID00491;2.308.326;-166.228;-107.592;TRUE;PASS;PASS;0.63636;IPC Normalized;2.0.2;NPX Signature;assay;-166.228;-107.592;-0.05291;-0.07113
TARGET96;Olink Target 96 Inflammation;3027;Target96;C2;MED 232-DH wk4;SAMPLE;IL-2RB;P14784;OID00492;2.242.218;0.69278;165.436;TRUE;PASS;PASS;100.000;IPC Normalized;2.0.2;NPX Signature;assay;0.69278;165.436;-0.05291;-0.07113
TARGET96;Olink Target 96 Inflammation;3027;Target96;C2;MED 232-DH wk4;SAMPLE;IL-1 alpha;P01583;OID00493;1.560.300;484.084;-0.99251;FALSE;PASS;PASS;0.07955;IPC Normalized;2.0.2;NPX Signature;assay;484.084;-0.99251;-0.05291;-0.07113
TARGET96;Olink Target 96 Inflammation;3027;Target96;C2;MED 232-DH wk4;SAMPLE;OSM;P13725;OID00494;1.367.400;826.193;0.16675;FALSE;PASS;PASS;0.07955;IPC Normalized;2.0.2;NPX Signature;assay;826.193;0.16675;-0.05291;-0.07113
TARGET96;Olink Target 96 Inflammation;3027;Target96;C2;MED 232-DH wk4;SAMPLE;IL2;P60568;OID00495;2.170.657;0.65094;128.757;TRUE;PASS;PASS;0.94318;IPC Normalized;2.0.2;NPX Signature;assay;0.65094;128.757;-0.05291;-0.07113
TARGET96;Olink Target 96 Inflammation;3027;Target96;C2;MED 232-DH wk4;SAMPLE;CXCL1;P09341;OID00496;1.238.762;1.240.246;279.881;FALSE;PASS;PASS;0.07955;IPC Normalized;2.0.2;NPX Signature;assay;1.240.246;279.881;-0.05291;-0.07113
TARGET96;Olink Target 96 Inflammation;3027;Target96;C2;MED 232-DH wk4;SAMPLE;TSLP;Q969D9;OID00497;2.385.846;0.78209;0.78329;TRUE;PASS;PASS;0.81818;IPC Normalized;2.0.2;NPX Signature;assay;0.78209;0.78329;-0.05291;-0.07113
TARGET96;Olink Target 96 Inflammation;3027;Target96;C2;MED 232-DH wk4;SAMPLE;CCL4;P13236;OID00498;904.186;1.028.191;-0.42383;FALSE;PASS;PASS;0.07955;IPC Normalized;2.0.2;NPX Signature;assay;1.028.191;-0.42383;-0.05291;-0.07113
TARGET96;Olink Target 96 Inflammation;3027;Target96;C2;MED 232-DH wk4;SAMPLE;CD6;P30203;OID00499;1.844.594;427.486;-0.86517;FALSE;PASS;PASS;0.07955;IPC Normalized;2.0.2;NPX Signature;assay;427.486;-0.86517;-0.05291;-0.07113
TARGET96;Olink Target 96 Inflammation;3027;Target96;C2;MED 232-DH wk4;SAMPLE;SCF;P21583;OID00500;2.182.683;-0.32189;0.19953;TRUE;PASS;PASS;0.96591;IPC Normalized;2.0.2;NPX Signature;assay;-0.32189;0.19953;-0.05291;-0.07113
TARGET96;Olink Target 96 Inflammation;3027;Target96;C2;MED 232-DH wk4;SAMPLE;IL18;Q14116;OID00501;1.734.313;434.814;0.08663;FALSE;PASS;PASS;0.07955;IPC Normalized;2.0.2;NPX Signature;assay;434.814;0.08663;-0.05291;-0.07113
TARGET96;Olink Target 96 Inflammation;3027;Target96;C2;MED 232-DH wk4;SAMPLE;SLAMF1;Q13291;OID00502;2.345.002;-0.15684;0.76837;TRUE;PASS;PASS;0.81818;IPC Normalized;2.0.2;NPX Signature;assay;-0.15684;0.76837;-0.05291;-0.07113
TARGET96;Olink Target 96 Inflammation;3027;Target96;C2;MED 232-DH wk4;SAMPLE;TGF-alpha;P01135;OID00503;2.043.168;166.106;-171.917;FALSE;PASS;PASS;0.07955;IPC Normalized;2.0.2;NPX Signature;assay;166.106;-171.917;-0.05291;-0.07113
TARGET96;Olink Target 96 Inflammation;3027;Target96;C2;MED 232-DH wk4;SAMPLE;MCP-4;Q99616;OID00504;1.775.347;780.755;143.956;FALSE;PASS;PASS;0.07955;IPC Normalized;2.0.2;NPX Signature;assay;780.755;143.956;-0.05291;-0.07113
TARGET96;Olink Target 96 Inflammation;3027;Target96;C2;MED 232-DH wk4;SAMPLE;CCL11;P51671;OID00505;2.035.307;-0.48912;-0.40053;TRUE;PASS;PASS;0.68182;IPC Normalized;2.0.2;NPX Signature;assay;-0.48912;-0.40053;-0.05291;-0.07113
TARGET96;Olink Target 96 Inflammation;3027;Target96;C2;MED 232-DH wk4;SAMPLE;TNFSF14;O43557;OID00506;1.464.480;497.295;-0.44803;FALSE;PASS;PASS;0.07955;IPC Normalized;2.0.2;NPX Signature;assay;497.295;-0.44803;-0.05291;-0.07113
TARGET96;Olink Target 96 Inflammation;3027;Target96;C2;MED 232-DH wk4;SAMPLE;FGF-23;Q9GZV9;OID00507;2.269.486;-0.47824;0.91747;TRUE;PASS;PASS;0.96591;IPC Normalized;2.0.2;NPX Signature;assay;-0.47824;0.91747;-0.05291;-0.07113
TARGET96;Olink Target 96 Inflammation;3027;Target96;C2;MED 232-DH wk4;SAMPLE;IL-10RA;Q13651;OID00508;2.109.093;-0.82700;-0.70231;TRUE;PASS;PASS;0.50000;IPC Normalized;2.0.2;NPX Signature;assay;-0.82700;-0.70231;-0.05291;-0.07113
TARGET96;Olink Target 96 Inflammation;3027;Target96;C2;MED 232-DH wk4;SAMPLE;FGF-5;P12034;OID00509;2.088.762;-0.50556;-0.11172;TRUE;PASS;PASS;0.98864;IPC Normalized;2.0.2;NPX Signature;assay;-0.50556;-0.11172;-0.05291;-0.07113
TARGET96;Olink Target 96 Inflammation;3027;Target96;C2;MED 232-DH wk4;SAMPLE;MMP-1;P03956;OID00510;1.332.510;924.401;-0.41038;FALSE;PASS;PASS;0.07955;IPC Normalized;2.0.2;NPX Signature;assay;924.401;-0.41038;-0.05291;-0.07113
TARGET96;Olink Target 96 Inflammation;3027;Target96;C2;MED 232-DH wk4;SAMPLE;LIF-R;P42702;OID00511;2.165.352;-0.98628;0.22136;TRUE;PASS;PASS;100.000;IPC Normalized;2.0.2;NPX Signature;assay;-0.98628;0.22136;-0.05291;-0.07113
TARGET96;Olink Target 96 Inflammation;3027;Target96;C2;MED 232-DH wk4;SAMPLE;FGF-21;Q9NSA1;OID00512;1.743.215;181.370;-0.44425;FALSE;PASS;PASS;0.07955;IPC Normalized;2.0.2;NPX Signature;assay;181.370;-0.44425;-0.05291;-0.07113
TARGET96;Olink Target 96 Inflammation;3027;Target96;C2;MED 232-DH wk4;SAMPLE;CCL19;Q99731;OID00513;1.904.636;393.241;195.046;FALSE;PASS;PASS;0.07955;IPC Normalized;2.0.2;NPX Signature;assay;393.241;195.046;-0.05291;-0.07113
TARGET96;Olink Target 96 Inflammation;3027;Target96;C2;MED 232-DH wk4;SAMPLE;Inc Ctrl 2;NA;OID00006;1.513.380;-0.28779;-0.10165;TRUE;PASS;NA;0.90909;IPC Normalized;2.0.2;NPX Signature;inc_ctrl_2;-0.28779;-0.10165;-0.05291;-0.07113
TARGET96;Olink Target 96 Inflammation;3027;Target96;C2;MED 232-DH wk4;SAMPLE;Det Ctrl;NA;OID00007;997.913;-0.19806;0.01785;TRUE;PASS;NA;0.92045;IPC Normalized;2.0.2;NPX Signature;det_ctrl;-0.19806;0.01785;-0.05291;-0.07113
TARGET96;Olink Target 96 Inflammation;3027;Target96;C2;MED 232-DH wk4;SAMPLE;IL-15RA;Q13261;OID00514;2.231.775;-0.88366;0.09772;TRUE;PASS;PASS;100.000;IPC Normalized;2.0.2;NPX Signature;assay;-0.88366;0.09772;-0.05291;-0.07113
TARGET96;Olink Target 96 Inflammation;3027;Target96;C2;MED 232-DH wk4;SAMPLE;IL-10RB;Q08334;OID00515;2.207.317;-0.81815;-0.88484;FALSE;PASS;PASS;0.37500;IPC Normalized;2.0.2;NPX Signature;assay;-0.81815;-0.88484;-0.05291;-0.07113
TARGET96;Olink Target 96 Inflammation;3027;Target96;C2;MED 232-DH wk4;SAMPLE;IL-22 RA1;Q8N6P7;OID00516;2.592.699;0.37189;264.114;TRUE;PASS;PASS;0.98864;IPC Normalized;2.0.2;NPX Signature;assay;0.37189;264.114;-0.05291;-0.07113
TARGET96;Olink Target 96 Inflammation;3027;Target96;C2;MED 232-DH wk4;SAMPLE;IL-18R1;Q13478;OID00517;1.922.297;381.362;0.59764;FALSE;PASS;PASS;0.07955;IPC Normalized;2.0.2;NPX Signature;assay;381.362;0.59764;-0.05291;-0.07113
TARGET96;Olink Target 96 Inflammation;3027;Target96;C2;MED 232-DH wk4;SAMPLE;PD-L1;Q9NZQ7;OID00518;2.162.064;327.114;206.434;FALSE;PASS;PASS;0.13636;IPC Normalized;2.0.2;NPX Signature;assay;327.114;206.434;-0.05291;-0.07113
TARGET96;Olink Target 96 Inflammation;3027;Target96;C2;MED 232-DH wk4;SAMPLE;Beta-NGF;P01138;OID00519;1.413.605;-0.68858;-0.17729;TRUE;PASS;PASS;0.85227;IPC Normalized;2.0.2;NPX Signature;assay;-0.68858;-0.17729;-0.05291;-0.07113
TARGET96;Olink Target 96 Inflammation;3027;Target96;C2;MED 232-DH wk4;SAMPLE;CXCL5;P42830;OID00520;1.243.760;1.129.574;130.106;FALSE;PASS;PASS;0.07955;IPC Normalized;2.0.2;NPX Signature;assay;1.129.574;130.106;-0.05291;-0.07113
TARGET96;Olink Target 96 Inflammation;3027;Target96;C2;MED 232-DH wk4;SAMPLE;TRANCE;O14788;OID00521;2.252.662;0.54020;-131.969;FALSE;PASS;PASS;0.11364;IPC Normalized;2.0.2;NPX Signature;assay;0.54020;-131.969;-0.05291;-0.07113
TARGET96;Olink Target 96 Inflammation;3027;Target96;C2;MED 232-DH wk4;SAMPLE;HGF;P14210;OID00522;1.649.284;479.560;0.10249;FALSE;PASS;PASS;0.07955;IPC Normalized;2.0.2;NPX Signature;assay;479.560;0.10249;-0.05291;-0.07113
TARGET96;Olink Target 96 Inflammation;3027;Target96;C2;MED 232-DH wk4;SAMPLE;IL-12B;P29460;OID00523;2.429.944;-180.986;-141.352;TRUE;PASS;PASS;0.15909;IPC Normalized;2.0.2;NPX Signature;assay;-180.986;-141.352;-0.05291;-0.07113
TARGET96;Olink Target 96 Inflammation;3027;Target96;C2;MED 232-DH wk4;SAMPLE;IL-24;Q13007;OID00524;2.610.744;-130.318;0.61372;TRUE;PASS;PASS;0.81818;IPC Normalized;2.0.2;NPX Signature;assay;-130.318;0.61372;-0.05291;-0.07113
TARGET96;Olink Target 96 Inflammation;3027;Target96;C2;MED 232-DH wk4;SAMPLE;IL13;P35225;OID00525;2.184.142;-0.15393;120.432;TRUE;PASS;PASS;0.89773;IPC Normalized;2.0.2;NPX Signature;assay;-0.15393;120.432;-0.05291;-0.07113
TARGET96;Olink Target 96 Inflammation;3027;Target96;C2;MED 232-DH wk4;SAMPLE;ARTN;Q5T4W7;OID00526;2.317.508;-0.02245;0.58766;TRUE;PASS;PASS;0.84091;IPC Normalized;2.0.2;NPX Signature;assay;-0.02245;0.58766;-0.05291;-0.07113
TARGET96;Olink Target 96 Inflammation;3027;Target96;C2;MED 232-DH wk4;SAMPLE;MMP-10;P09238;OID00527;1.845.086;277.261;-0.27894;FALSE;PASS;PASS;0.07955;IPC Normalized;2.0.2;NPX Signature;assay;277.261;-0.27894;-0.05291;-0.07113
TARGET96;Olink Target 96 Inflammation;3027;Target96;C2;MED 232-DH wk4;SAMPLE;IL10;P22301;OID00528;1.986.861;403.569;134.323;FALSE;PASS;PASS;0.07955;IPC Normalized;2.0.2;NPX Signature;assay;403.569;134.323;-0.05291;-0.07113
TARGET96;Olink Target 96 Inflammation;3027;Target96;C2;MED 232-DH wk4;SAMPLE;TNF;P01375;OID05548;1.630.063;760.281;0.92674;FALSE;PASS;PASS;0.07955;IPC Normalized;2.0.2;NPX Signature;assay;760.281;0.92674;-0.05291;-0.07113
TARGET96;Olink Target 96 Inflammation;3027;Target96;C2;MED 232-DH wk4;SAMPLE;CCL23;P55773;OID00530;1.922.114;226.806;-0.28231;FALSE;PASS;PASS;0.07955;IPC Normalized;2.0.2;NPX Signature;assay;226.806;-0.28231;-0.05291;-0.07113
TARGET96;Olink Target 96 Inflammation;3027;Target96;C2;MED 232-DH wk4;SAMPLE;CD5;P06127;OID00531;1.418.950;646.471;-0.84352;FALSE;PASS;PASS;0.07955;IPC Normalized;2.0.2;NPX Signature;assay;646.471;-0.84352;-0.05291;-0.07113
TARGET96;Olink Target 96 Inflammation;3027;Target96;C2;MED 232-DH wk4;SAMPLE;CCL3;P10147;OID00532;883.706;1.169.049;-0.11401;FALSE;PASS;PASS;0.07955;IPC Normalized;2.0.2;NPX Signature;assay;1.169.049;-0.11401;-0.05291;-0.07113
TARGET96;Olink Target 96 Inflammation;3027;Target96;C2;MED 232-DH wk4;SAMPLE;Flt3L;P49771;OID00533;2.199.781;409.553;0.29529;FALSE;PASS;PASS;0.07955;IPC Normalized;2.0.2;NPX Signature;assay;409.553;0.29529;-0.05291;-0.07113
TARGET96;Olink Target 96 Inflammation;3027;Target96;C2;MED 232-DH wk4;SAMPLE;CXCL6;P80162;OID00534;1.742.715;500.530;0.42501;FALSE;PASS;PASS;0.07955;IPC Normalized;2.0.2;NPX Signature;assay;500.530;0.42501;-0.05291;-0.07113
TARGET96;Olink Target 96 Inflammation;3027;Target96;C2;MED 232-DH wk4;SAMPLE;CXCL10;P02778;OID00535;1.567.495;746.321;158.004;FALSE;PASS;PASS;0.07955;IPC Normalized;2.0.2;NPX Signature;assay;746.321;158.004;-0.05291;-0.07113
TARGET96;Olink Target 96 Inflammation;3027;Target96;C2;MED 232-DH wk4;SAMPLE;4E-BP1;Q13541;OID00536;1.495.283;460.033;-0.95345;FALSE;PASS;PASS;0.07955;IPC Normalized;2.0.2;NPX Signature;assay;460.033;-0.95345;-0.05291;-0.07113
TARGET96;Olink Target 96 Inflammation;3027;Target96;C2;MED 232-DH wk4;SAMPLE;IL-20;Q9NYY1;OID00537;2.080.137;-0.84832;-0.28182;TRUE;PASS;PASS;0.97727;IPC Normalized;2.0.2;NPX Signature;assay;-0.84832;-0.28182;-0.05291;-0.07113
TARGET96;Olink Target 96 Inflammation;3027;Target96;C2;MED 232-DH wk4;SAMPLE;SIRT2;Q8IXJ6;OID00538;1.819.791;442.540;116.589;FALSE;PASS;PASS;0.18182;IPC Normalized;2.0.2;NPX Signature;assay;442.540;116.589;-0.05291;-0.07113
TARGET96;Olink Target 96 Inflammation;3027;Target96;C2;MED 232-DH wk4;SAMPLE;CCL28;Q9NRJ3;OID00539;2.226.502;-148.202;-0.70486;TRUE;PASS;PASS;0.85227;IPC Normalized;2.0.2;NPX Signature;assay;-148.202;-0.70486;-0.05291;-0.07113
TARGET96;Olink Target 96 Inflammation;3027;Target96;C2;MED 232-DH wk4;SAMPLE;DNER;Q8NFT8;OID01213;1.835.654;160.332;-0.30062;FALSE;PASS;PASS;0.07955;IPC Normalized;2.0.2;NPX Signature;assay;160.332;-0.30062;-0.05291;-0.07113
TARGET96;Olink Target 96 Inflammation;3027;Target96;C2;MED 232-DH wk4;SAMPLE;EN-RAGE;P80511;OID00541;1.466.994;740.591;0.09630;FALSE;PASS;PASS;0.07955;IPC Normalized;2.0.2;NPX Signature;assay;740.591;0.09630;-0.05291;-0.07113
TARGET96;Olink Target 96 Inflammation;3027;Target96;C2;MED 232-DH wk4;SAMPLE;CD40;P25942;OID00542;1.499.948;903.299;224.967;FALSE;PASS;PASS;0.07955;IPC Normalized;2.0.2;NPX Signature;assay;903.299;224.967;-0.05291;-0.07113
TARGET96;Olink Target 96 Inflammation;3027;Target96;C2;MED 232-DH wk4;SAMPLE;IL33;O95760;OID00543;2.250.084;-0.69680;0.91606;TRUE;PASS;PASS;100.000;IPC Normalized;2.0.2;NPX Signature;assay;-0.69680;0.91606;-0.05291;-0.07113
TARGET96;Olink Target 96 Inflammation;3027;Target96;C2;MED 232-DH wk4;SAMPLE;IFN-gamma;P01579;OID05547;1.725.187;819.626;305.868;FALSE;PASS;PASS;0.07955;IPC Normalized;2.0.2;NPX Signature;assay;819.626;305.868;-0.05291;-0.07113
TARGET96;Olink Target 96 Inflammation;3027;Target96;C2;MED 232-DH wk4;SAMPLE;FGF-19;O95750;OID00545;2.155.541;-139.744;-0.76210;TRUE;PASS;PASS;0.67045;IPC Normalized;2.0.2;NPX Signature;assay;-139.744;-0.76210;-0.05291;-0.07113
TARGET96;Olink Target 96 Inflammation;3027;Target96;C2;MED 232-DH wk4;SAMPLE;IL4;P05112;OID00546;2.328.305;-0.97815;-102.563;FALSE;PASS;PASS;0.29545;IPC Normalized;2.0.2;NPX Signature;assay;-0.97815;-102.563;-0.05291;-0.07113
TARGET96;Olink Target 96 Inflammation;3027;Target96;C2;MED 232-DH wk4;SAMPLE;LIF;P15018;OID00547;1.866.738;121.194;-0.79961;FALSE;PASS;PASS;0.07955;IPC Normalized;2.0.2;NPX Signature;assay;121.194;-0.79961;-0.05291;-0.07113
TARGET96;Olink Target 96 Inflammation;3027;Target96;C2;MED 232-DH wk4;SAMPLE;NRTN;Q99748;OID00548;2.179.467;-142.796;-0.41185;TRUE;PASS;PASS;0.97727;IPC Normalized;2.0.2;NPX Signature;assay;-142.796;-0.41185;-0.05291;-0.07113
TARGET96;Olink Target 96 Inflammation;3027;Target96;C2;MED 232-DH wk4;SAMPLE;MCP-2;P80075;OID00549;1.654.134;724.064;127.866;FALSE;PASS;PASS;0.07955;IPC Normalized;2.0.2;NPX Signature;assay;724.064;127.866;-0.05291;-0.07113
TARGET96;Olink Target 96 Inflammation;3027;Target96;C2;MED 232-DH wk4;SAMPLE;CASP-8;Q14790;OID00550;1.466.015;694.686;0.91291;FALSE;PASS;PASS;0.07955;IPC Normalized;2.0.2;NPX Signature;assay;694.686;0.91291;-0.05291;-0.07113
TARGET96;Olink Target 96 Inflammation;3027;Target96;C2;MED 232-DH wk4;SAMPLE;CCL25;O15444;OID00551;2.128.012;-137.537;-0.18758;TRUE;PASS;PASS;0.98864;IPC Normalized;2.0.2;NPX Signature;assay;-137.537;-0.18758;-0.05291;-0.07113
TARGET96;Olink Target 96 Inflammation;3027;Target96;C2;MED 232-DH wk4;SAMPLE;CX3CL1;P78423;OID00552;2.592.543;-256.154;-0.12333;TRUE;PASS;PASS;0.94318;IPC Normalized;2.0.2;NPX Signature;assay;-256.154;-0.12333;-0.05291;-0.07113
TARGET96;Olink Target 96 Inflammation;3027;Target96;C2;MED 232-DH wk4;SAMPLE;TNFRSF9;Q07011;OID00553;1.887.585;377.615;0.83400;FALSE;PASS;PASS;0.07955;IPC Normalized;2.0.2;NPX Signature;assay;377.615;0.83400;-0.05291;-0.07113
TARGET96;Olink Target 96 Inflammation;3027;Target96;C2;MED 232-DH wk4;SAMPLE;NT-3;P20783;OID00554;2.232.938;-0.26784;0.74628;TRUE;PASS;PASS;0.98864;IPC Normalized;2.0.2;NPX Signature;assay;-0.26784;0.74628;-0.05291;-0.07113
TARGET96;Olink Target 96 Inflammation;3027;Target96;C2;MED 232-DH wk4;SAMPLE;TWEAK;O43508;OID00555;1.852.952;486.613;-182.937;FALSE;PASS;PASS;0.07955;IPC Normalized;2.0.2;NPX Signature;assay;486.613;-182.937;-0.05291;-0.07113
TARGET96;Olink Target 96 Inflammation;3027;Target96;C2;MED 232-DH wk4;SAMPLE;CCL20;P78556;OID00556;1.582.533;628.621;131.645;FALSE;PASS;PASS;0.07955;IPC Normalized;2.0.2;NPX Signature;assay;628.621;131.645;-0.05291;-0.07113
TARGET96;Olink Target 96 Inflammation;3027;Target96;C2;MED 232-DH wk4;SAMPLE;ST1A1;P50225;OID00557;1.569.242;718.493;125.003;FALSE;PASS;PASS;0.07955;IPC Normalized;2.0.2;NPX Signature;assay;718.493;125.003;-0.05291;-0.07113
TARGET96;Olink Target 96 Inflammation;3027;Target96;C2;MED 232-DH wk4;SAMPLE;STAMBP;O95630;OID00558;1.603.471;499.260;-0.80337;FALSE;PASS;PASS;0.07955;IPC Normalized;2.0.2;NPX Signature;assay;499.260;-0.80337;-0.05291;-0.07113
TARGET96;Olink Target 96 Inflammation;3027;Target96;C2;MED 232-DH wk4;SAMPLE;IL5;P05113;OID00559;2.263.790;-0.00405;142.788;TRUE;PASS;PASS;0.95455;IPC Normalized;2.0.2;NPX Signature;assay;-0.00405;142.788;-0.05291;-0.07113
TARGET96;Olink Target 96 Inflammation;3027;Target96;C2;MED 232-DH wk4;SAMPLE;ADA;P00813;OID00560;1.392.861;765.615;-0.40830;FALSE;PASS;PASS;0.07955;IPC Normalized;2.0.2;NPX Signature;assay;765.615;-0.40830;-0.05291;-0.07113
TARGET96;Olink Target 96 Inflammation;3027;Target96;C2;MED 232-DH wk4;SAMPLE;TNFB;P01374;OID00561;2.463.200;-0.84370;0.56835;TRUE;PASS;PASS;0.64773;IPC Normalized;2.0.2;NPX Signature;assay;-0.84370;0.56835;-0.05291;-0.07113
TARGET96;Olink Target 96 Inflammation;3027;Target96;C2;MED 232-DH wk4;SAMPLE;CSF-1;P09603;OID00562;1.946.553;320.024;0.85565;FALSE;PASS;PASS;0.07955;IPC Normalized;2.0.2;NPX Signature;assay;320.024;0.85565;-0.05291;-0.07113
TARGET96;Olink Target 96 Inflammation;3027;Target96;D2;LPS 458-RT wk8;SAMPLE;IL8;P10145;OID00471;988.223;1.336.574;166.148;FALSE;PASS;PASS;0.07955;IPC Normalized;2.0.2;NPX Signature;assay;1.336.574;166.148;-0.28505;0.21585
TARGET96;Olink Target 96 Inflammation;3027;Target96;D2;LPS 458-RT wk8;SAMPLE;VEGFA;P15692;OID00472;1.954.447;460.067;0.00696;FALSE;PASS;PASS;0.07955;IPC Normalized;2.0.2;NPX Signature;assay;460.067;0.00696;-0.28505;0.21585
TARGET96;Olink Target 96 Inflammation;3027;Target96;D2;LPS 458-RT wk8;SAMPLE;CD8A;P01732;OID05124;2.107.764;156.802;-126.143;FALSE;PASS;PASS;0.07955;IPC Normalized;2.0.2;NPX Signature;assay;156.802;-126.143;-0.28505;0.21585
TARGET96;Olink Target 96 Inflammation;3027;Target96;D2;LPS 458-RT wk8;SAMPLE;Inc Ctrl 1;NA;OID00004;1.390.294;0.29665;0.07730;FALSE;PASS;NA;0.52273;IPC Normalized;2.0.2;NPX Signature;inc_ctrl_1;0.29665;0.07730;-0.28505;0.21585
TARGET96;Olink Target 96 Inflammation;3027;Target96;D2;LPS 458-RT wk8;SAMPLE;MCP-3;P80098;OID00474;1.821.165;700.779;143.285;FALSE;PASS;PASS;0.07955;IPC Normalized;2.0.2;NPX Signature;assay;700.779;143.285;-0.28505;0.21585
TARGET96;Olink Target 96 Inflammation;3027;Target96;D2;LPS 458-RT wk8;SAMPLE;GDNF;P39905;OID00475;2.471.238;0.17710;147.654;TRUE;PASS;PASS;0.97727;IPC Normalized;2.0.2;NPX Signature;assay;0.17710;147.654;-0.28505;0.21585
TARGET96;Olink Target 96 Inflammation;3027;Target96;D2;LPS 458-RT wk8;SAMPLE;CDCP1;Q9H5V8;OID00476;2.406.867;-0.06373;-0.58297;FALSE;PASS;PASS;0.27273;IPC Normalized;2.0.2;NPX Signature;assay;-0.06373;-0.58297;-0.28505;0.21585
TARGET96;Olink Target 96 Inflammation;3027;Target96;D2;LPS 458-RT wk8;SAMPLE;CD244;Q9BZW8;OID00477;1.952.309;500.359;153.762;FALSE;PASS;PASS;0.07955;IPC Normalized;2.0.2;NPX Signature;assay;500.359;153.762;-0.28505;0.21585
TARGET96;Olink Target 96 Inflammation;3027;Target96;D2;LPS 458-RT wk8;SAMPLE;IL7;P13232;OID00478;2.369.289;-216.820;-0.70852;TRUE;PASS;PASS;0.95455;IPC Normalized;2.0.2;NPX Signature;assay;-216.820;-0.70852;-0.28505;0.21585
TARGET96;Olink Target 96 Inflammation;3027;Target96;D2;LPS 458-RT wk8;SAMPLE;OPG;O00300;OID00479;1.966.170;147.502;-0.81398;FALSE;PASS;PASS;0.15909;IPC Normalized;2.0.2;NPX Signature;assay;147.502;-0.81398;-0.28505;0.21585
TARGET96;Olink Target 96 Inflammation;3027;Target96;D2;LPS 458-RT wk8;SAMPLE;LAP TGF-beta-1;P01137;OID00480;2.025.617;292.082;-104.297;FALSE;PASS;PASS;0.07955;IPC Normalized;2.0.2;NPX Signature;assay;292.082;-104.297;-0.28505;0.21585
TARGET96;Olink Target 96 Inflammation;3027;Target96;D2;LPS 458-RT wk8;SAMPLE;uPA;P00749;OID00481;1.484.841;631.964;0.11788;FALSE;PASS;PASS;0.07955;IPC Normalized;2.0.2;NPX Signature;assay;631.964;0.11788;-0.28505;0.21585
TARGET96;Olink Target 96 Inflammation;3027;Target96;D2;LPS 458-RT wk8;SAMPLE;IL6;P05231;OID00482;1.005.795;1.297.175;131.223;FALSE;PASS;PASS;0.07955;IPC Normalized;2.0.2;NPX Signature;assay;1.297.175;131.223;-0.28505;0.21585
TARGET96;Olink Target 96 Inflammation;3027;Target96;D2;LPS 458-RT wk8;SAMPLE;IL-17C;Q9P0M4;OID00483;2.365.784;-0.20146;105.079;TRUE;PASS;PASS;100.000;IPC Normalized;2.0.2;NPX Signature;assay;-0.20146;105.079;-0.28505;0.21585
TARGET96;Olink Target 96 Inflammation;3027;Target96;D2;LPS 458-RT wk8;SAMPLE;MCP-1;P13500;OID00484;1.073.852;1.312.412;126.065;FALSE;PASS;PASS;0.07955;IPC Normalized;2.0.2;NPX Signature;assay;1.312.412;126.065;-0.28505;0.21585
TARGET96;Olink Target 96 Inflammation;3027;Target96;D2;LPS 458-RT wk8;SAMPLE;IL-17A;Q16552;OID00485;2.558.559;-125.286;0.57759;TRUE;PASS;PASS;0.84091;IPC Normalized;2.0.2;NPX Signature;assay;-125.286;0.57759;-0.28505;0.21585
TARGET96;Olink Target 96 Inflammation;3027;Target96;D2;LPS 458-RT wk8;SAMPLE;CXCL11;O14625;OID00486;1.763.912;610.557;0.12817;FALSE;PASS;PASS;0.09091;IPC Normalized;2.0.2;NPX Signature;assay;610.557;0.12817;-0.28505;0.21585
TARGET96;Olink Target 96 Inflammation;3027;Target96;D2;LPS 458-RT wk8;SAMPLE;AXIN1;O15169;OID00487;2.182.511;0.58656;-0.49354;FALSE;PASS;PASS;0.12500;IPC Normalized;2.0.2;NPX Signature;assay;0.58656;-0.49354;-0.28505;0.21585
TARGET96;Olink Target 96 Inflammation;3027;Target96;D2;LPS 458-RT wk8;SAMPLE;Ext Ctrl;NA;OID00005;1.564.950;0.00000;0.00000;FALSE;PASS;NA;0.07955;IPC Normalized;2.0.2;NPX Signature;ext_ctrl;0.00000;0.00000;-0.28505;0.21585
TARGET96;Olink Target 96 Inflammation;3027;Target96;D2;LPS 458-RT wk8;SAMPLE;TRAIL;P50591;OID00488;1.993.173;316.311;-0.15284;FALSE;PASS;PASS;0.07955;IPC Normalized;2.0.2;NPX Signature;assay;316.311;-0.15284;-0.28505;0.21585
TARGET96;Olink Target 96 Inflammation;3027;Target96;D2;LPS 458-RT wk8;SAMPLE;IL-20RA;Q9UHF4;OID00489;2.363.063;-0.41257;104.704;TRUE;PASS;PASS;100.000;IPC Normalized;2.0.2;NPX Signature;assay;-0.41257;104.704;-0.28505;0.21585
TARGET96;Olink Target 96 Inflammation;3027;Target96;D2;LPS 458-RT wk8;SAMPLE;CXCL9;Q07325;OID00490;1.790.659;502.587;0.66560;FALSE;PASS;PASS;0.20455;IPC Normalized;2.0.2;NPX Signature;assay;502.587;0.66560;-0.28505;0.21585
TARGET96;Olink Target 96 Inflammation;3027;Target96;D2;LPS 458-RT wk8;SAMPLE;CST5;P28325;OID00491;2.570.271;-273.457;-107.592;TRUE;PASS;PASS;0.63636;IPC Normalized;2.0.2;NPX Signature;assay;-273.457;-107.592;-0.28505;0.21585
TARGET96;Olink Target 96 Inflammation;3027;Target96;D2;LPS 458-RT wk8;SAMPLE;IL-2RB;P14784;OID00492;2.492.188;-0.25975;165.436;TRUE;PASS;PASS;100.000;IPC Normalized;2.0.2;NPX Signature;assay;-0.25975;165.436;-0.28505;0.21585
TARGET96;Olink Target 96 Inflammation;3027;Target96;D2;LPS 458-RT wk8;SAMPLE;IL-1 alpha;P01583;OID00493;1.107.153;1.091.948;-0.99251;FALSE;PASS;PASS;0.07955;IPC Normalized;2.0.2;NPX Signature;assay;1.091.948;-0.99251;-0.28505;0.21585
TARGET96;Olink Target 96 Inflammation;3027;Target96;D2;LPS 458-RT wk8;SAMPLE;OSM;P13725;OID00494;1.529.828;818.482;0.16675;FALSE;PASS;PASS;0.07955;IPC Normalized;2.0.2;NPX Signature;assay;818.482;0.16675;-0.28505;0.21585
TARGET96;Olink Target 96 Inflammation;3027;Target96;D2;LPS 458-RT wk8;SAMPLE;IL2;P60568;OID00495;2.374.330;0.16138;128.757;TRUE;PASS;PASS;0.94318;IPC Normalized;2.0.2;NPX Signature;assay;0.16138;128.757;-0.28505;0.21585
TARGET96;Olink Target 96 Inflammation;3027;Target96;D2;LPS 458-RT wk8;SAMPLE;CXCL1;P09341;OID00496;1.371.306;1.262.419;279.881;FALSE;PASS;PASS;0.07955;IPC Normalized;2.0.2;NPX Signature;assay;1.262.419;279.881;-0.28505;0.21585
TARGET96;Olink Target 96 Inflammation;3027;Target96;D2;LPS 458-RT wk8;SAMPLE;TSLP;Q969D9;OID00497;2.535.227;0.83546;0.78329;FALSE;PASS;PASS;0.81818;IPC Normalized;2.0.2;NPX Signature;assay;0.83546;0.78329;-0.28505;0.21585
TARGET96;Olink Target 96 Inflammation;3027;Target96;D2;LPS 458-RT wk8;SAMPLE;CCL4;P13236;OID00498;829.966;1.257.129;-0.42383;FALSE;PASS;PASS;0.07955;IPC Normalized;2.0.2;NPX Signature;assay;1.257.129;-0.42383;-0.28505;0.21585
TARGET96;Olink Target 96 Inflammation;3027;Target96;D2;LPS 458-RT wk8;SAMPLE;CD6;P30203;OID00499;2.041.280;385.517;-0.86517;FALSE;PASS;PASS;0.07955;IPC Normalized;2.0.2;NPX Signature;assay;385.517;-0.86517;-0.28505;0.21585
TARGET96;Olink Target 96 Inflammation;3027;Target96;D2;LPS 458-RT wk8;SAMPLE;SCF;P21583;OID00500;2.349.223;-0.44012;0.19953;TRUE;PASS;PASS;0.96591;IPC Normalized;2.0.2;NPX Signature;assay;-0.44012;0.19953;-0.28505;0.21585
TARGET96;Olink Target 96 Inflammation;3027;Target96;D2;LPS 458-RT wk8;SAMPLE;IL18;Q14116;OID00501;1.463.864;859.981;0.08663;FALSE;PASS;PASS;0.07955;IPC Normalized;2.0.2;NPX Signature;assay;859.981;0.08663;-0.28505;0.21585
TARGET96;Olink Target 96 Inflammation;3027;Target96;D2;LPS 458-RT wk8;SAMPLE;SLAMF1;Q13291;OID00502;2.558.779;-0.74744;0.76837;TRUE;PASS;PASS;0.81818;IPC Normalized;2.0.2;NPX Signature;assay;-0.74744;0.76837;-0.28505;0.21585
TARGET96;Olink Target 96 Inflammation;3027;Target96;D2;LPS 458-RT wk8;SAMPLE;TGF-alpha;P01135;OID00503;2.174.549;189.441;-171.917;FALSE;PASS;PASS;0.07955;IPC Normalized;2.0.2;NPX Signature;assay;189.441;-171.917;-0.28505;0.21585
TARGET96;Olink Target 96 Inflammation;3027;Target96;D2;LPS 458-RT wk8;SAMPLE;MCP-4;Q99616;OID00504;1.979.002;731.816;143.956;FALSE;PASS;PASS;0.07955;IPC Normalized;2.0.2;NPX Signature;assay;731.816;143.956;-0.28505;0.21585
TARGET96;Olink Target 96 Inflammation;3027;Target96;D2;LPS 458-RT wk8;SAMPLE;CCL11;P51671;OID00505;2.265.936;-124.824;-0.40053;TRUE;PASS;PASS;0.68182;IPC Normalized;2.0.2;NPX Signature;assay;-124.824;-0.40053;-0.28505;0.21585
TARGET96;Olink Target 96 Inflammation;3027;Target96;D2;LPS 458-RT wk8;SAMPLE;TNFSF14;O43557;OID00506;1.556.613;559.879;-0.44803;FALSE;PASS;PASS;0.07955;IPC Normalized;2.0.2;NPX Signature;assay;559.879;-0.44803;-0.28505;0.21585
TARGET96;Olink Target 96 Inflammation;3027;Target96;D2;LPS 458-RT wk8;SAMPLE;FGF-23;Q9GZV9;OID00507;2.328.702;0.47678;0.91747;TRUE;PASS;PASS;0.96591;IPC Normalized;2.0.2;NPX Signature;assay;0.47678;0.91747;-0.28505;0.21585
TARGET96;Olink Target 96 Inflammation;3027;Target96;D2;LPS 458-RT wk8;SAMPLE;IL-10RA;Q13651;OID00508;2.182.085;-0.00976;-0.70231;FALSE;PASS;PASS;0.50000;IPC Normalized;2.0.2;NPX Signature;assay;-0.00976;-0.70231;-0.28505;0.21585
TARGET96;Olink Target 96 Inflammation;3027;Target96;D2;LPS 458-RT wk8;SAMPLE;FGF-5;P12034;OID00509;2.273.561;-0.80638;-0.11172;TRUE;PASS;PASS;0.98864;IPC Normalized;2.0.2;NPX Signature;assay;-0.80638;-0.11172;-0.28505;0.21585
TARGET96;Olink Target 96 Inflammation;3027;Target96;D2;LPS 458-RT wk8;SAMPLE;MMP-1;P03956;OID00510;1.521.323;890.305;-0.41038;FALSE;PASS;PASS;0.07955;IPC Normalized;2.0.2;NPX Signature;assay;890.305;-0.41038;-0.28505;0.21585
TARGET96;Olink Target 96 Inflammation;3027;Target96;D2;LPS 458-RT wk8;SAMPLE;LIF-R;P42702;OID00511;2.401.891;-180.450;0.22136;TRUE;PASS;PASS;100.000;IPC Normalized;2.0.2;NPX Signature;assay;-180.450;0.22136;-0.28505;0.21585
TARGET96;Olink Target 96 Inflammation;3027;Target96;D2;LPS 458-RT wk8;SAMPLE;FGF-21;Q9NSA1;OID00512;1.883.597;195.705;-0.44425;FALSE;PASS;PASS;0.07955;IPC Normalized;2.0.2;NPX Signature;assay;195.705;-0.44425;-0.28505;0.21585
TARGET96;Olink Target 96 Inflammation;3027;Target96;D2;LPS 458-RT wk8;SAMPLE;CCL19;Q99731;OID00513;2.096.192;356.402;195.046;FALSE;PASS;PASS;0.07955;IPC Normalized;2.0.2;NPX Signature;assay;356.402;195.046;-0.28505;0.21585
TARGET96;Olink Target 96 Inflammation;3027;Target96;D2;LPS 458-RT wk8;SAMPLE;Inc Ctrl 2;NA;OID00006;1.669.064;-0.29746;-0.10165;TRUE;PASS;NA;0.90909;IPC Normalized;2.0.2;NPX Signature;inc_ctrl_2;-0.29746;-0.10165;-0.28505;0.21585
TARGET96;Olink Target 96 Inflammation;3027;Target96;D2;LPS 458-RT wk8;SAMPLE;Det Ctrl;NA;OID00007;1.175.844;-0.43020;0.01785;TRUE;PASS;NA;0.92045;IPC Normalized;2.0.2;NPX Signature;det_ctrl;-0.43020;0.01785;-0.28505;0.21585
TARGET96;Olink Target 96 Inflammation;3027;Target96;D2;LPS 458-RT wk8;SAMPLE;IL-15RA;Q13261;OID00514;2.351.704;-0.53578;0.09772;TRUE;PASS;PASS;100.000;IPC Normalized;2.0.2;NPX Signature;assay;-0.53578;0.09772;-0.28505;0.21585
TARGET96;Olink Target 96 Inflammation;3027;Target96;D2;LPS 458-RT wk8;SAMPLE;IL-10RB;Q08334;OID00515;2.361.230;-0.81011;-0.88484;FALSE;PASS;PASS;0.37500;IPC Normalized;2.0.2;NPX Signature;assay;-0.81011;-0.88484;-0.28505;0.21585
TARGET96;Olink Target 96 Inflammation;3027;Target96;D2;LPS 458-RT wk8;SAMPLE;IL-22 RA1;Q8N6P7;OID00516;2.616.381;168.224;264.114;TRUE;PASS;PASS;0.98864;IPC Normalized;2.0.2;NPX Signature;assay;168.224;264.114;-0.28505;0.21585
TARGET96;Olink Target 96 Inflammation;3027;Target96;D2;LPS 458-RT wk8;SAMPLE;IL-18R1;Q13478;OID00517;2.073.752;384.624;0.59764;FALSE;PASS;PASS;0.07955;IPC Normalized;2.0.2;NPX Signature;assay;384.624;0.59764;-0.28505;0.21585
TARGET96;Olink Target 96 Inflammation;3027;Target96;D2;LPS 458-RT wk8;SAMPLE;PD-L1;Q9NZQ7;OID00518;2.301.062;342.833;206.434;FALSE;PASS;PASS;0.13636;IPC Normalized;2.0.2;NPX Signature;assay;342.833;206.434;-0.28505;0.21585
TARGET96;Olink Target 96 Inflammation;3027;Target96;D2;LPS 458-RT wk8;SAMPLE;Beta-NGF;P01138;OID00519;1.530.831;-0.31367;-0.17729;TRUE;PASS;PASS;0.85227;IPC Normalized;2.0.2;NPX Signature;assay;-0.31367;-0.17729;-0.28505;0.21585
TARGET96;Olink Target 96 Inflammation;3027;Target96;D2;LPS 458-RT wk8;SAMPLE;CXCL5;P42830;OID00520;1.592.030;936.022;130.106;FALSE;PASS;PASS;0.07955;IPC Normalized;2.0.2;NPX Signature;assay;936.022;130.106;-0.28505;0.21585
TARGET96;Olink Target 96 Inflammation;3027;Target96;D2;LPS 458-RT wk8;SAMPLE;TRANCE;O14788;OID00521;2.335.365;126.035;-131.969;FALSE;PASS;PASS;0.11364;IPC Normalized;2.0.2;NPX Signature;assay;126.035;-131.969;-0.28505;0.21585
TARGET96;Olink Target 96 Inflammation;3027;Target96;D2;LPS 458-RT wk8;SAMPLE;HGF;P14210;OID00522;1.881.120;402.441;0.10249;FALSE;PASS;PASS;0.07955;IPC Normalized;2.0.2;NPX Signature;assay;402.441;0.10249;-0.28505;0.21585
TARGET96;Olink Target 96 Inflammation;3027;Target96;D2;LPS 458-RT wk8;SAMPLE;IL-12B;P29460;OID00523;2.148.944;254.731;-141.352;FALSE;PASS;PASS;0.15909;IPC Normalized;2.0.2;NPX Signature;assay;254.731;-141.352;-0.28505;0.21585
TARGET96;Olink Target 96 Inflammation;3027;Target96;D2;LPS 458-RT wk8;SAMPLE;IL-24;Q13007;OID00524;2.835.935;-200.792;0.61372;TRUE;PASS;PASS;0.81818;IPC Normalized;2.0.2;NPX Signature;assay;-200.792;0.61372;-0.28505;0.21585
TARGET96;Olink Target 96 Inflammation;3027;Target96;D2;LPS 458-RT wk8;SAMPLE;IL13;P35225;OID00525;2.377.445;-0.53979;120.432;TRUE;PASS;PASS;0.89773;IPC Normalized;2.0.2;NPX Signature;assay;-0.53979;120.432;-0.28505;0.21585
TARGET96;Olink Target 96 Inflammation;3027;Target96;D2;LPS 458-RT wk8;SAMPLE;ARTN;Q5T4W7;OID00526;2.462.846;0.07134;0.58766;TRUE;PASS;PASS;0.84091;IPC Normalized;2.0.2;NPX Signature;assay;0.07134;0.58766;-0.28505;0.21585
TARGET96;Olink Target 96 Inflammation;3027;Target96;D2;LPS 458-RT wk8;SAMPLE;MMP-10;P09238;OID00527;1.600.815;676.249;-0.27894;FALSE;PASS;PASS;0.07955;IPC Normalized;2.0.2;NPX Signature;assay;676.249;-0.27894;-0.28505;0.21585
TARGET96;Olink Target 96 Inflammation;3027;Target96;D2;LPS 458-RT wk8;SAMPLE;IL10;P22301;OID00528;1.801.333;743.814;134.323;FALSE;PASS;PASS;0.07955;IPC Normalized;2.0.2;NPX Signature;assay;743.814;134.323;-0.28505;0.21585
TARGET96;Olink Target 96 Inflammation;3027;Target96;D2;LPS 458-RT wk8;SAMPLE;TNF;P01375;OID05548;970.394;1.574.667;0.92674;FALSE;PASS;PASS;0.07955;IPC Normalized;2.0.2;NPX Signature;assay;1.574.667;0.92674;-0.28505;0.21585
TARGET96;Olink Target 96 Inflammation;3027;Target96;D2;LPS 458-RT wk8;SAMPLE;CCL23;P55773;OID00530;2.052.503;251.134;-0.28231;FALSE;PASS;PASS;0.07955;IPC Normalized;2.0.2;NPX Signature;assay;251.134;-0.28231;-0.28505;0.21585
TARGET96;Olink Target 96 Inflammation;3027;Target96;D2;LPS 458-RT wk8;SAMPLE;CD5;P06127;OID00531;1.581.246;638.892;-0.84352;FALSE;PASS;PASS;0.07955;IPC Normalized;2.0.2;NPX Signature;assay;638.892;-0.84352;-0.28505;0.21585
TARGET96;Olink Target 96 Inflammation;3027;Target96;D2;LPS 458-RT wk8;SAMPLE;CCL3;P10147;OID00532;934.982;1.272.490;-0.11401;FALSE;PASS;PASS;0.07955;IPC Normalized;2.0.2;NPX Signature;assay;1.272.490;-0.11401;-0.28505;0.21585
TARGET96;Olink Target 96 Inflammation;3027;Target96;D2;LPS 458-RT wk8;SAMPLE;Flt3L;P49771;OID00533;2.282.455;481.596;0.29529;FALSE;PASS;PASS;0.07955;IPC Normalized;2.0.2;NPX Signature;assay;481.596;0.29529;-0.28505;0.21585
TARGET96;Olink Target 96 Inflammation;3027;Target96;D2;LPS 458-RT wk8;SAMPLE;CXCL6;P80162;OID00534;1.986.611;411.350;0.42501;FALSE;PASS;PASS;0.07955;IPC Normalized;2.0.2;NPX Signature;assay;411.350;0.42501;-0.28505;0.21585
TARGET96;Olink Target 96 Inflammation;3027;Target96;D2;LPS 458-RT wk8;SAMPLE;CXCL10;P02778;OID00535;1.414.941;1.053.592;158.004;FALSE;PASS;PASS;0.07955;IPC Normalized;2.0.2;NPX Signature;assay;1.053.592;158.004;-0.28505;0.21585
TARGET96;Olink Target 96 Inflammation;3027;Target96;D2;LPS 458-RT wk8;SAMPLE;4E-BP1;Q13541;OID00536;1.597.721;512.313;-0.95345;FALSE;PASS;PASS;0.07955;IPC Normalized;2.0.2;NPX Signature;assay;512.313;-0.95345;-0.28505;0.21585
TARGET96;Olink Target 96 Inflammation;3027;Target96;D2;LPS 458-RT wk8;SAMPLE;IL-20;Q9NYY1;OID00537;2.236.121;-0.86099;-0.28182;TRUE;PASS;PASS;0.97727;IPC Normalized;2.0.2;NPX Signature;assay;-0.86099;-0.28182;-0.28505;0.21585
TARGET96;Olink Target 96 Inflammation;3027;Target96;D2;LPS 458-RT wk8;SAMPLE;SIRT2;Q8IXJ6;OID00538;1.957.991;459.057;116.589;FALSE;PASS;PASS;0.18182;IPC Normalized;2.0.2;NPX Signature;assay;459.057;116.589;-0.28505;0.21585
TARGET96;Olink Target 96 Inflammation;3027;Target96;D2;LPS 458-RT wk8;SAMPLE;CCL28;Q9NRJ3;OID00539;2.335.526;-102.508;-0.70486;TRUE;PASS;PASS;0.85227;IPC Normalized;2.0.2;NPX Signature;assay;-102.508;-0.70486;-0.28505;0.21585
TARGET96;Olink Target 96 Inflammation;3027;Target96;D2;LPS 458-RT wk8;SAMPLE;DNER;Q8NFT8;OID01213;1.979.068;171.635;-0.30062;FALSE;PASS;PASS;0.07955;IPC Normalized;2.0.2;NPX Signature;assay;171.635;-0.30062;-0.28505;0.21585
TARGET96;Olink Target 96 Inflammation;3027;Target96;D2;LPS 458-RT wk8;SAMPLE;EN-RAGE;P80511;OID00541;1.771.178;591.124;0.09630;FALSE;PASS;PASS;0.07955;IPC Normalized;2.0.2;NPX Signature;assay;591.124;0.09630;-0.28505;0.21585
TARGET96;Olink Target 96 Inflammation;3027;Target96;D2;LPS 458-RT wk8;SAMPLE;CD40;P25942;OID00542;1.587.780;970.184;224.967;FALSE;PASS;PASS;0.07955;IPC Normalized;2.0.2;NPX Signature;assay;970.184;224.967;-0.28505;0.21585
TARGET96;Olink Target 96 Inflammation;3027;Target96;D2;LPS 458-RT wk8;SAMPLE;IL33;O95760;OID00543;2.432.978;-0.97858;0.91606;TRUE;PASS;PASS;100.000;IPC Normalized;2.0.2;NPX Signature;assay;-0.97858;0.91606;-0.28505;0.21585
TARGET96;Olink Target 96 Inflammation;3027;Target96;D2;LPS 458-RT wk8;SAMPLE;IFN-gamma;P01579;OID05547;1.122.407;1.577.122;305.868;FALSE;PASS;PASS;0.07955;IPC Normalized;2.0.2;NPX Signature;assay;1.577.122;305.868;-0.28505;0.21585
TARGET96;Olink Target 96 Inflammation;3027;Target96;D2;LPS 458-RT wk8;SAMPLE;FGF-19;O95750;OID00545;2.245.580;-0.75066;-0.76210;FALSE;PASS;PASS;0.67045;IPC Normalized;2.0.2;NPX Signature;assay;-0.75066;-0.76210;-0.28505;0.21585
TARGET96;Olink Target 96 Inflammation;3027;Target96;D2;LPS 458-RT wk8;SAMPLE;IL4;P05112;OID00546;2.438.239;-0.53032;-102.563;FALSE;PASS;PASS;0.29545;IPC Normalized;2.0.2;NPX Signature;assay;-0.53032;-102.563;-0.28505;0.21585
TARGET96;Olink Target 96 Inflammation;3027;Target96;D2;LPS 458-RT wk8;SAMPLE;LIF;P15018;OID00547;1.794.318;348.331;-0.79961;FALSE;PASS;PASS;0.07955;IPC Normalized;2.0.2;NPX Signature;assay;348.331;-0.79961;-0.28505;0.21585
TARGET96;Olink Target 96 Inflammation;3027;Target96;D2;LPS 458-RT wk8;SAMPLE;NRTN;Q99748;OID00548;2.337.864;-146.476;-0.41185;TRUE;PASS;PASS;0.97727;IPC Normalized;2.0.2;NPX Signature;assay;-146.476;-0.41185;-0.28505;0.21585
TARGET96;Olink Target 96 Inflammation;3027;Target96;D2;LPS 458-RT wk8;SAMPLE;MCP-2;P80075;OID00549;1.685.566;847.349;127.866;FALSE;PASS;PASS;0.07955;IPC Normalized;2.0.2;NPX Signature;assay;847.349;127.866;-0.28505;0.21585
TARGET96;Olink Target 96 Inflammation;3027;Target96;D2;LPS 458-RT wk8;SAMPLE;CASP-8;Q14790;OID00550;1.580.673;734.745;0.91291;FALSE;PASS;PASS;0.07955;IPC Normalized;2.0.2;NPX Signature;assay;734.745;0.91291;-0.28505;0.21585
TARGET96;Olink Target 96 Inflammation;3027;Target96;D2;LPS 458-RT wk8;SAMPLE;CCL25;O15444;OID00551;2.264.872;-119.680;-0.18758;TRUE;PASS;PASS;0.98864;IPC Normalized;2.0.2;NPX Signature;assay;-119.680;-0.18758;-0.28505;0.21585
TARGET96;Olink Target 96 Inflammation;3027;Target96;D2;LPS 458-RT wk8;SAMPLE;CX3CL1;P78423;OID00552;2.599.334;-108.229;-0.12333;TRUE;PASS;PASS;0.94318;IPC Normalized;2.0.2;NPX Signature;assay;-108.229;-0.12333;-0.28505;0.21585
TARGET96;Olink Target 96 Inflammation;3027;Target96;D2;LPS 458-RT wk8;SAMPLE;TNFRSF9;Q07011;OID00553;2.019.108;400.809;0.83400;FALSE;PASS;PASS;0.07955;IPC Normalized;2.0.2;NPX Signature;assay;400.809;0.83400;-0.28505;0.21585
TARGET96;Olink Target 96 Inflammation;3027;Target96;D2;LPS 458-RT wk8;SAMPLE;NT-3;P20783;OID00554;2.436.953;-0.76082;0.74628;TRUE;PASS;PASS;0.98864;IPC Normalized;2.0.2;NPX Signature;assay;-0.76082;0.74628;-0.28505;0.21585
TARGET96;Olink Target 96 Inflammation;3027;Target96;D2;LPS 458-RT wk8;SAMPLE;TWEAK;O43508;OID00555;2.151.412;342.870;-182.937;FALSE;PASS;PASS;0.07955;IPC Normalized;2.0.2;NPX Signature;assay;342.870;-182.937;-0.28505;0.21585
TARGET96;Olink Target 96 Inflammation;3027;Target96;D2;LPS 458-RT wk8;SAMPLE;CCL20;P78556;OID00556;1.315.295;1.050.576;131.645;FALSE;PASS;PASS;0.07955;IPC Normalized;2.0.2;NPX Signature;assay;1.050.576;131.645;-0.28505;0.21585
TARGET96;Olink Target 96 Inflammation;3027;Target96;D2;LPS 458-RT wk8;SAMPLE;ST1A1;P50225;OID00557;1.604.280;838.172;125.003;FALSE;PASS;PASS;0.07955;IPC Normalized;2.0.2;NPX Signature;assay;838.172;125.003;-0.28505;0.21585
TARGET96;Olink Target 96 Inflammation;3027;Target96;D2;LPS 458-RT wk8;SAMPLE;STAMBP;O95630;OID00558;1.809.370;448.077;-0.80337;FALSE;PASS;PASS;0.07955;IPC Normalized;2.0.2;NPX Signature;assay;448.077;-0.80337;-0.28505;0.21585
TARGET96;Olink Target 96 Inflammation;3027;Target96;D2;LPS 458-RT wk8;SAMPLE;IL5;P05113;OID00559;2.410.079;0.08022;142.788;TRUE;PASS;PASS;0.95455;IPC Normalized;2.0.2;NPX Signature;assay;0.08022;142.788;-0.28505;0.21585
TARGET96;Olink Target 96 Inflammation;3027;Target96;D2;LPS 458-RT wk8;SAMPLE;ADA;P00813;OID00560;1.573.374;739.820;-0.40830;FALSE;PASS;PASS;0.07955;IPC Normalized;2.0.2;NPX Signature;assay;739.820;-0.40830;-0.28505;0.21585
TARGET96;Olink Target 96 Inflammation;3027;Target96;D2;LPS 458-RT wk8;SAMPLE;TNFB;P01374;OID00561;2.561.047;-0.27500;0.56835;TRUE;PASS;PASS;0.64773;IPC Normalized;2.0.2;NPX Signature;assay;-0.27500;0.56835;-0.28505;0.21585
TARGET96;Olink Target 96 Inflammation;3027;Target96;D2;LPS 458-RT wk8;SAMPLE;CSF-1;P09603;OID00562;2.026.722;394.572;0.85565;FALSE;PASS;PASS;0.07955;IPC Normalized;2.0.2;NPX Signature;assay;394.572;0.85565;-0.28505;0.21585
TARGET96;Olink Target 96 Inflammation;3027;Target96;E2;MED 393-FD wk0;SAMPLE;IL8;P10145;OID00471;1.367.758;NA;166.148;NA;FAIL;PASS;0.07955;IPC Normalized;2.0.2;NPX Signature;assay;NA;166.148;NA;NA
TARGET96;Olink Target 96 Inflammation;3027;Target96;E2;MED 393-FD wk0;SAMPLE;VEGFA;P15692;OID00472;2.141.378;NA;0.00696;NA;FAIL;PASS;0.07955;IPC Normalized;2.0.2;NPX Signature;assay;NA;0.00696;NA;NA
TARGET96;Olink Target 96 Inflammation;3027;Target96;E2;MED 393-FD wk0;SAMPLE;CD8A;P01732;OID05124;2.462.078;NA;-126.143;NA;FAIL;PASS;0.07955;IPC Normalized;2.0.2;NPX Signature;assay;NA;-126.143;NA;NA
TARGET96;Olink Target 96 Inflammation;3027;Target96;E2;MED 393-FD wk0;SAMPLE;Inc Ctrl 1;NA;OID00004;1.811.501;NA;0.07730;NA;FAIL;NA;0.52273;IPC Normalized;2.0.2;NPX Signature;inc_ctrl_1;NA;0.07730;NA;NA
TARGET96;Olink Target 96 Inflammation;3027;Target96;E2;MED 393-FD wk0;SAMPLE;MCP-3;P80098;OID00474;2.094.759;NA;143.285;NA;FAIL;PASS;0.07955;IPC Normalized;2.0.2;NPX Signature;assay;NA;143.285;NA;NA
TARGET96;Olink Target 96 Inflammation;3027;Target96;E2;MED 393-FD wk0;SAMPLE;GDNF;P39905;OID00475;3.031.321;NA;147.654;NA;FAIL;PASS;0.97727;IPC Normalized;2.0.2;NPX Signature;assay;NA;147.654;NA;NA
TARGET96;Olink Target 96 Inflammation;3027;Target96;E2;MED 393-FD wk0;SAMPLE;CDCP1;Q9H5V8;OID00476;3.045.569;NA;-0.58297;NA;FAIL;PASS;0.27273;IPC Normalized;2.0.2;NPX Signature;assay;NA;-0.58297;NA;NA
TARGET96;Olink Target 96 Inflammation;3027;Target96;E2;MED 393-FD wk0;SAMPLE;CD244;Q9BZW8;OID00477;2.713.111;NA;153.762;NA;FAIL;PASS;0.07955;IPC Normalized;2.0.2;NPX Signature;assay;NA;153.762;NA;NA
TARGET96;Olink Target 96 Inflammation;3027;Target96;E2;MED 393-FD wk0;SAMPLE;IL7;P13232;OID00478;2.889.736;NA;-0.70852;NA;FAIL;PASS;0.95455;IPC Normalized;2.0.2;NPX Signature;assay;NA;-0.70852;NA;NA
TARGET96;Olink Target 96 Inflammation;3027;Target96;E2;MED 393-FD wk0;SAMPLE;OPG;O00300;OID00479;2.728.429;NA;-0.81398;NA;FAIL;PASS;0.15909;IPC Normalized;2.0.2;NPX Signature;assay;NA;-0.81398;NA;NA
TARGET96;Olink Target 96 Inflammation;3027;Target96;E2;MED 393-FD wk0;SAMPLE;LAP TGF-beta-1;P01137;OID00480;2.641.266;NA;-104.297;NA;FAIL;PASS;0.07955;IPC Normalized;2.0.2;NPX Signature;assay;NA;-104.297;NA;NA
TARGET96;Olink Target 96 Inflammation;3027;Target96;E2;MED 393-FD wk0;SAMPLE;uPA;P00749;OID00481;2.128.562;NA;0.11788;NA;FAIL;PASS;0.07955;IPC Normalized;2.0.2;NPX Signature;assay;NA;0.11788;NA;NA
TARGET96;Olink Target 96 Inflammation;3027;Target96;E2;MED 393-FD wk0;SAMPLE;IL6;P05231;OID00482;1.653.402;NA;131.223;NA;FAIL;PASS;0.07955;IPC Normalized;2.0.2;NPX Signature;assay;NA;131.223;NA;NA
TARGET96;Olink Target 96 Inflammation;3027;Target96;E2;MED 393-FD wk0;SAMPLE;IL-17C;Q9P0M4;OID00483;2.986.588;NA;105.079;NA;FAIL;PASS;100.000;IPC Normalized;2.0.2;NPX Signature;assay;NA;105.079;NA;NA
TARGET96;Olink Target 96 Inflammation;3027;Target96;E2;MED 393-FD wk0;SAMPLE;MCP-1;P13500;OID00484;1.415.507;NA;126.065;NA;FAIL;PASS;0.07955;IPC Normalized;2.0.2;NPX Signature;assay;NA;126.065;NA;NA
TARGET96;Olink Target 96 Inflammation;3027;Target96;E2;MED 393-FD wk0;SAMPLE;IL-17A;Q16552;OID00485;3.114.292;NA;0.57759;NA;FAIL;PASS;0.84091;IPC Normalized;2.0.2;NPX Signature;assay;NA;0.57759;NA;NA
TARGET96;Olink Target 96 Inflammation;3027;Target96;E2;MED 393-FD wk0;SAMPLE;CXCL11;O14625;OID00486;2.628.505;NA;0.12817;NA;FAIL;PASS;0.09091;IPC Normalized;2.0.2;NPX Signature;assay;NA;0.12817;NA;NA
TARGET96;Olink Target 96 Inflammation;3027;Target96;E2;MED 393-FD wk0;SAMPLE;AXIN1;O15169;OID00487;2.752.914;NA;-0.49354;NA;FAIL;PASS;0.12500;IPC Normalized;2.0.2;NPX Signature;assay;NA;-0.49354;NA;NA
TARGET96;Olink Target 96 Inflammation;3027;Target96;E2;MED 393-FD wk0;SAMPLE;Ext Ctrl;NA;OID00005;2.156.240;NA;0.00000;NA;FAIL;NA;0.07955;IPC Normalized;2.0.2;NPX Signature;ext_ctrl;NA;0.00000;NA;NA
TARGET96;Olink Target 96 Inflammation;3027;Target96;E2;MED 393-FD wk0;SAMPLE;TRAIL;P50591;OID00488;2.717.083;NA;-0.15284;NA;FAIL;PASS;0.07955;IPC Normalized;2.0.2;NPX Signature;assay;NA;-0.15284;NA;NA
TARGET96;Olink Target 96 Inflammation;3027;Target96;E2;MED 393-FD wk0;SAMPLE;IL-20RA;Q9UHF4;OID00489;2.848.716;NA;104.704;NA;FAIL;PASS;100.000;IPC Normalized;2.0.2;NPX Signature;assay;NA;104.704;NA;NA
TARGET96;Olink Target 96 Inflammation;3027;Target96;E2;MED 393-FD wk0;SAMPLE;CXCL9;Q07325;OID00490;2.769.864;NA;0.66560;NA;FAIL;PASS;0.20455;IPC Normalized;2.0.2;NPX Signature;assay;NA;0.66560;NA;NA
TARGET96;Olink Target 96 Inflammation;3027;Target96;E2;MED 393-FD wk0;SAMPLE;CST5;P28325;OID00491;2.863.241;NA;-107.592;NA;FAIL;PASS;0.63636;IPC Normalized;2.0.2;NPX Signature;assay;NA;-107.592;NA;NA
TARGET96;Olink Target 96 Inflammation;3027;Target96;E2;MED 393-FD wk0;SAMPLE;IL-2RB;P14784;OID00492;2.968.511;NA;165.436;NA;FAIL;PASS;100.000;IPC Normalized;2.0.2;NPX Signature;assay;NA;165.436;NA;NA
TARGET96;Olink Target 96 Inflammation;3027;Target96;E2;MED 393-FD wk0;SAMPLE;IL-1 alpha;P01583;OID00493;2.399.621;NA;-0.99251;NA;FAIL;PASS;0.07955;IPC Normalized;2.0.2;NPX Signature;assay;NA;-0.99251;NA;NA
TARGET96;Olink Target 96 Inflammation;3027;Target96;E2;MED 393-FD wk0;SAMPLE;OSM;P13725;OID00494;1.974.048;NA;0.16675;NA;FAIL;PASS;0.07955;IPC Normalized;2.0.2;NPX Signature;assay;NA;0.16675;NA;NA
TARGET96;Olink Target 96 Inflammation;3027;Target96;E2;MED 393-FD wk0;SAMPLE;IL2;P60568;OID00495;2.816.580;NA;128.757;NA;FAIL;PASS;0.94318;IPC Normalized;2.0.2;NPX Signature;assay;NA;128.757;NA;NA
TARGET96;Olink Target 96 Inflammation;3027;Target96;E2;MED 393-FD wk0;SAMPLE;CXCL1;P09341;OID00496;1.678.461;NA;279.881;NA;FAIL;PASS;0.07955;IPC Normalized;2.0.2;NPX Signature;assay;NA;279.881;NA;NA
TARGET96;Olink Target 96 Inflammation;3027;Target96;E2;MED 393-FD wk0;SAMPLE;TSLP;Q969D9;OID00497;99.900.000;NA;0.78329;NA;FAIL;PASS;0.81818;IPC Normalized;2.0.2;NPX Signature;assay;NA;0.78329;NA;NA
TARGET96;Olink Target 96 Inflammation;3027;Target96;E2;MED 393-FD wk0;SAMPLE;CCL4;P13236;OID00498;1.349.545;NA;-0.42383;NA;FAIL;PASS;0.07955;IPC Normalized;2.0.2;NPX Signature;assay;NA;-0.42383;NA;NA
TARGET96;Olink Target 96 Inflammation;3027;Target96;E2;MED 393-FD wk0;SAMPLE;CD6;P30203;OID00499;2.498.538;NA;-0.86517;NA;FAIL;PASS;0.07955;IPC Normalized;2.0.2;NPX Signature;assay;NA;-0.86517;NA;NA
TARGET96;Olink Target 96 Inflammation;3027;Target96;E2;MED 393-FD wk0;SAMPLE;SCF;P21583;OID00500;2.955.556;NA;0.19953;NA;FAIL;PASS;0.96591;IPC Normalized;2.0.2;NPX Signature;assay;NA;0.19953;NA;NA
TARGET96;Olink Target 96 Inflammation;3027;Target96;E2;MED 393-FD wk0;SAMPLE;IL18;Q14116;OID00501;2.608.886;NA;0.08663;NA;FAIL;PASS;0.07955;IPC Normalized;2.0.2;NPX Signature;assay;NA;0.08663;NA;NA
TARGET96;Olink Target 96 Inflammation;3027;Target96;E2;MED 393-FD wk0;SAMPLE;SLAMF1;Q13291;OID00502;99.900.000;NA;0.76837;NA;FAIL;PASS;0.81818;IPC Normalized;2.0.2;NPX Signature;assay;NA;0.76837;NA;NA
TARGET96;Olink Target 96 Inflammation;3027;Target96;E2;MED 393-FD wk0;SAMPLE;TGF-alpha;P01135;OID00503;2.562.017;NA;-171.917;NA;FAIL;PASS;0.07955;IPC Normalized;2.0.2;NPX Signature;assay;NA;-171.917;NA;NA
TARGET96;Olink Target 96 Inflammation;3027;Target96;E2;MED 393-FD wk0;SAMPLE;MCP-4;Q99616;OID00504;2.542.770;NA;143.956;NA;FAIL;PASS;0.07955;IPC Normalized;2.0.2;NPX Signature;assay;NA;143.956;NA;NA
TARGET96;Olink Target 96 Inflammation;3027;Target96;E2;MED 393-FD wk0;SAMPLE;CCL11;P51671;OID00505;2.600.345;NA;-0.40053;NA;FAIL;PASS;0.68182;IPC Normalized;2.0.2;NPX Signature;assay;NA;-0.40053;NA;NA
TARGET96;Olink Target 96 Inflammation;3027;Target96;E2;MED 393-FD wk0;SAMPLE;TNFSF14;O43557;OID00506;2.109.696;NA;-0.44803;NA;FAIL;PASS;0.07955;IPC Normalized;2.0.2;NPX Signature;assay;NA;-0.44803;NA;NA
TARGET96;Olink Target 96 Inflammation;3027;Target96;E2;MED 393-FD wk0;SAMPLE;FGF-23;Q9GZV9;OID00507;2.837.702;NA;0.91747;NA;FAIL;PASS;0.96591;IPC Normalized;2.0.2;NPX Signature;assay;NA;0.91747;NA;NA
TARGET96;Olink Target 96 Inflammation;3027;Target96;E2;MED 393-FD wk0;SAMPLE;IL-10RA;Q13651;OID00508;2.811.462;NA;-0.70231;NA;FAIL;PASS;0.50000;IPC Normalized;2.0.2;NPX Signature;assay;NA;-0.70231;NA;NA
TARGET96;Olink Target 96 Inflammation;3027;Target96;E2;MED 393-FD wk0;SAMPLE;FGF-5;P12034;OID00509;2.896.456;NA;-0.11172;NA;FAIL;PASS;0.98864;IPC Normalized;2.0.2;NPX Signature;assay;NA;-0.11172;NA;NA
TARGET96;Olink Target 96 Inflammation;3027;Target96;E2;MED 393-FD wk0;SAMPLE;MMP-1;P03956;OID00510;2.242.059;NA;-0.41038;NA;FAIL;PASS;0.07955;IPC Normalized;2.0.2;NPX Signature;assay;NA;-0.41038;NA;NA
TARGET96;Olink Target 96 Inflammation;3027;Target96;E2;MED 393-FD wk0;SAMPLE;LIF-R;P42702;OID00511;2.790.461;NA;0.22136;NA;FAIL;PASS;100.000;IPC Normalized;2.0.2;NPX Signature;assay;NA;0.22136;NA;NA
TARGET96;Olink Target 96 Inflammation;3027;Target96;E2;MED 393-FD wk0;SAMPLE;FGF-21;Q9NSA1;OID00512;2.258.609;NA;-0.44425;NA;FAIL;PASS;0.07955;IPC Normalized;2.0.2;NPX Signature;assay;NA;-0.44425;NA;NA
TARGET96;Olink Target 96 Inflammation;3027;Target96;E2;MED 393-FD wk0;SAMPLE;CCL19;Q99731;OID00513;2.505.564;NA;195.046;NA;FAIL;PASS;0.07955;IPC Normalized;2.0.2;NPX Signature;assay;NA;195.046;NA;NA
TARGET96;Olink Target 96 Inflammation;3027;Target96;E2;MED 393-FD wk0;SAMPLE;Inc Ctrl 2;NA;OID00006;2.224.543;NA;-0.10165;NA;FAIL;NA;0.90909;IPC Normalized;2.0.2;NPX Signature;inc_ctrl_2;NA;-0.10165;NA;NA
TARGET96;Olink Target 96 Inflammation;3027;Target96;E2;MED 393-FD wk0;SAMPLE;Det Ctrl;NA;OID00007;1.687.871;NA;0.01785;NA;FAIL;NA;0.92045;IPC Normalized;2.0.2;NPX Signature;det_ctrl;NA;0.01785;NA;NA
TARGET96;Olink Target 96 Inflammation;3027;Target96;E2;MED 393-FD wk0;SAMPLE;IL-15RA;Q13261;OID00514;99.900.000;NA;0.09772;NA;FAIL;PASS;100.000;IPC Normalized;2.0.2;NPX Signature;assay;NA;0.09772;NA;NA
TARGET96;Olink Target 96 Inflammation;3027;Target96;E2;MED 393-FD wk0;SAMPLE;IL-10RB;Q08334;OID00515;3.000.251;NA;-0.88484;NA;FAIL;PASS;0.37500;IPC Normalized;2.0.2;NPX Signature;assay;NA;-0.88484;NA;NA
TARGET96;Olink Target 96 Inflammation;3027;Target96;E2;MED 393-FD wk0;SAMPLE;IL-22 RA1;Q8N6P7;OID00516;2.975.346;NA;264.114;NA;FAIL;PASS;0.98864;IPC Normalized;2.0.2;NPX Signature;assay;NA;264.114;NA;NA
TARGET96;Olink Target 96 Inflammation;3027;Target96;E2;MED 393-FD wk0;SAMPLE;IL-18R1;Q13478;OID00517;2.675.688;NA;0.59764;NA;FAIL;PASS;0.07955;IPC Normalized;2.0.2;NPX Signature;assay;NA;0.59764;NA;NA
TARGET96;Olink Target 96 Inflammation;3027;Target96;E2;MED 393-FD wk0;SAMPLE;PD-L1;Q9NZQ7;OID00518;99.900.000;NA;206.434;NA;FAIL;PASS;0.13636;IPC Normalized;2.0.2;NPX Signature;assay;NA;206.434;NA;NA
TARGET96;Olink Target 96 Inflammation;3027;Target96;E2;MED 393-FD wk0;SAMPLE;Beta-NGF;P01138;OID00519;1.956.808;NA;-0.17729;NA;FAIL;PASS;0.85227;IPC Normalized;2.0.2;NPX Signature;assay;NA;-0.17729;NA;NA
TARGET96;Olink Target 96 Inflammation;3027;Target96;E2;MED 393-FD wk0;SAMPLE;CXCL5;P42830;OID00520;1.680.181;NA;130.106;NA;FAIL;PASS;0.07955;IPC Normalized;2.0.2;NPX Signature;assay;NA;130.106;NA;NA
TARGET96;Olink Target 96 Inflammation;3027;Target96;E2;MED 393-FD wk0;SAMPLE;TRANCE;O14788;OID00521;99.900.000;NA;-131.969;NA;FAIL;PASS;0.11364;IPC Normalized;2.0.2;NPX Signature;assay;NA;-131.969;NA;NA
TARGET96;Olink Target 96 Inflammation;3027;Target96;E2;MED 393-FD wk0;SAMPLE;HGF;P14210;OID00522;2.281.594;NA;0.10249;NA;FAIL;PASS;0.07955;IPC Normalized;2.0.2;NPX Signature;assay;NA;0.10249;NA;NA
TARGET96;Olink Target 96 Inflammation;3027;Target96;E2;MED 393-FD wk0;SAMPLE;IL-12B;P29460;OID00523;2.950.113;NA;-141.352;NA;FAIL;PASS;0.15909;IPC Normalized;2.0.2;NPX Signature;assay;NA;-141.352;NA;NA
TARGET96;Olink Target 96 Inflammation;3027;Target96;E2;MED 393-FD wk0;SAMPLE;IL-24;Q13007;OID00524;99.900.000;NA;0.61372;NA;FAIL;PASS;0.81818;IPC Normalized;2.0.2;NPX Signature;assay;NA;0.61372;NA;NA
TARGET96;Olink Target 96 Inflammation;3027;Target96;E2;MED 393-FD wk0;SAMPLE;IL13;P35225;OID00525;99.900.000;NA;120.432;NA;FAIL;PASS;0.89773;IPC Normalized;2.0.2;NPX Signature;assay;NA;120.432;NA;NA
TARGET96;Olink Target 96 Inflammation;3027;Target96;E2;MED 393-FD wk0;SAMPLE;ARTN;Q5T4W7;OID00526;99.900.000;NA;0.58766;NA;FAIL;PASS;0.84091;IPC Normalized;2.0.2;NPX Signature;assay;NA;0.58766;NA;NA
TARGET96;Olink Target 96 Inflammation;3027;Target96;E2;MED 393-FD wk0;SAMPLE;MMP-10;P09238;OID00527;2.549.929;NA;-0.27894;NA;FAIL;PASS;0.07955;IPC Normalized;2.0.2;NPX Signature;assay;NA;-0.27894;NA;NA
TARGET96;Olink Target 96 Inflammation;3027;Target96;E2;MED 393-FD wk0;SAMPLE;IL10;P22301;OID00528;2.558.020;NA;134.323;NA;FAIL;PASS;0.07955;IPC Normalized;2.0.2;NPX Signature;assay;NA;134.323;NA;NA
TARGET96;Olink Target 96 Inflammation;3027;Target96;E2;MED 393-FD wk0;SAMPLE;TNF;P01375;OID05548;2.523.152;NA;0.92674;NA;FAIL;PASS;0.07955;IPC Normalized;2.0.2;NPX Signature;assay;NA;0.92674;NA;NA
TARGET96;Olink Target 96 Inflammation;3027;Target96;E2;MED 393-FD wk0;SAMPLE;CCL23;P55773;OID00530;2.658.750;NA;-0.28231;NA;FAIL;PASS;0.07955;IPC Normalized;2.0.2;NPX Signature;assay;NA;-0.28231;NA;NA
TARGET96;Olink Target 96 Inflammation;3027;Target96;E2;MED 393-FD wk0;SAMPLE;CD5;P06127;OID00531;2.048.060;NA;-0.84352;NA;FAIL;PASS;0.07955;IPC Normalized;2.0.2;NPX Signature;assay;NA;-0.84352;NA;NA
TARGET96;Olink Target 96 Inflammation;3027;Target96;E2;MED 393-FD wk0;SAMPLE;CCL3;P10147;OID00532;1.389.324;NA;-0.11401;NA;FAIL;PASS;0.07955;IPC Normalized;2.0.2;NPX Signature;assay;NA;-0.11401;NA;NA
TARGET96;Olink Target 96 Inflammation;3027;Target96;E2;MED 393-FD wk0;SAMPLE;Flt3L;P49771;OID00533;2.814.573;NA;0.29529;NA;FAIL;PASS;0.07955;IPC Normalized;2.0.2;NPX Signature;assay;NA;0.29529;NA;NA
TARGET96;Olink Target 96 Inflammation;3027;Target96;E2;MED 393-FD wk0;SAMPLE;CXCL6;P80162;OID00534;2.238.966;NA;0.42501;NA;FAIL;PASS;0.07955;IPC Normalized;2.0.2;NPX Signature;assay;NA;0.42501;NA;NA
TARGET96;Olink Target 96 Inflammation;3027;Target96;E2;MED 393-FD wk0;SAMPLE;CXCL10;P02778;OID00535;2.250.272;NA;158.004;NA;FAIL;PASS;0.07955;IPC Normalized;2.0.2;NPX Signature;assay;NA;158.004;NA;NA
TARGET96;Olink Target 96 Inflammation;3027;Target96;E2;MED 393-FD wk0;SAMPLE;4E-BP1;Q13541;OID00536;2.573.338;NA;-0.95345;NA;FAIL;PASS;0.07955;IPC Normalized;2.0.2;NPX Signature;assay;NA;-0.95345;NA;NA
TARGET96;Olink Target 96 Inflammation;3027;Target96;E2;MED 393-FD wk0;SAMPLE;IL-20;Q9NYY1;OID00537;2.646.759;NA;-0.28182;NA;FAIL;PASS;0.97727;IPC Normalized;2.0.2;NPX Signature;assay;NA;-0.28182;NA;NA
TARGET96;Olink Target 96 Inflammation;3027;Target96;E2;MED 393-FD wk0;SAMPLE;SIRT2;Q8IXJ6;OID00538;2.840.952;NA;116.589;NA;FAIL;PASS;0.18182;IPC Normalized;2.0.2;NPX Signature;assay;NA;116.589;NA;NA
TARGET96;Olink Target 96 Inflammation;3027;Target96;E2;MED 393-FD wk0;SAMPLE;CCL28;Q9NRJ3;OID00539;2.822.270;NA;-0.70486;NA;FAIL;PASS;0.85227;IPC Normalized;2.0.2;NPX Signature;assay;NA;-0.70486;NA;NA
TARGET96;Olink Target 96 Inflammation;3027;Target96;E2;MED 393-FD wk0;SAMPLE;DNER;Q8NFT8;OID01213;2.347.062;NA;-0.30062;NA;FAIL;PASS;0.07955;IPC Normalized;2.0.2;NPX Signature;assay;NA;-0.30062;NA;NA
TARGET96;Olink Target 96 Inflammation;3027;Target96;E2;MED 393-FD wk0;SAMPLE;EN-RAGE;P80511;OID00541;2.424.753;NA;0.09630;NA;FAIL;PASS;0.07955;IPC Normalized;2.0.2;NPX Signature;assay;NA;0.09630;NA;NA
TARGET96;Olink Target 96 Inflammation;3027;Target96;E2;MED 393-FD wk0;SAMPLE;CD40;P25942;OID00542;2.195.330;NA;224.967;NA;FAIL;PASS;0.07955;IPC Normalized;2.0.2;NPX Signature;assay;NA;224.967;NA;NA
TARGET96;Olink Target 96 Inflammation;3027;Target96;E2;MED 393-FD wk0;SAMPLE;IL33;O95760;OID00543;2.840.728;NA;0.91606;NA;FAIL;PASS;100.000;IPC Normalized;2.0.2;NPX Signature;assay;NA;0.91606;NA;NA
TARGET96;Olink Target 96 Inflammation;3027;Target96;E2;MED 393-FD wk0;SAMPLE;IFN-gamma;P01579;OID05547;2.476.720;NA;305.868;NA;FAIL;PASS;0.07955;IPC Normalized;2.0.2;NPX Signature;assay;NA;305.868;NA;NA
TARGET96;Olink Target 96 Inflammation;3027;Target96;E2;MED 393-FD wk0;SAMPLE;FGF-19;O95750;OID00545;2.762.335;NA;-0.76210;NA;FAIL;PASS;0.67045;IPC Normalized;2.0.2;NPX Signature;assay;NA;-0.76210;NA;NA
TARGET96;Olink Target 96 Inflammation;3027;Target96;E2;MED 393-FD wk0;SAMPLE;IL4;P05112;OID00546;2.853.119;NA;-102.563;NA;FAIL;PASS;0.29545;IPC Normalized;2.0.2;NPX Signature;assay;NA;-102.563;NA;NA
TARGET96;Olink Target 96 Inflammation;3027;Target96;E2;MED 393-FD wk0;SAMPLE;LIF;P15018;OID00547;2.549.475;NA;-0.79961;NA;FAIL;PASS;0.07955;IPC Normalized;2.0.2;NPX Signature;assay;NA;-0.79961;NA;NA
TARGET96;Olink Target 96 Inflammation;3027;Target96;E2;MED 393-FD wk0;SAMPLE;NRTN;Q99748;OID00548;2.775.698;NA;-0.41185;NA;FAIL;PASS;0.97727;IPC Normalized;2.0.2;NPX Signature;assay;NA;-0.41185;NA;NA
TARGET96;Olink Target 96 Inflammation;3027;Target96;E2;MED 393-FD wk0;SAMPLE;MCP-2;P80075;OID00549;2.407.511;NA;127.866;NA;FAIL;PASS;0.07955;IPC Normalized;2.0.2;NPX Signature;assay;NA;127.866;NA;NA
TARGET96;Olink Target 96 Inflammation;3027;Target96;E2;MED 393-FD wk0;SAMPLE;CASP-8;Q14790;OID00550;2.331.394;NA;0.91291;NA;FAIL;PASS;0.07955;IPC Normalized;2.0.2;NPX Signature;assay;NA;0.91291;NA;NA
TARGET96;Olink Target 96 Inflammation;3027;Target96;E2;MED 393-FD wk0;SAMPLE;CCL25;O15444;OID00551;2.911.766;NA;-0.18758;NA;FAIL;PASS;0.98864;IPC Normalized;2.0.2;NPX Signature;assay;NA;-0.18758;NA;NA
TARGET96;Olink Target 96 Inflammation;3027;Target96;E2;MED 393-FD wk0;SAMPLE;CX3CL1;P78423;OID00552;3.359.827;NA;-0.12333;NA;FAIL;PASS;0.94318;IPC Normalized;2.0.2;NPX Signature;assay;NA;-0.12333;NA;NA
TARGET96;Olink Target 96 Inflammation;3027;Target96;E2;MED 393-FD wk0;SAMPLE;TNFRSF9;Q07011;OID00553;2.671.295;NA;0.83400;NA;FAIL;PASS;0.07955;IPC Normalized;2.0.2;NPX Signature;assay;NA;0.83400;NA;NA
TARGET96;Olink Target 96 Inflammation;3027;Target96;E2;MED 393-FD wk0;SAMPLE;NT-3;P20783;OID00554;3.049.898;NA;0.74628;NA;FAIL;PASS;0.98864;IPC Normalized;2.0.2;NPX Signature;assay;NA;0.74628;NA;NA
TARGET96;Olink Target 96 Inflammation;3027;Target96;E2;MED 393-FD wk0;SAMPLE;TWEAK;O43508;OID00555;2.656.220;NA;-182.937;NA;FAIL;PASS;0.07955;IPC Normalized;2.0.2;NPX Signature;assay;NA;-182.937;NA;NA
TARGET96;Olink Target 96 Inflammation;3027;Target96;E2;MED 393-FD wk0;SAMPLE;CCL20;P78556;OID00556;1.980.507;NA;131.645;NA;FAIL;PASS;0.07955;IPC Normalized;2.0.2;NPX Signature;assay;NA;131.645;NA;NA
TARGET96;Olink Target 96 Inflammation;3027;Target96;E2;MED 393-FD wk0;SAMPLE;ST1A1;P50225;OID00557;2.583.640;NA;125.003;NA;FAIL;PASS;0.07955;IPC Normalized;2.0.2;NPX Signature;assay;NA;125.003;NA;NA
TARGET96;Olink Target 96 Inflammation;3027;Target96;E2;MED 393-FD wk0;SAMPLE;STAMBP;O95630;OID00558;2.458.735;NA;-0.80337;NA;FAIL;PASS;0.07955;IPC Normalized;2.0.2;NPX Signature;assay;NA;-0.80337;NA;NA
TARGET96;Olink Target 96 Inflammation;3027;Target96;E2;MED 393-FD wk0;SAMPLE;IL5;P05113;OID00559;3.066.191;NA;142.788;NA;FAIL;PASS;0.95455;IPC Normalized;2.0.2;NPX Signature;assay;NA;142.788;NA;NA
TARGET96;Olink Target 96 Inflammation;3027;Target96;E2;MED 393-FD wk0;SAMPLE;ADA;P00813;OID00560;2.511.866;NA;-0.40830;NA;FAIL;PASS;0.07955;IPC Normalized;2.0.2;NPX Signature;assay;NA;-0.40830;NA;NA
TARGET96;Olink Target 96 Inflammation;3027;Target96;E2;MED 393-FD wk0;SAMPLE;TNFB;P01374;OID00561;3.342.225;NA;0.56835;NA;FAIL;PASS;0.64773;IPC Normalized;2.0.2;NPX Signature;assay;NA;0.56835;NA;NA
TARGET96;Olink Target 96 Inflammation;3027;Target96;E2;MED 393-FD wk0;SAMPLE;CSF-1;P09603;OID00562;2.690.888;NA;0.85565;NA;FAIL;PASS;0.07955;IPC Normalized;2.0.2;NPX Signature;assay;NA;0.85565;NA;NA
TARGET96;Olink Target 96 Inflammation;3027;Target96;F2;LPS 307-GI wk22;SAMPLE;IL8;P10145;OID00471;883.346;1.274.307;166.148;FALSE;PASS;PASS;0.07955;IPC Normalized;2.0.2;NPX Signature;assay;1.274.307;166.148;-0.16902;-0.17107
TARGET96;Olink Target 96 Inflammation;3027;Target96;F2;LPS 307-GI wk22;SAMPLE;VEGFA;P15692;OID00472;1.772.902;474.468;0.00696;FALSE;PASS;PASS;0.07955;IPC Normalized;2.0.2;NPX Signature;assay;474.468;0.00696;-0.16902;-0.17107
TARGET96;Olink Target 96 Inflammation;3027;Target96;F2;LPS 307-GI wk22;SAMPLE;CD8A;P01732;OID05124;1.924.300;173.123;-126.143;FALSE;PASS;PASS;0.07955;IPC Normalized;2.0.2;NPX Signature;assay;173.123;-126.143;-0.16902;-0.17107
TARGET96;Olink Target 96 Inflammation;3027;Target96;F2;LPS 307-GI wk22;SAMPLE;Inc Ctrl 1;NA;OID00004;1.261.842;-0.09027;0.07730;TRUE;PASS;NA;0.52273;IPC Normalized;2.0.2;NPX Signature;inc_ctrl_1;-0.09027;0.07730;-0.16902;-0.17107
TARGET96;Olink Target 96 Inflammation;3027;Target96;F2;LPS 307-GI wk22;SAMPLE;MCP-3;P80098;OID00474;1.557.977;796.823;143.285;FALSE;PASS;PASS;0.07955;IPC Normalized;2.0.2;NPX Signature;assay;796.823;143.285;-0.16902;-0.17107
TARGET96;Olink Target 96 Inflammation;3027;Target96;F2;LPS 307-GI wk22;SAMPLE;GDNF;P39905;OID00475;2.201.947;119.857;147.654;TRUE;PASS;PASS;0.97727;IPC Normalized;2.0.2;NPX Signature;assay;119.857;147.654;-0.16902;-0.17107
TARGET96;Olink Target 96 Inflammation;3027;Target96;F2;LPS 307-GI wk22;SAMPLE;CDCP1;Q9H5V8;OID00476;2.274.634;-0.41283;-0.58297;FALSE;PASS;PASS;0.27273;IPC Normalized;2.0.2;NPX Signature;assay;-0.41283;-0.58297;-0.16902;-0.17107
TARGET96;Olink Target 96 Inflammation;3027;Target96;F2;LPS 307-GI wk22;SAMPLE;CD244;Q9BZW8;OID00477;1.884.020;401.505;153.762;FALSE;PASS;PASS;0.07955;IPC Normalized;2.0.2;NPX Signature;assay;401.505;153.762;-0.16902;-0.17107
TARGET96;Olink Target 96 Inflammation;3027;Target96;F2;LPS 307-GI wk22;SAMPLE;IL7;P13232;OID00478;2.113.499;-128.173;-0.70852;TRUE;PASS;PASS;0.95455;IPC Normalized;2.0.2;NPX Signature;assay;-128.173;-0.70852;-0.16902;-0.17107
TARGET96;Olink Target 96 Inflammation;3027;Target96;F2;LPS 307-GI wk22;SAMPLE;OPG;O00300;OID00479;1.815.031;131.498;-0.81398;FALSE;PASS;PASS;0.15909;IPC Normalized;2.0.2;NPX Signature;assay;131.498;-0.81398;-0.16902;-0.17107
TARGET96;Olink Target 96 Inflammation;3027;Target96;F2;LPS 307-GI wk22;SAMPLE;LAP TGF-beta-1;P01137;OID00480;1.860.512;290.044;-104.297;FALSE;PASS;PASS;0.07955;IPC Normalized;2.0.2;NPX Signature;assay;290.044;-104.297;-0.16902;-0.17107
TARGET96;Olink Target 96 Inflammation;3027;Target96;F2;LPS 307-GI wk22;SAMPLE;uPA;P00749;OID00481;1.360.598;589.064;0.11788;FALSE;PASS;PASS;0.07955;IPC Normalized;2.0.2;NPX Signature;assay;589.064;0.11788;-0.16902;-0.17107
TARGET96;Olink Target 96 Inflammation;3027;Target96;F2;LPS 307-GI wk22;SAMPLE;IL6;P05231;OID00482;871.677;1.264.150;131.223;FALSE;PASS;PASS;0.07955;IPC Normalized;2.0.2;NPX Signature;assay;1.264.150;131.223;-0.16902;-0.17107
TARGET96;Olink Target 96 Inflammation;3027;Target96;F2;LPS 307-GI wk22;SAMPLE;IL-17C;Q9P0M4;OID00483;2.204.940;-0.26445;105.079;TRUE;PASS;PASS;100.000;IPC Normalized;2.0.2;NPX Signature;assay;-0.26445;105.079;-0.16902;-0.17107
TARGET96;Olink Target 96 Inflammation;3027;Target96;F2;LPS 307-GI wk22;SAMPLE;MCP-1;P13500;OID00484;852.385;1.366.735;126.065;FALSE;PASS;PASS;0.07955;IPC Normalized;2.0.2;NPX Signature;assay;1.366.735;126.065;-0.16902;-0.17107
TARGET96;Olink Target 96 Inflammation;3027;Target96;F2;LPS 307-GI wk22;SAMPLE;IL-17A;Q16552;OID00485;2.255.585;0.10545;0.57759;TRUE;PASS;PASS;0.84091;IPC Normalized;2.0.2;NPX Signature;assay;0.10545;0.57759;-0.16902;-0.17107
TARGET96;Olink Target 96 Inflammation;3027;Target96;F2;LPS 307-GI wk22;SAMPLE;CXCL11;O14625;OID00486;1.873.629;333.697;0.12817;FALSE;PASS;PASS;0.09091;IPC Normalized;2.0.2;NPX Signature;assay;333.697;0.12817;-0.16902;-0.17107
TARGET96;Olink Target 96 Inflammation;3027;Target96;F2;LPS 307-GI wk22;SAMPLE;AXIN1;O15169;OID00487;2.088.995;-0.14972;-0.49354;FALSE;PASS;PASS;0.12500;IPC Normalized;2.0.2;NPX Signature;assay;-0.14972;-0.49354;-0.16902;-0.17107
TARGET96;Olink Target 96 Inflammation;3027;Target96;F2;LPS 307-GI wk22;SAMPLE;Ext Ctrl;NA;OID00005;1.397.807;0.00000;0.00000;FALSE;PASS;NA;0.07955;IPC Normalized;2.0.2;NPX Signature;ext_ctrl;0.00000;0.00000;-0.16902;-0.17107
TARGET96;Olink Target 96 Inflammation;3027;Target96;F2;LPS 307-GI wk22;SAMPLE;TRAIL;P50591;OID00488;1.981.481;160.860;-0.15284;FALSE;PASS;PASS;0.07955;IPC Normalized;2.0.2;NPX Signature;assay;160.860;-0.15284;-0.16902;-0.17107
TARGET96;Olink Target 96 Inflammation;3027;Target96;F2;LPS 307-GI wk22;SAMPLE;IL-20RA;Q9UHF4;OID00489;2.115.675;0.38988;104.704;TRUE;PASS;PASS;100.000;IPC Normalized;2.0.2;NPX Signature;assay;0.38988;104.704;-0.16902;-0.17107
TARGET96;Olink Target 96 Inflammation;3027;Target96;F2;LPS 307-GI wk22;SAMPLE;CXCL9;Q07325;OID00490;1.819.652;306.450;0.66560;FALSE;PASS;PASS;0.20455;IPC Normalized;2.0.2;NPX Signature;assay;306.450;0.66560;-0.16902;-0.17107
TARGET96;Olink Target 96 Inflammation;3027;Target96;F2;LPS 307-GI wk22;SAMPLE;CST5;P28325;OID00491;2.276.834;-147.163;-107.592;TRUE;PASS;PASS;0.63636;IPC Normalized;2.0.2;NPX Signature;assay;-147.163;-107.592;-0.16902;-0.17107
TARGET96;Olink Target 96 Inflammation;3027;Target96;F2;LPS 307-GI wk22;SAMPLE;IL-2RB;P14784;OID00492;2.296.768;0.02302;165.436;TRUE;PASS;PASS;100.000;IPC Normalized;2.0.2;NPX Signature;assay;0.02302;165.436;-0.16902;-0.17107
TARGET96;Olink Target 96 Inflammation;3027;Target96;F2;LPS 307-GI wk22;SAMPLE;IL-1 alpha;P01583;OID00493;960.145;1.071.813;-0.99251;FALSE;PASS;PASS;0.07955;IPC Normalized;2.0.2;NPX Signature;assay;1.071.813;-0.99251;-0.16902;-0.17107
TARGET96;Olink Target 96 Inflammation;3027;Target96;F2;LPS 307-GI wk22;SAMPLE;OSM;P13725;OID00494;1.331.465;849.702;0.16675;FALSE;PASS;PASS;0.07955;IPC Normalized;2.0.2;NPX Signature;assay;849.702;0.16675;-0.16902;-0.17107
TARGET96;Olink Target 96 Inflammation;3027;Target96;F2;LPS 307-GI wk22;SAMPLE;IL2;P60568;OID00495;2.285.848;-0.62524;128.757;TRUE;PASS;PASS;0.94318;IPC Normalized;2.0.2;NPX Signature;assay;-0.62524;128.757;-0.16902;-0.17107
TARGET96;Olink Target 96 Inflammation;3027;Target96;F2;LPS 307-GI wk22;SAMPLE;CXCL1;P09341;OID00496;1.184.119;1.282.463;279.881;FALSE;PASS;PASS;0.07955;IPC Normalized;2.0.2;NPX Signature;assay;1.282.463;279.881;-0.16902;-0.17107
TARGET96;Olink Target 96 Inflammation;3027;Target96;F2;LPS 307-GI wk22;SAMPLE;TSLP;Q969D9;OID00497;2.590.984;-139.355;0.78329;TRUE;PASS;PASS;0.81818;IPC Normalized;2.0.2;NPX Signature;assay;-139.355;0.78329;-0.16902;-0.17107
TARGET96;Olink Target 96 Inflammation;3027;Target96;F2;LPS 307-GI wk22;SAMPLE;CCL4;P13236;OID00498;725.007;1.194.943;-0.42383;FALSE;PASS;PASS;0.07955;IPC Normalized;2.0.2;NPX Signature;assay;1.194.943;-0.42383;-0.16902;-0.17107
TARGET96;Olink Target 96 Inflammation;3027;Target96;F2;LPS 307-GI wk22;SAMPLE;CD6;P30203;OID00499;1.852.289;407.364;-0.86517;FALSE;PASS;PASS;0.07955;IPC Normalized;2.0.2;NPX Signature;assay;407.364;-0.86517;-0.16902;-0.17107
TARGET96;Olink Target 96 Inflammation;3027;Target96;F2;LPS 307-GI wk22;SAMPLE;SCF;P21583;OID00500;2.166.136;-0.28068;0.19953;TRUE;PASS;PASS;0.96591;IPC Normalized;2.0.2;NPX Signature;assay;-0.28068;0.19953;-0.16902;-0.17107
TARGET96;Olink Target 96 Inflammation;3027;Target96;F2;LPS 307-GI wk22;SAMPLE;IL18;Q14116;OID00501;1.320.170;836.531;0.08663;FALSE;PASS;PASS;0.07955;IPC Normalized;2.0.2;NPX Signature;assay;836.531;0.08663;-0.16902;-0.17107
TARGET96;Olink Target 96 Inflammation;3027;Target96;F2;LPS 307-GI wk22;SAMPLE;SLAMF1;Q13291;OID00502;2.263.485;0.53406;0.76837;TRUE;PASS;PASS;0.81818;IPC Normalized;2.0.2;NPX Signature;assay;0.53406;0.76837;-0.16902;-0.17107
TARGET96;Olink Target 96 Inflammation;3027;Target96;F2;LPS 307-GI wk22;SAMPLE;TGF-alpha;P01135;OID00503;1.940.310;256.537;-171.917;FALSE;PASS;PASS;0.07955;IPC Normalized;2.0.2;NPX Signature;assay;256.537;-171.917;-0.16902;-0.17107
TARGET96;Olink Target 96 Inflammation;3027;Target96;F2;LPS 307-GI wk22;SAMPLE;MCP-4;Q99616;OID00504;1.840.485;703.190;143.956;FALSE;PASS;PASS;0.07955;IPC Normalized;2.0.2;NPX Signature;assay;703.190;143.956;-0.16902;-0.17107
TARGET96;Olink Target 96 Inflammation;3027;Target96;F2;LPS 307-GI wk22;SAMPLE;CCL11;P51671;OID00505;2.079.212;-105.243;-0.40053;TRUE;PASS;PASS;0.68182;IPC Normalized;2.0.2;NPX Signature;assay;-105.243;-0.40053;-0.16902;-0.17107
TARGET96;Olink Target 96 Inflammation;3027;Target96;F2;LPS 307-GI wk22;SAMPLE;TNFSF14;O43557;OID00506;1.482.342;467.007;-0.44803;FALSE;PASS;PASS;0.07955;IPC Normalized;2.0.2;NPX Signature;assay;467.007;-0.44803;-0.16902;-0.17107
TARGET96;Olink Target 96 Inflammation;3027;Target96;F2;LPS 307-GI wk22;SAMPLE;FGF-23;Q9GZV9;OID00507;2.208.348;0.00888;0.91747;TRUE;PASS;PASS;0.96591;IPC Normalized;2.0.2;NPX Signature;assay;0.00888;0.91747;-0.16902;-0.17107
TARGET96;Olink Target 96 Inflammation;3027;Target96;F2;LPS 307-GI wk22;SAMPLE;IL-10RA;Q13651;OID00508;2.045.035;-0.31069;-0.70231;FALSE;PASS;PASS;0.50000;IPC Normalized;2.0.2;NPX Signature;assay;-0.31069;-0.70231;-0.16902;-0.17107
TARGET96;Olink Target 96 Inflammation;3027;Target96;F2;LPS 307-GI wk22;SAMPLE;FGF-5;P12034;OID00509;2.109.799;-0.84019;-0.11172;TRUE;PASS;PASS;0.98864;IPC Normalized;2.0.2;NPX Signature;assay;-0.84019;-0.11172;-0.16902;-0.17107
TARGET96;Olink Target 96 Inflammation;3027;Target96;F2;LPS 307-GI wk22;SAMPLE;MMP-1;P03956;OID00510;1.457.194;787.291;-0.41038;FALSE;PASS;PASS;0.07955;IPC Normalized;2.0.2;NPX Signature;assay;787.291;-0.41038;-0.16902;-0.17107
TARGET96;Olink Target 96 Inflammation;3027;Target96;F2;LPS 307-GI wk22;SAMPLE;LIF-R;P42702;OID00511;2.143.953;-0.89655;0.22136;TRUE;PASS;PASS;100.000;IPC Normalized;2.0.2;NPX Signature;assay;-0.89655;0.22136;-0.16902;-0.17107
TARGET96;Olink Target 96 Inflammation;3027;Target96;F2;LPS 307-GI wk22;SAMPLE;FGF-21;Q9NSA1;OID00512;1.726.946;185.213;-0.44425;FALSE;PASS;PASS;0.07955;IPC Normalized;2.0.2;NPX Signature;assay;185.213;-0.44425;-0.16902;-0.17107
TARGET96;Olink Target 96 Inflammation;3027;Target96;F2;LPS 307-GI wk22;SAMPLE;CCL19;Q99731;OID00513;1.902.203;383.247;195.046;FALSE;PASS;PASS;0.07955;IPC Normalized;2.0.2;NPX Signature;assay;383.247;195.046;-0.16902;-0.17107
TARGET96;Olink Target 96 Inflammation;3027;Target96;F2;LPS 307-GI wk22;SAMPLE;Inc Ctrl 2;NA;OID00006;1.497.771;-0.25597;-0.10165;TRUE;PASS;NA;0.90909;IPC Normalized;2.0.2;NPX Signature;inc_ctrl_2;-0.25597;-0.10165;-0.16902;-0.17107
TARGET96;Olink Target 96 Inflammation;3027;Target96;F2;LPS 307-GI wk22;SAMPLE;Det Ctrl;NA;OID00007;997.098;-0.31417;0.01785;TRUE;PASS;NA;0.92045;IPC Normalized;2.0.2;NPX Signature;det_ctrl;-0.31417;0.01785;-0.16902;-0.17107
TARGET96;Olink Target 96 Inflammation;3027;Target96;F2;LPS 307-GI wk22;SAMPLE;IL-15RA;Q13261;OID00514;2.225.204;-0.94221;0.09772;TRUE;PASS;PASS;100.000;IPC Normalized;2.0.2;NPX Signature;assay;-0.94221;0.09772;-0.16902;-0.17107
TARGET96;Olink Target 96 Inflammation;3027;Target96;F2;LPS 307-GI wk22;SAMPLE;IL-10RB;Q08334;OID00515;2.159.468;-0.46392;-0.88484;FALSE;PASS;PASS;0.37500;IPC Normalized;2.0.2;NPX Signature;assay;-0.46392;-0.88484;-0.16902;-0.17107
TARGET96;Olink Target 96 Inflammation;3027;Target96;F2;LPS 307-GI wk22;SAMPLE;IL-22 RA1;Q8N6P7;OID00516;2.663.570;-0.46108;264.114;TRUE;PASS;PASS;0.98864;IPC Normalized;2.0.2;NPX Signature;assay;-0.46108;264.114;-0.16902;-0.17107
TARGET96;Olink Target 96 Inflammation;3027;Target96;F2;LPS 307-GI wk22;SAMPLE;IL-18R1;Q13478;OID00517;2.043.402;247.831;0.59764;FALSE;PASS;PASS;0.07955;IPC Normalized;2.0.2;NPX Signature;assay;247.831;0.59764;-0.16902;-0.17107
TARGET96;Olink Target 96 Inflammation;3027;Target96;F2;LPS 307-GI wk22;SAMPLE;PD-L1;Q9NZQ7;OID00518;2.102.763;373.988;206.434;FALSE;PASS;PASS;0.13636;IPC Normalized;2.0.2;NPX Signature;assay;373.988;206.434;-0.16902;-0.17107
TARGET96;Olink Target 96 Inflammation;3027;Target96;F2;LPS 307-GI wk22;SAMPLE;Beta-NGF;P01138;OID00519;1.399.356;-0.67035;-0.17729;TRUE;PASS;PASS;0.85227;IPC Normalized;2.0.2;NPX Signature;assay;-0.67035;-0.17729;-0.16902;-0.17107
TARGET96;Olink Target 96 Inflammation;3027;Target96;F2;LPS 307-GI wk22;SAMPLE;CXCL5;P42830;OID00520;1.202.832;1.158.077;130.106;FALSE;PASS;PASS;0.07955;IPC Normalized;2.0.2;NPX Signature;assay;1.158.077;130.106;-0.16902;-0.17107
TARGET96;Olink Target 96 Inflammation;3027;Target96;F2;LPS 307-GI wk22;SAMPLE;TRANCE;O14788;OID00521;2.245.110;0.49147;-131.969;FALSE;PASS;PASS;0.11364;IPC Normalized;2.0.2;NPX Signature;assay;0.49147;-131.969;-0.16902;-0.17107
TARGET96;Olink Target 96 Inflammation;3027;Target96;F2;LPS 307-GI wk22;SAMPLE;HGF;P14210;OID00522;1.765.364;351.054;0.10249;FALSE;PASS;PASS;0.07955;IPC Normalized;2.0.2;NPX Signature;assay;351.054;0.10249;-0.16902;-0.17107
TARGET96;Olink Target 96 Inflammation;3027;Target96;F2;LPS 307-GI wk22;SAMPLE;IL-12B;P29460;OID00523;2.077.908;158.624;-141.352;FALSE;PASS;PASS;0.15909;IPC Normalized;2.0.2;NPX Signature;assay;158.624;-141.352;-0.16902;-0.17107
TARGET96;Olink Target 96 Inflammation;3027;Target96;F2;LPS 307-GI wk22;SAMPLE;IL-24;Q13007;OID00524;2.420.485;0.47515;0.61372;TRUE;PASS;PASS;0.81818;IPC Normalized;2.0.2;NPX Signature;assay;0.47515;0.61372;-0.16902;-0.17107
TARGET96;Olink Target 96 Inflammation;3027;Target96;F2;LPS 307-GI wk22;SAMPLE;IL13;P35225;OID00525;2.227.414;-0.71091;120.432;TRUE;PASS;PASS;0.89773;IPC Normalized;2.0.2;NPX Signature;assay;-0.71091;120.432;-0.16902;-0.17107
TARGET96;Olink Target 96 Inflammation;3027;Target96;F2;LPS 307-GI wk22;SAMPLE;ARTN;Q5T4W7;OID00526;2.305.120;-0.02284;0.58766;TRUE;PASS;PASS;0.84091;IPC Normalized;2.0.2;NPX Signature;assay;-0.02284;0.58766;-0.16902;-0.17107
TARGET96;Olink Target 96 Inflammation;3027;Target96;F2;LPS 307-GI wk22;SAMPLE;MMP-10;P09238;OID00527;1.359.950;749.971;-0.27894;FALSE;PASS;PASS;0.07955;IPC Normalized;2.0.2;NPX Signature;assay;749.971;-0.27894;-0.16902;-0.17107
TARGET96;Olink Target 96 Inflammation;3027;Target96;F2;LPS 307-GI wk22;SAMPLE;IL10;P22301;OID00528;1.527.277;850.727;134.323;FALSE;PASS;PASS;0.07955;IPC Normalized;2.0.2;NPX Signature;assay;850.727;134.323;-0.16902;-0.17107
TARGET96;Olink Target 96 Inflammation;3027;Target96;F2;LPS 307-GI wk22;SAMPLE;TNF;P01375;OID05548;932.249;1.445.668;0.92674;FALSE;PASS;PASS;0.07955;IPC Normalized;2.0.2;NPX Signature;assay;1.445.668;0.92674;-0.16902;-0.17107
TARGET96;Olink Target 96 Inflammation;3027;Target96;F2;LPS 307-GI wk22;SAMPLE;CCL23;P55773;OID00530;1.906.457;230.037;-0.28231;FALSE;PASS;PASS;0.07955;IPC Normalized;2.0.2;NPX Signature;assay;230.037;-0.28231;-0.16902;-0.17107
TARGET96;Olink Target 96 Inflammation;3027;Target96;F2;LPS 307-GI wk22;SAMPLE;CD5;P06127;OID00531;1.466.130;586.865;-0.84352;FALSE;PASS;PASS;0.07955;IPC Normalized;2.0.2;NPX Signature;assay;586.865;-0.84352;-0.16902;-0.17107
TARGET96;Olink Target 96 Inflammation;3027;Target96;F2;LPS 307-GI wk22;SAMPLE;CCL3;P10147;OID00532;814.414;1.225.915;-0.11401;FALSE;PASS;PASS;0.07955;IPC Normalized;2.0.2;NPX Signature;assay;1.225.915;-0.11401;-0.16902;-0.17107
TARGET96;Olink Target 96 Inflammation;3027;Target96;F2;LPS 307-GI wk22;SAMPLE;Flt3L;P49771;OID00533;2.188.702;408.206;0.29529;FALSE;PASS;PASS;0.07955;IPC Normalized;2.0.2;NPX Signature;assay;408.206;0.29529;-0.16902;-0.17107
TARGET96;Olink Target 96 Inflammation;3027;Target96;F2;LPS 307-GI wk22;SAMPLE;CXCL6;P80162;OID00534;1.860.051;370.767;0.42501;FALSE;PASS;PASS;0.07955;IPC Normalized;2.0.2;NPX Signature;assay;370.767;0.42501;-0.16902;-0.17107
TARGET96;Olink Target 96 Inflammation;3027;Target96;F2;LPS 307-GI wk22;SAMPLE;CXCL10;P02778;OID00535;1.478.819;822.570;158.004;FALSE;PASS;PASS;0.07955;IPC Normalized;2.0.2;NPX Signature;assay;822.570;158.004;-0.16902;-0.17107
TARGET96;Olink Target 96 Inflammation;3027;Target96;F2;LPS 307-GI wk22;SAMPLE;4E-BP1;Q13541;OID00536;1.504.660;438.230;-0.95345;FALSE;PASS;PASS;0.07955;IPC Normalized;2.0.2;NPX Signature;assay;438.230;-0.95345;-0.16902;-0.17107
TARGET96;Olink Target 96 Inflammation;3027;Target96;F2;LPS 307-GI wk22;SAMPLE;IL-20;Q9NYY1;OID00537;2.052.205;-0.69326;-0.28182;TRUE;PASS;PASS;0.97727;IPC Normalized;2.0.2;NPX Signature;assay;-0.69326;-0.28182;-0.16902;-0.17107
TARGET96;Olink Target 96 Inflammation;3027;Target96;F2;LPS 307-GI wk22;SAMPLE;SIRT2;Q8IXJ6;OID00538;1.881.733;368.172;116.589;FALSE;PASS;PASS;0.18182;IPC Normalized;2.0.2;NPX Signature;assay;368.172;116.589;-0.16902;-0.17107
TARGET96;Olink Target 96 Inflammation;3027;Target96;F2;LPS 307-GI wk22;SAMPLE;CCL28;Q9NRJ3;OID00539;2.194.133;-128.260;-0.70486;TRUE;PASS;PASS;0.85227;IPC Normalized;2.0.2;NPX Signature;assay;-128.260;-0.70486;-0.16902;-0.17107
TARGET96;Olink Target 96 Inflammation;3027;Target96;F2;LPS 307-GI wk22;SAMPLE;DNER;Q8NFT8;OID01213;1.829.922;153.637;-0.30062;FALSE;PASS;PASS;0.07955;IPC Normalized;2.0.2;NPX Signature;assay;153.637;-0.30062;-0.16902;-0.17107
TARGET96;Olink Target 96 Inflammation;3027;Target96;F2;LPS 307-GI wk22;SAMPLE;EN-RAGE;P80511;OID00541;1.587.629;607.529;0.09630;FALSE;PASS;PASS;0.07955;IPC Normalized;2.0.2;NPX Signature;assay;607.529;0.09630;-0.16902;-0.17107
TARGET96;Olink Target 96 Inflammation;3027;Target96;F2;LPS 307-GI wk22;SAMPLE;CD40;P25942;OID00542;1.578.324;812.497;224.967;FALSE;PASS;PASS;0.07955;IPC Normalized;2.0.2;NPX Signature;assay;812.497;224.967;-0.16902;-0.17107
TARGET96;Olink Target 96 Inflammation;3027;Target96;F2;LPS 307-GI wk22;SAMPLE;IL33;O95760;OID00543;2.198.982;-0.31005;0.91606;TRUE;PASS;PASS;100.000;IPC Normalized;2.0.2;NPX Signature;assay;-0.31005;0.91606;-0.16902;-0.17107
TARGET96;Olink Target 96 Inflammation;3027;Target96;F2;LPS 307-GI wk22;SAMPLE;IFN-gamma;P01579;OID05547;991.097;1.541.289;305.868;FALSE;PASS;PASS;0.07955;IPC Normalized;2.0.2;NPX Signature;assay;1.541.289;305.868;-0.16902;-0.17107
TARGET96;Olink Target 96 Inflammation;3027;Target96;F2;LPS 307-GI wk22;SAMPLE;FGF-19;O95750;OID00545;2.152.431;-149.060;-0.76210;TRUE;PASS;PASS;0.67045;IPC Normalized;2.0.2;NPX Signature;assay;-149.060;-0.76210;-0.16902;-0.17107
TARGET96;Olink Target 96 Inflammation;3027;Target96;F2;LPS 307-GI wk22;SAMPLE;IL4;P05112;OID00546;2.368.874;-150.810;-102.563;TRUE;PASS;PASS;0.29545;IPC Normalized;2.0.2;NPX Signature;assay;-150.810;-102.563;-0.16902;-0.17107
TARGET96;Olink Target 96 Inflammation;3027;Target96;F2;LPS 307-GI wk22;SAMPLE;LIF;P15018;OID00547;1.642.526;332.980;-0.79961;FALSE;PASS;PASS;0.07955;IPC Normalized;2.0.2;NPX Signature;assay;332.980;-0.79961;-0.16902;-0.17107
TARGET96;Olink Target 96 Inflammation;3027;Target96;F2;LPS 307-GI wk22;SAMPLE;NRTN;Q99748;OID00548;2.194.758;-170.513;-0.41185;TRUE;PASS;PASS;0.97727;IPC Normalized;2.0.2;NPX Signature;assay;-170.513;-0.41185;-0.16902;-0.17107
TARGET96;Olink Target 96 Inflammation;3027;Target96;F2;LPS 307-GI wk22;SAMPLE;MCP-2;P80075;OID00549;1.562.172;803.600;127.866;FALSE;PASS;PASS;0.07955;IPC Normalized;2.0.2;NPX Signature;assay;803.600;127.866;-0.16902;-0.17107
TARGET96;Olink Target 96 Inflammation;3027;Target96;F2;LPS 307-GI wk22;SAMPLE;CASP-8;Q14790;OID00550;1.519.852;628.422;0.91291;FALSE;PASS;PASS;0.07955;IPC Normalized;2.0.2;NPX Signature;assay;628.422;0.91291;-0.16902;-0.17107
TARGET96;Olink Target 96 Inflammation;3027;Target96;F2;LPS 307-GI wk22;SAMPLE;CCL25;O15444;OID00551;2.081.620;-103.571;-0.18758;TRUE;PASS;PASS;0.98864;IPC Normalized;2.0.2;NPX Signature;assay;-103.571;-0.18758;-0.16902;-0.17107
TARGET96;Olink Target 96 Inflammation;3027;Target96;F2;LPS 307-GI wk22;SAMPLE;CX3CL1;P78423;OID00552;2.485.756;-161.794;-0.12333;TRUE;PASS;PASS;0.94318;IPC Normalized;2.0.2;NPX Signature;assay;-161.794;-0.12333;-0.16902;-0.17107
TARGET96;Olink Target 96 Inflammation;3027;Target96;F2;LPS 307-GI wk22;SAMPLE;TNFRSF9;Q07011;OID00553;1.884.744;368.030;0.83400;FALSE;PASS;PASS;0.07955;IPC Normalized;2.0.2;NPX Signature;assay;368.030;0.83400;-0.16902;-0.17107
TARGET96;Olink Target 96 Inflammation;3027;Target96;F2;LPS 307-GI wk22;SAMPLE;NT-3;P20783;OID00554;2.228.878;-0.35151;0.74628;TRUE;PASS;PASS;0.98864;IPC Normalized;2.0.2;NPX Signature;assay;-0.35151;0.74628;-0.16902;-0.17107
TARGET96;Olink Target 96 Inflammation;3027;Target96;F2;LPS 307-GI wk22;SAMPLE;TWEAK;O43508;OID00555;2.126.621;200.518;-182.937;FALSE;PASS;PASS;0.07955;IPC Normalized;2.0.2;NPX Signature;assay;200.518;-182.937;-0.16902;-0.17107
TARGET96;Olink Target 96 Inflammation;3027;Target96;F2;LPS 307-GI wk22;SAMPLE;CCL20;P78556;OID00556;1.211.048;987.679;131.645;FALSE;PASS;PASS;0.07955;IPC Normalized;2.0.2;NPX Signature;assay;987.679;131.645;-0.16902;-0.17107
TARGET96;Olink Target 96 Inflammation;3027;Target96;F2;LPS 307-GI wk22;SAMPLE;ST1A1;P50225;OID00557;1.488.892;786.417;125.003;FALSE;PASS;PASS;0.07955;IPC Normalized;2.0.2;NPX Signature;assay;786.417;125.003;-0.16902;-0.17107
TARGET96;Olink Target 96 Inflammation;3027;Target96;F2;LPS 307-GI wk22;SAMPLE;STAMBP;O95630;OID00558;1.695.595;394.709;-0.80337;FALSE;PASS;PASS;0.07955;IPC Normalized;2.0.2;NPX Signature;assay;394.709;-0.80337;-0.16902;-0.17107
TARGET96;Olink Target 96 Inflammation;3027;Target96;F2;LPS 307-GI wk22;SAMPLE;IL5;P05113;OID00559;2.258.155;-0.07197;142.788;TRUE;PASS;PASS;0.95455;IPC Normalized;2.0.2;NPX Signature;assay;-0.07197;142.788;-0.16902;-0.17107
TARGET96;Olink Target 96 Inflammation;3027;Target96;F2;LPS 307-GI wk22;SAMPLE;ADA;P00813;OID00560;1.562.536;583.513;-0.40830;FALSE;PASS;PASS;0.07955;IPC Normalized;2.0.2;NPX Signature;assay;583.513;-0.40830;-0.16902;-0.17107
TARGET96;Olink Target 96 Inflammation;3027;Target96;F2;LPS 307-GI wk22;SAMPLE;TNFB;P01374;OID00561;2.340.236;0.26167;0.56835;TRUE;PASS;PASS;0.64773;IPC Normalized;2.0.2;NPX Signature;assay;0.26167;0.56835;-0.16902;-0.17107
TARGET96;Olink Target 96 Inflammation;3027;Target96;F2;LPS 307-GI wk22;SAMPLE;CSF-1;P09603;OID00562;1.937.247;316.905;0.85565;FALSE;PASS;PASS;0.07955;IPC Normalized;2.0.2;NPX Signature;assay;316.905;0.85565;-0.16902;-0.17107
TARGET96;Olink Target 96 Inflammation;3027;Target96;G2;AWA 681-YR wk4;SAMPLE;IL8;P10145;OID00471;872.958;1.306.279;166.148;FALSE;PASS;PASS;0.07955;IPC Normalized;2.0.2;NPX Signature;assay;1.306.279;166.148;0.02639;0.04275
TARGET96;Olink Target 96 Inflammation;3027;Target96;G2;AWA 681-YR wk4;SAMPLE;VEGFA;P15692;OID00472;1.266.666;1.002.288;0.00696;FALSE;PASS;PASS;0.07955;IPC Normalized;2.0.2;NPX Signature;assay;1.002.288;0.00696;0.02639;0.04275
TARGET96;Olink Target 96 Inflammation;3027;Target96;G2;AWA 681-YR wk4;SAMPLE;CD8A;P01732;OID05124;1.962.077;156.929;-126.143;FALSE;PASS;PASS;0.07955;IPC Normalized;2.0.2;NPX Signature;assay;156.929;-126.143;0.02639;0.04275
TARGET96;Olink Target 96 Inflammation;3027;Target96;G2;AWA 681-YR wk4;SAMPLE;Inc Ctrl 1;NA;OID00004;1.262.045;0.12354;0.07730;FALSE;PASS;NA;0.52273;IPC Normalized;2.0.2;NPX Signature;inc_ctrl_1;0.12354;0.07730;0.02639;0.04275
TARGET96;Olink Target 96 Inflammation;3027;Target96;G2;AWA 681-YR wk4;SAMPLE;MCP-3;P80098;OID00474;1.370.346;1.006.038;143.285;FALSE;PASS;PASS;0.07955;IPC Normalized;2.0.2;NPX Signature;assay;1.006.038;143.285;0.02639;0.04275
TARGET96;Olink Target 96 Inflammation;3027;Target96;G2;AWA 681-YR wk4;SAMPLE;GDNF;P39905;OID00475;2.305.187;0.38202;147.654;TRUE;PASS;PASS;0.97727;IPC Normalized;2.0.2;NPX Signature;assay;0.38202;147.654;0.02639;0.04275
TARGET96;Olink Target 96 Inflammation;3027;Target96;G2;AWA 681-YR wk4;SAMPLE;CDCP1;Q9H5V8;OID00476;2.183.963;0.70972;-0.58297;FALSE;PASS;PASS;0.27273;IPC Normalized;2.0.2;NPX Signature;assay;0.70972;-0.58297;0.02639;0.04275
TARGET96;Olink Target 96 Inflammation;3027;Target96;G2;AWA 681-YR wk4;SAMPLE;CD244;Q9BZW8;OID00477;1.864.421;442.687;153.762;FALSE;PASS;PASS;0.07955;IPC Normalized;2.0.2;NPX Signature;assay;442.687;153.762;0.02639;0.04275
TARGET96;Olink Target 96 Inflammation;3027;Target96;G2;AWA 681-YR wk4;SAMPLE;IL7;P13232;OID00478;2.103.090;-0.96180;-0.70852;TRUE;PASS;PASS;0.95455;IPC Normalized;2.0.2;NPX Signature;assay;-0.96180;-0.70852;0.02639;0.04275
TARGET96;Olink Target 96 Inflammation;3027;Target96;G2;AWA 681-YR wk4;SAMPLE;OPG;O00300;OID00479;2.051.692;-0.83579;-0.81398;TRUE;PASS;PASS;0.15909;IPC Normalized;2.0.2;NPX Signature;assay;-0.83579;-0.81398;0.02639;0.04275
TARGET96;Olink Target 96 Inflammation;3027;Target96;G2;AWA 681-YR wk4;SAMPLE;LAP TGF-beta-1;P01137;OID00480;1.803.718;368.422;-104.297;FALSE;PASS;PASS;0.07955;IPC Normalized;2.0.2;NPX Signature;assay;368.422;-104.297;0.02639;0.04275
TARGET96;Olink Target 96 Inflammation;3027;Target96;G2;AWA 681-YR wk4;SAMPLE;uPA;P00749;OID00481;1.354.986;616.260;0.11788;FALSE;PASS;PASS;0.07955;IPC Normalized;2.0.2;NPX Signature;assay;616.260;0.11788;0.02639;0.04275
TARGET96;Olink Target 96 Inflammation;3027;Target96;G2;AWA 681-YR wk4;SAMPLE;IL6;P05231;OID00482;900.104;1.257.307;131.223;FALSE;PASS;PASS;0.07955;IPC Normalized;2.0.2;NPX Signature;assay;1.257.307;131.223;0.02639;0.04275
TARGET96;Olink Target 96 Inflammation;3027;Target96;G2;AWA 681-YR wk4;SAMPLE;IL-17C;Q9P0M4;OID00483;2.174.009;0.26069;105.079;TRUE;PASS;PASS;100.000;IPC Normalized;2.0.2;NPX Signature;assay;0.26069;105.079;0.02639;0.04275
TARGET96;Olink Target 96 Inflammation;3027;Target96;G2;AWA 681-YR wk4;SAMPLE;MCP-1;P13500;OID00484;851.338;1.389.366;126.065;FALSE;PASS;PASS;0.07955;IPC Normalized;2.0.2;NPX Signature;assay;1.389.366;126.065;0.02639;0.04275
TARGET96;Olink Target 96 Inflammation;3027;Target96;G2;AWA 681-YR wk4;SAMPLE;IL-17A;Q16552;OID00485;2.339.241;-0.51527;0.57759;TRUE;PASS;PASS;0.84091;IPC Normalized;2.0.2;NPX Signature;assay;-0.51527;0.57759;0.02639;0.04275
TARGET96;Olink Target 96 Inflammation;3027;Target96;G2;AWA 681-YR wk4;SAMPLE;CXCL11;O14625;OID00486;1.905.883;323.026;0.12817;FALSE;PASS;PASS;0.09091;IPC Normalized;2.0.2;NPX Signature;assay;323.026;0.12817;0.02639;0.04275
TARGET96;Olink Target 96 Inflammation;3027;Target96;G2;AWA 681-YR wk4;SAMPLE;AXIN1;O15169;OID00487;2.142.573;-0.46966;-0.49354;FALSE;PASS;PASS;0.12500;IPC Normalized;2.0.2;NPX Signature;assay;-0.46966;-0.49354;0.02639;0.04275
TARGET96;Olink Target 96 Inflammation;3027;Target96;G2;AWA 681-YR wk4;SAMPLE;Ext Ctrl;NA;OID00005;1.419.391;0.00000;0.00000;FALSE;PASS;NA;0.07955;IPC Normalized;2.0.2;NPX Signature;ext_ctrl;0.00000;0.00000;0.02639;0.04275
TARGET96;Olink Target 96 Inflammation;3027;Target96;G2;AWA 681-YR wk4;SAMPLE;TRAIL;P50591;OID00488;1.882.644;281.280;-0.15284;FALSE;PASS;PASS;0.07955;IPC Normalized;2.0.2;NPX Signature;assay;281.280;-0.15284;0.02639;0.04275
TARGET96;Olink Target 96 Inflammation;3027;Target96;G2;AWA 681-YR wk4;SAMPLE;IL-20RA;Q9UHF4;OID00489;2.193.087;-0.16840;104.704;TRUE;PASS;PASS;100.000;IPC Normalized;2.0.2;NPX Signature;assay;-0.16840;104.704;0.02639;0.04275
TARGET96;Olink Target 96 Inflammation;3027;Target96;G2;AWA 681-YR wk4;SAMPLE;CXCL9;Q07325;OID00490;1.933.214;214.471;0.66560;FALSE;PASS;PASS;0.20455;IPC Normalized;2.0.2;NPX Signature;assay;214.471;0.66560;0.02639;0.04275
TARGET96;Olink Target 96 Inflammation;3027;Target96;G2;AWA 681-YR wk4;SAMPLE;CST5;P28325;OID00491;2.173.360;-0.22105;-107.592;FALSE;PASS;PASS;0.63636;IPC Normalized;2.0.2;NPX Signature;assay;-0.22105;-107.592;0.02639;0.04275
TARGET96;Olink Target 96 Inflammation;3027;Target96;G2;AWA 681-YR wk4;SAMPLE;IL-2RB;P14784;OID00492;2.302.079;0.18575;165.436;TRUE;PASS;PASS;100.000;IPC Normalized;2.0.2;NPX Signature;assay;0.18575;165.436;0.02639;0.04275
TARGET96;Olink Target 96 Inflammation;3027;Target96;G2;AWA 681-YR wk4;SAMPLE;IL-1 alpha;P01583;OID00493;1.584.822;468.719;-0.99251;FALSE;PASS;PASS;0.07955;IPC Normalized;2.0.2;NPX Signature;assay;468.719;-0.99251;0.02639;0.04275
TARGET96;Olink Target 96 Inflammation;3027;Target96;G2;AWA 681-YR wk4;SAMPLE;OSM;P13725;OID00494;1.246.452;956.298;0.16675;FALSE;PASS;PASS;0.07955;IPC Normalized;2.0.2;NPX Signature;assay;956.298;0.16675;0.02639;0.04275
TARGET96;Olink Target 96 Inflammation;3027;Target96;G2;AWA 681-YR wk4;SAMPLE;IL2;P60568;OID00495;2.183.001;0.61907;128.757;TRUE;PASS;PASS;0.94318;IPC Normalized;2.0.2;NPX Signature;assay;0.61907;128.757;0.02639;0.04275
TARGET96;Olink Target 96 Inflammation;3027;Target96;G2;AWA 681-YR wk4;SAMPLE;CXCL1;P09341;OID00496;1.112.720;1.375.445;279.881;FALSE;PASS;PASS;0.07955;IPC Normalized;2.0.2;NPX Signature;assay;1.375.445;279.881;0.02639;0.04275
TARGET96;Olink Target 96 Inflammation;3027;Target96;G2;AWA 681-YR wk4;SAMPLE;TSLP;Q969D9;OID00497;2.489.862;-0.16649;0.78329;TRUE;PASS;PASS;0.81818;IPC Normalized;2.0.2;NPX Signature;assay;-0.16649;0.78329;0.02639;0.04275
TARGET96;Olink Target 96 Inflammation;3027;Target96;G2;AWA 681-YR wk4;SAMPLE;CCL4;P13236;OID00498;834.825;1.106.710;-0.42383;FALSE;PASS;PASS;0.07955;IPC Normalized;2.0.2;NPX Signature;assay;1.106.710;-0.42383;0.02639;0.04275
TARGET96;Olink Target 96 Inflammation;3027;Target96;G2;AWA 681-YR wk4;SAMPLE;CD6;P30203;OID00499;1.968.471;312.766;-0.86517;FALSE;PASS;PASS;0.07955;IPC Normalized;2.0.2;NPX Signature;assay;312.766;-0.86517;0.02639;0.04275
TARGET96;Olink Target 96 Inflammation;3027;Target96;G2;AWA 681-YR wk4;SAMPLE;SCF;P21583;OID00500;2.190.437;-0.30786;0.19953;TRUE;PASS;PASS;0.96591;IPC Normalized;2.0.2;NPX Signature;assay;-0.30786;0.19953;0.02639;0.04275
TARGET96;Olink Target 96 Inflammation;3027;Target96;G2;AWA 681-YR wk4;SAMPLE;IL18;Q14116;OID00501;1.721.948;456.337;0.08663;FALSE;PASS;PASS;0.07955;IPC Normalized;2.0.2;NPX Signature;assay;456.337;0.08663;0.02639;0.04275
TARGET96;Olink Target 96 Inflammation;3027;Target96;G2;AWA 681-YR wk4;SAMPLE;SLAMF1;Q13291;OID00502;2.275.692;0.62783;0.76837;TRUE;PASS;PASS;0.81818;IPC Normalized;2.0.2;NPX Signature;assay;0.62783;0.76837;0.02639;0.04275
TARGET96;Olink Target 96 Inflammation;3027;Target96;G2;AWA 681-YR wk4;SAMPLE;TGF-alpha;P01135;OID00503;1.992.233;226.198;-171.917;FALSE;PASS;PASS;0.07955;IPC Normalized;2.0.2;NPX Signature;assay;226.198;-171.917;0.02639;0.04275
TARGET96;Olink Target 96 Inflammation;3027;Target96;G2;AWA 681-YR wk4;SAMPLE;MCP-4;Q99616;OID00504;1.972.618;592.640;143.956;FALSE;PASS;PASS;0.07955;IPC Normalized;2.0.2;NPX Signature;assay;592.640;143.956;0.02639;0.04275
TARGET96;Olink Target 96 Inflammation;3027;Target96;G2;AWA 681-YR wk4;SAMPLE;CCL11;P51671;OID00505;2.085.394;-0.89842;-0.40053;TRUE;PASS;PASS;0.68182;IPC Normalized;2.0.2;NPX Signature;assay;-0.89842;-0.40053;0.02639;0.04275
TARGET96;Olink Target 96 Inflammation;3027;Target96;G2;AWA 681-YR wk4;SAMPLE;TNFSF14;O43557;OID00506;1.414.217;556.716;-0.44803;FALSE;PASS;PASS;0.07955;IPC Normalized;2.0.2;NPX Signature;assay;556.716;-0.44803;0.02639;0.04275
TARGET96;Olink Target 96 Inflammation;3027;Target96;G2;AWA 681-YR wk4;SAMPLE;FGF-23;Q9GZV9;OID00507;2.191.767;0.39053;0.91747;TRUE;PASS;PASS;0.96591;IPC Normalized;2.0.2;NPX Signature;assay;0.39053;0.91747;0.02639;0.04275
TARGET96;Olink Target 96 Inflammation;3027;Target96;G2;AWA 681-YR wk4;SAMPLE;IL-10RA;Q13651;OID00508;2.048.351;-0.12801;-0.70231;FALSE;PASS;PASS;0.50000;IPC Normalized;2.0.2;NPX Signature;assay;-0.12801;-0.70231;0.02639;0.04275
TARGET96;Olink Target 96 Inflammation;3027;Target96;G2;AWA 681-YR wk4;SAMPLE;FGF-5;P12034;OID00509;2.128.950;-0.81586;-0.11172;TRUE;PASS;PASS;0.98864;IPC Normalized;2.0.2;NPX Signature;assay;-0.81586;-0.11172;0.02639;0.04275
TARGET96;Olink Target 96 Inflammation;3027;Target96;G2;AWA 681-YR wk4;SAMPLE;MMP-1;P03956;OID00510;1.365.810;900.258;-0.41038;FALSE;PASS;PASS;0.07955;IPC Normalized;2.0.2;NPX Signature;assay;900.258;-0.41038;0.02639;0.04275
TARGET96;Olink Target 96 Inflammation;3027;Target96;G2;AWA 681-YR wk4;SAMPLE;LIF-R;P42702;OID00511;2.182.206;-106.324;0.22136;TRUE;PASS;PASS;100.000;IPC Normalized;2.0.2;NPX Signature;assay;-106.324;0.22136;0.02639;0.04275
TARGET96;Olink Target 96 Inflammation;3027;Target96;G2;AWA 681-YR wk4;SAMPLE;FGF-21;Q9NSA1;OID00512;1.743.005;190.737;-0.44425;FALSE;PASS;PASS;0.07955;IPC Normalized;2.0.2;NPX Signature;assay;190.737;-0.44425;0.02639;0.04275
TARGET96;Olink Target 96 Inflammation;3027;Target96;G2;AWA 681-YR wk4;SAMPLE;CCL19;Q99731;OID00513;1.930.803;376.231;195.046;FALSE;PASS;PASS;0.07955;IPC Normalized;2.0.2;NPX Signature;assay;376.231;195.046;0.02639;0.04275
TARGET96;Olink Target 96 Inflammation;3027;Target96;G2;AWA 681-YR wk4;SAMPLE;Inc Ctrl 2;NA;OID00006;1.513.698;-0.19940;-0.10165;TRUE;PASS;NA;0.90909;IPC Normalized;2.0.2;NPX Signature;inc_ctrl_2;-0.19940;-0.10165;0.02639;0.04275
TARGET96;Olink Target 96 Inflammation;3027;Target96;G2;AWA 681-YR wk4;SAMPLE;Det Ctrl;NA;OID00007;999.141;-0.11876;0.01785;TRUE;PASS;NA;0.92045;IPC Normalized;2.0.2;NPX Signature;det_ctrl;-0.11876;0.01785;0.02639;0.04275
TARGET96;Olink Target 96 Inflammation;3027;Target96;G2;AWA 681-YR wk4;SAMPLE;IL-15RA;Q13261;OID00514;2.172.937;-0.20370;0.09772;TRUE;PASS;PASS;100.000;IPC Normalized;2.0.2;NPX Signature;assay;-0.20370;0.09772;0.02639;0.04275
TARGET96;Olink Target 96 Inflammation;3027;Target96;G2;AWA 681-YR wk4;SAMPLE;IL-10RB;Q08334;OID00515;2.140.376;-0.05717;-0.88484;FALSE;PASS;PASS;0.37500;IPC Normalized;2.0.2;NPX Signature;assay;-0.05717;-0.88484;0.02639;0.04275
TARGET96;Olink Target 96 Inflammation;3027;Target96;G2;AWA 681-YR wk4;SAMPLE;IL-22 RA1;Q8N6P7;OID00516;2.471.343;167.703;264.114;TRUE;PASS;PASS;0.98864;IPC Normalized;2.0.2;NPX Signature;assay;167.703;264.114;0.02639;0.04275
TARGET96;Olink Target 96 Inflammation;3027;Target96;G2;AWA 681-YR wk4;SAMPLE;IL-18R1;Q13478;OID00517;1.933.626;379.191;0.59764;FALSE;PASS;PASS;0.07955;IPC Normalized;2.0.2;NPX Signature;assay;379.191;0.59764;0.02639;0.04275
TARGET96;Olink Target 96 Inflammation;3027;Target96;G2;AWA 681-YR wk4;SAMPLE;PD-L1;Q9NZQ7;OID00518;2.137.857;360.478;206.434;FALSE;PASS;PASS;0.13636;IPC Normalized;2.0.2;NPX Signature;assay;360.478;206.434;0.02639;0.04275
TARGET96;Olink Target 96 Inflammation;3027;Target96;G2;AWA 681-YR wk4;SAMPLE;Beta-NGF;P01138;OID00519;1.403.078;-0.49173;-0.17729;TRUE;PASS;PASS;0.85227;IPC Normalized;2.0.2;NPX Signature;assay;-0.49173;-0.17729;0.02639;0.04275
TARGET96;Olink Target 96 Inflammation;3027;Target96;G2;AWA 681-YR wk4;SAMPLE;CXCL5;P42830;OID00520;1.055.809;1.326.683;130.106;FALSE;PASS;PASS;0.07955;IPC Normalized;2.0.2;NPX Signature;assay;1.326.683;130.106;0.02639;0.04275
TARGET96;Olink Target 96 Inflammation;3027;Target96;G2;AWA 681-YR wk4;SAMPLE;TRANCE;O14788;OID00521;2.314.668;0.01172;-131.969;FALSE;PASS;PASS;0.11364;IPC Normalized;2.0.2;NPX Signature;assay;0.01172;-131.969;0.02639;0.04275
TARGET96;Olink Target 96 Inflammation;3027;Target96;G2;AWA 681-YR wk4;SAMPLE;HGF;P14210;OID00522;1.651.689;486.312;0.10249;FALSE;PASS;PASS;0.07955;IPC Normalized;2.0.2;NPX Signature;assay;486.312;0.10249;0.02639;0.04275
TARGET96;Olink Target 96 Inflammation;3027;Target96;G2;AWA 681-YR wk4;SAMPLE;IL-12B;P29460;OID00523;2.268.897;-0.10781;-141.352;FALSE;PASS;PASS;0.15909;IPC Normalized;2.0.2;NPX Signature;assay;-0.10781;-141.352;0.02639;0.04275
TARGET96;Olink Target 96 Inflammation;3027;Target96;G2;AWA 681-YR wk4;SAMPLE;IL-24;Q13007;OID00524;2.258.772;230.812;0.61372;FALSE;PASS;PASS;0.81818;IPC Normalized;2.0.2;NPX Signature;assay;230.812;0.61372;0.02639;0.04275
TARGET96;Olink Target 96 Inflammation;3027;Target96;G2;AWA 681-YR wk4;SAMPLE;IL13;P35225;OID00525;2.170.460;0.07446;120.432;TRUE;PASS;PASS;0.89773;IPC Normalized;2.0.2;NPX Signature;assay;0.07446;120.432;0.02639;0.04275
TARGET96;Olink Target 96 Inflammation;3027;Target96;G2;AWA 681-YR wk4;SAMPLE;ARTN;Q5T4W7;OID00526;2.269.648;0.54772;0.58766;TRUE;PASS;PASS;0.84091;IPC Normalized;2.0.2;NPX Signature;assay;0.54772;0.58766;0.02639;0.04275
TARGET96;Olink Target 96 Inflammation;3027;Target96;G2;AWA 681-YR wk4;SAMPLE;MMP-10;P09238;OID00527;1.678.169;453.335;-0.27894;FALSE;PASS;PASS;0.07955;IPC Normalized;2.0.2;NPX Signature;assay;453.335;-0.27894;0.02639;0.04275
TARGET96;Olink Target 96 Inflammation;3027;Target96;G2;AWA 681-YR wk4;SAMPLE;IL10;P22301;OID00528;1.770.822;628.765;134.323;FALSE;PASS;PASS;0.07955;IPC Normalized;2.0.2;NPX Signature;assay;628.765;134.323;0.02639;0.04275
TARGET96;Olink Target 96 Inflammation;3027;Target96;G2;AWA 681-YR wk4;SAMPLE;TNF;P01375;OID05548;1.477.241;922.261;0.92674;FALSE;PASS;PASS;0.07955;IPC Normalized;2.0.2;NPX Signature;assay;922.261;0.92674;0.02639;0.04275
TARGET96;Olink Target 96 Inflammation;3027;Target96;G2;AWA 681-YR wk4;SAMPLE;CCL23;P55773;OID00530;1.850.946;307.132;-0.28231;FALSE;PASS;PASS;0.07955;IPC Normalized;2.0.2;NPX Signature;assay;307.132;-0.28231;0.02639;0.04275
TARGET96;Olink Target 96 Inflammation;3027;Target96;G2;AWA 681-YR wk4;SAMPLE;CD5;P06127;OID00531;1.518.181;556.398;-0.84352;FALSE;PASS;PASS;0.07955;IPC Normalized;2.0.2;NPX Signature;assay;556.398;-0.84352;0.02639;0.04275
TARGET96;Olink Target 96 Inflammation;3027;Target96;G2;AWA 681-YR wk4;SAMPLE;CCL3;P10147;OID00532;829.557;1.232.355;-0.11401;FALSE;PASS;PASS;0.07955;IPC Normalized;2.0.2;NPX Signature;assay;1.232.355;-0.11401;0.02639;0.04275
TARGET96;Olink Target 96 Inflammation;3027;Target96;G2;AWA 681-YR wk4;SAMPLE;Flt3L;P49771;OID00533;2.214.069;404.423;0.29529;FALSE;PASS;PASS;0.07955;IPC Normalized;2.0.2;NPX Signature;assay;404.423;0.29529;0.02639;0.04275
TARGET96;Olink Target 96 Inflammation;3027;Target96;G2;AWA 681-YR wk4;SAMPLE;CXCL6;P80162;OID00534;1.656.415;595.987;0.42501;FALSE;PASS;PASS;0.07955;IPC Normalized;2.0.2;NPX Signature;assay;595.987;0.42501;0.02639;0.04275
TARGET96;Olink Target 96 Inflammation;3027;Target96;G2;AWA 681-YR wk4;SAMPLE;CXCL10;P02778;OID00535;1.689.839;633.134;158.004;FALSE;PASS;PASS;0.07955;IPC Normalized;2.0.2;NPX Signature;assay;633.134;158.004;0.02639;0.04275
TARGET96;Olink Target 96 Inflammation;3027;Target96;G2;AWA 681-YR wk4;SAMPLE;4E-BP1;Q13541;OID00536;1.720.622;243.852;-0.95345;FALSE;PASS;PASS;0.07955;IPC Normalized;2.0.2;NPX Signature;assay;243.852;-0.95345;0.02639;0.04275
TARGET96;Olink Target 96 Inflammation;3027;Target96;G2;AWA 681-YR wk4;SAMPLE;IL-20;Q9NYY1;OID00537;2.084.314;-0.79851;-0.28182;TRUE;PASS;PASS;0.97727;IPC Normalized;2.0.2;NPX Signature;assay;-0.79851;-0.28182;0.02639;0.04275
TARGET96;Olink Target 96 Inflammation;3027;Target96;G2;AWA 681-YR wk4;SAMPLE;SIRT2;Q8IXJ6;OID00538;2.013.129;258.359;116.589;FALSE;PASS;PASS;0.18182;IPC Normalized;2.0.2;NPX Signature;assay;258.359;116.589;0.02639;0.04275
TARGET96;Olink Target 96 Inflammation;3027;Target96;G2;AWA 681-YR wk4;SAMPLE;CCL28;Q9NRJ3;OID00539;2.225.978;-138.521;-0.70486;TRUE;PASS;PASS;0.85227;IPC Normalized;2.0.2;NPX Signature;assay;-138.521;-0.70486;0.02639;0.04275
TARGET96;Olink Target 96 Inflammation;3027;Target96;G2;AWA 681-YR wk4;SAMPLE;DNER;Q8NFT8;OID01213;1.827.129;178.015;-0.30062;FALSE;PASS;PASS;0.07955;IPC Normalized;2.0.2;NPX Signature;assay;178.015;-0.30062;0.02639;0.04275
TARGET96;Olink Target 96 Inflammation;3027;Target96;G2;AWA 681-YR wk4;SAMPLE;EN-RAGE;P80511;OID00541;1.500.328;716.414;0.09630;FALSE;PASS;PASS;0.07955;IPC Normalized;2.0.2;NPX Signature;assay;716.414;0.09630;0.02639;0.04275
TARGET96;Olink Target 96 Inflammation;3027;Target96;G2;AWA 681-YR wk4;SAMPLE;CD40;P25942;OID00542;1.537.834;874.571;224.967;FALSE;PASS;PASS;0.07955;IPC Normalized;2.0.2;NPX Signature;assay;874.571;224.967;0.02639;0.04275
TARGET96;Olink Target 96 Inflammation;3027;Target96;G2;AWA 681-YR wk4;SAMPLE;IL33;O95760;OID00543;2.211.431;-0.21869;0.91606;TRUE;PASS;PASS;100.000;IPC Normalized;2.0.2;NPX Signature;assay;-0.21869;0.91606;0.02639;0.04275
TARGET96;Olink Target 96 Inflammation;3027;Target96;G2;AWA 681-YR wk4;SAMPLE;IFN-gamma;P01579;OID05547;1.693.223;860.747;305.868;FALSE;PASS;PASS;0.07955;IPC Normalized;2.0.2;NPX Signature;assay;860.747;305.868;0.02639;0.04275
TARGET96;Olink Target 96 Inflammation;3027;Target96;G2;AWA 681-YR wk4;SAMPLE;FGF-19;O95750;OID00545;2.103.949;-0.78994;-0.76210;TRUE;PASS;PASS;0.67045;IPC Normalized;2.0.2;NPX Signature;assay;-0.78994;-0.76210;0.02639;0.04275
TARGET96;Olink Target 96 Inflammation;3027;Target96;G2;AWA 681-YR wk4;SAMPLE;IL4;P05112;OID00546;2.177.821;0.61827;-102.563;FALSE;PASS;PASS;0.29545;IPC Normalized;2.0.2;NPX Signature;assay;0.61827;-102.563;0.02639;0.04275
TARGET96;Olink Target 96 Inflammation;3027;Target96;G2;AWA 681-YR wk4;SAMPLE;LIF;P15018;OID00547;1.708.621;288.468;-0.79961;FALSE;PASS;PASS;0.07955;IPC Normalized;2.0.2;NPX Signature;assay;288.468;-0.79961;0.02639;0.04275
TARGET96;Olink Target 96 Inflammation;3027;Target96;G2;AWA 681-YR wk4;SAMPLE;NRTN;Q99748;OID00548;2.159.225;-113.396;-0.41185;TRUE;PASS;PASS;0.97727;IPC Normalized;2.0.2;NPX Signature;assay;-113.396;-0.41185;0.02639;0.04275
TARGET96;Olink Target 96 Inflammation;3027;Target96;G2;AWA 681-YR wk4;SAMPLE;MCP-2;P80075;OID00549;1.713.496;673.860;127.866;FALSE;PASS;PASS;0.07955;IPC Normalized;2.0.2;NPX Signature;assay;673.860;127.866;0.02639;0.04275
TARGET96;Olink Target 96 Inflammation;3027;Target96;G2;AWA 681-YR wk4;SAMPLE;CASP-8;Q14790;OID00550;1.629.370;540.488;0.91291;FALSE;PASS;PASS;0.07955;IPC Normalized;2.0.2;NPX Signature;assay;540.488;0.91291;0.02639;0.04275
TARGET96;Olink Target 96 Inflammation;3027;Target96;G2;AWA 681-YR wk4;SAMPLE;CCL25;O15444;OID00551;2.116.394;-116.761;-0.18758;TRUE;PASS;PASS;0.98864;IPC Normalized;2.0.2;NPX Signature;assay;-116.761;-0.18758;0.02639;0.04275
TARGET96;Olink Target 96 Inflammation;3027;Target96;G2;AWA 681-YR wk4;SAMPLE;CX3CL1;P78423;OID00552;2.426.283;-0.80737;-0.12333;TRUE;PASS;PASS;0.94318;IPC Normalized;2.0.2;NPX Signature;assay;-0.80737;-0.12333;0.02639;0.04275
TARGET96;Olink Target 96 Inflammation;3027;Target96;G2;AWA 681-YR wk4;SAMPLE;TNFRSF9;Q07011;OID00553;1.958.021;316.336;0.83400;FALSE;PASS;PASS;0.07955;IPC Normalized;2.0.2;NPX Signature;assay;316.336;0.83400;0.02639;0.04275
TARGET96;Olink Target 96 Inflammation;3027;Target96;G2;AWA 681-YR wk4;SAMPLE;NT-3;P20783;OID00554;2.219.763;-0.04451;0.74628;TRUE;PASS;PASS;0.98864;IPC Normalized;2.0.2;NPX Signature;assay;-0.04451;0.74628;0.02639;0.04275
TARGET96;Olink Target 96 Inflammation;3027;Target96;G2;AWA 681-YR wk4;SAMPLE;TWEAK;O43508;OID00555;2.055.865;292.857;-182.937;FALSE;PASS;PASS;0.07955;IPC Normalized;2.0.2;NPX Signature;assay;292.857;-182.937;0.02639;0.04275
TARGET96;Olink Target 96 Inflammation;3027;Target96;G2;AWA 681-YR wk4;SAMPLE;CCL20;P78556;OID00556;1.376.666;843.645;131.645;FALSE;PASS;PASS;0.07955;IPC Normalized;2.0.2;NPX Signature;assay;843.645;131.645;0.02639;0.04275
TARGET96;Olink Target 96 Inflammation;3027;Target96;G2;AWA 681-YR wk4;SAMPLE;ST1A1;P50225;OID00557;1.717.326;579.566;125.003;FALSE;PASS;PASS;0.07955;IPC Normalized;2.0.2;NPX Signature;assay;579.566;125.003;0.02639;0.04275
TARGET96;Olink Target 96 Inflammation;3027;Target96;G2;AWA 681-YR wk4;SAMPLE;STAMBP;O95630;OID00558;1.797.129;314.759;-0.80337;FALSE;PASS;PASS;0.07955;IPC Normalized;2.0.2;NPX Signature;assay;314.759;-0.80337;0.02639;0.04275
TARGET96;Olink Target 96 Inflammation;3027;Target96;G2;AWA 681-YR wk4;SAMPLE;IL5;P05113;OID00559;2.201.915;0.70627;142.788;TRUE;PASS;PASS;0.95455;IPC Normalized;2.0.2;NPX Signature;assay;0.70627;142.788;0.02639;0.04275
TARGET96;Olink Target 96 Inflammation;3027;Target96;G2;AWA 681-YR wk4;SAMPLE;ADA;P00813;OID00560;1.603.911;563.723;-0.40830;FALSE;PASS;PASS;0.07955;IPC Normalized;2.0.2;NPX Signature;assay;563.723;-0.40830;0.02639;0.04275
TARGET96;Olink Target 96 Inflammation;3027;Target96;G2;AWA 681-YR wk4;SAMPLE;TNFB;P01374;OID00561;2.267.638;120.349;0.56835;FALSE;PASS;PASS;0.64773;IPC Normalized;2.0.2;NPX Signature;assay;120.349;0.56835;0.02639;0.04275
TARGET96;Olink Target 96 Inflammation;3027;Target96;G2;AWA 681-YR wk4;SAMPLE;CSF-1;P09603;OID00562;1.865.536;410.199;0.85565;FALSE;PASS;PASS;0.07955;IPC Normalized;2.0.2;NPX Signature;assay;410.199;0.85565;0.02639;0.04275
TARGET96;Olink Target 96 Inflammation;3027;Target96;H2;LPS 966-BX wk0;SAMPLE;IL8;P10145;OID00471;869.822;1.313.202;166.148;FALSE;PASS;PASS;0.07955;IPC Normalized;2.0.2;NPX Signature;assay;1.313.202;166.148;0.11059;0.05108
TARGET96;Olink Target 96 Inflammation;3027;Target96;H2;LPS 966-BX wk0;SAMPLE;VEGFA;P15692;OID00472;1.542.786;729.955;0.00696;FALSE;PASS;PASS;0.07955;IPC Normalized;2.0.2;NPX Signature;assay;729.955;0.00696;0.11059;0.05108
TARGET96;Olink Target 96 Inflammation;3027;Target96;H2;LPS 966-BX wk0;SAMPLE;CD8A;P01732;OID05124;1.966.985;155.808;-126.143;FALSE;PASS;PASS;0.07955;IPC Normalized;2.0.2;NPX Signature;assay;155.808;-126.143;0.11059;0.05108
TARGET96;Olink Target 96 Inflammation;3027;Target96;H2;LPS 966-BX wk0;SAMPLE;Inc Ctrl 1;NA;OID00004;1.264.998;0.13187;0.07730;FALSE;PASS;NA;0.52273;IPC Normalized;2.0.2;NPX Signature;inc_ctrl_1;0.13187;0.07730;0.11059;0.05108
TARGET96;Olink Target 96 Inflammation;3027;Target96;H2;LPS 966-BX wk0;SAMPLE;MCP-3;P80098;OID00474;1.478.198;901.973;143.285;FALSE;PASS;PASS;0.07955;IPC Normalized;2.0.2;NPX Signature;assay;901.973;143.285;0.11059;0.05108
TARGET96;Olink Target 96 Inflammation;3027;Target96;H2;LPS 966-BX wk0;SAMPLE;GDNF;P39905;OID00475;2.299.886;0.47289;147.654;TRUE;PASS;PASS;0.97727;IPC Normalized;2.0.2;NPX Signature;assay;0.47289;147.654;0.11059;0.05108
TARGET96;Olink Target 96 Inflammation;3027;Target96;H2;LPS 966-BX wk0;SAMPLE;CDCP1;Q9H5V8;OID00476;2.327.600;-0.68879;-0.58297;TRUE;PASS;PASS;0.27273;IPC Normalized;2.0.2;NPX Signature;assay;-0.68879;-0.58297;0.11059;0.05108
TARGET96;Olink Target 96 Inflammation;3027;Target96;H2;LPS 966-BX wk0;SAMPLE;CD244;Q9BZW8;OID00477;1.888.162;422.734;153.762;FALSE;PASS;PASS;0.07955;IPC Normalized;2.0.2;NPX Signature;assay;422.734;153.762;0.11059;0.05108
TARGET96;Olink Target 96 Inflammation;3027;Target96;H2;LPS 966-BX wk0;SAMPLE;IL7;P13232;OID00478;2.136.510;-125.814;-0.70852;TRUE;PASS;PASS;0.95455;IPC Normalized;2.0.2;NPX Signature;assay;-125.814;-0.70852;0.11059;0.05108
TARGET96;Olink Target 96 Inflammation;3027;Target96;H2;LPS 966-BX wk0;SAMPLE;OPG;O00300;OID00479;1.823.446;148.454;-0.81398;FALSE;PASS;PASS;0.15909;IPC Normalized;2.0.2;NPX Signature;assay;148.454;-0.81398;0.11059;0.05108
TARGET96;Olink Target 96 Inflammation;3027;Target96;H2;LPS 966-BX wk0;SAMPLE;LAP TGF-beta-1;P01137;OID00480;1.879.220;296.706;-104.297;FALSE;PASS;PASS;0.07955;IPC Normalized;2.0.2;NPX Signature;assay;296.706;-104.297;0.11059;0.05108
TARGET96;Olink Target 96 Inflammation;3027;Target96;H2;LPS 966-BX wk0;SAMPLE;uPA;P00749;OID00481;1.414.015;561.018;0.11788;FALSE;PASS;PASS;0.07955;IPC Normalized;2.0.2;NPX Signature;assay;561.018;0.11788;0.11059;0.05108
TARGET96;Olink Target 96 Inflammation;3027;Target96;H2;LPS 966-BX wk0;SAMPLE;IL6;P05231;OID00482;870.971;1.290.226;131.223;FALSE;PASS;PASS;0.07955;IPC Normalized;2.0.2;NPX Signature;assay;1.290.226;131.223;0.11059;0.05108
TARGET96;Olink Target 96 Inflammation;3027;Target96;H2;LPS 966-BX wk0;SAMPLE;IL-17C;Q9P0M4;OID00483;2.233.491;-0.29627;105.079;TRUE;PASS;PASS;100.000;IPC Normalized;2.0.2;NPX Signature;assay;-0.29627;105.079;0.11059;0.05108
TARGET96;Olink Target 96 Inflammation;3027;Target96;H2;LPS 966-BX wk0;SAMPLE;MCP-1;P13500;OID00484;871.275;1.373.216;126.065;FALSE;PASS;PASS;0.07955;IPC Normalized;2.0.2;NPX Signature;assay;1.373.216;126.065;0.11059;0.05108
TARGET96;Olink Target 96 Inflammation;3027;Target96;H2;LPS 966-BX wk0;SAMPLE;IL-17A;Q16552;OID00485;2.297.749;-0.06248;0.57759;TRUE;PASS;PASS;0.84091;IPC Normalized;2.0.2;NPX Signature;assay;-0.06248;0.57759;0.11059;0.05108
TARGET96;Olink Target 96 Inflammation;3027;Target96;H2;LPS 966-BX wk0;SAMPLE;CXCL11;O14625;OID00486;1.748.585;484.112;0.12817;FALSE;PASS;PASS;0.09091;IPC Normalized;2.0.2;NPX Signature;assay;484.112;0.12817;0.11059;0.05108
TARGET96;Olink Target 96 Inflammation;3027;Target96;H2;LPS 966-BX wk0;SAMPLE;AXIN1;O15169;OID00487;2.090.908;0.08486;-0.49354;FALSE;PASS;PASS;0.12500;IPC Normalized;2.0.2;NPX Signature;assay;0.08486;-0.49354;0.11059;0.05108
TARGET96;Olink Target 96 Inflammation;3027;Target96;H2;LPS 966-BX wk0;SAMPLE;Ext Ctrl;NA;OID00005;1.423.177;0.00000;0.00000;FALSE;PASS;NA;0.07955;IPC Normalized;2.0.2;NPX Signature;ext_ctrl;0.00000;0.00000;0.11059;0.05108
TARGET96;Olink Target 96 Inflammation;3027;Target96;H2;LPS 966-BX wk0;SAMPLE;TRAIL;P50591;OID00488;1.992.903;174.807;-0.15284;FALSE;PASS;PASS;0.07955;IPC Normalized;2.0.2;NPX Signature;assay;174.807;-0.15284;0.11059;0.05108
TARGET96;Olink Target 96 Inflammation;3027;Target96;H2;LPS 966-BX wk0;SAMPLE;IL-20RA;Q9UHF4;OID00489;2.190.639;-0.10606;104.704;TRUE;PASS;PASS;100.000;IPC Normalized;2.0.2;NPX Signature;assay;-0.10606;104.704;0.11059;0.05108
TARGET96;Olink Target 96 Inflammation;3027;Target96;H2;LPS 966-BX wk0;SAMPLE;CXCL9;Q07325;OID00490;1.747.684;403.788;0.66560;FALSE;PASS;PASS;0.20455;IPC Normalized;2.0.2;NPX Signature;assay;403.788;0.66560;0.11059;0.05108
TARGET96;Olink Target 96 Inflammation;3027;Target96;H2;LPS 966-BX wk0;SAMPLE;CST5;P28325;OID00491;2.339.636;-184.595;-107.592;TRUE;PASS;PASS;0.63636;IPC Normalized;2.0.2;NPX Signature;assay;-184.595;-107.592;0.11059;0.05108
TARGET96;Olink Target 96 Inflammation;3027;Target96;H2;LPS 966-BX wk0;SAMPLE;IL-2RB;P14784;OID00492;2.334.927;-0.10487;165.436;TRUE;PASS;PASS;100.000;IPC Normalized;2.0.2;NPX Signature;assay;-0.10487;165.436;0.11059;0.05108
TARGET96;Olink Target 96 Inflammation;3027;Target96;H2;LPS 966-BX wk0;SAMPLE;IL-1 alpha;P01583;OID00493;1.010.833;1.046.494;-0.99251;FALSE;PASS;PASS;0.07955;IPC Normalized;2.0.2;NPX Signature;assay;1.046.494;-0.99251;0.11059;0.05108
TARGET96;Olink Target 96 Inflammation;3027;Target96;H2;LPS 966-BX wk0;SAMPLE;OSM;P13725;OID00494;1.355.189;851.348;0.16675;FALSE;PASS;PASS;0.07955;IPC Normalized;2.0.2;NPX Signature;assay;851.348;0.16675;0.11059;0.05108
TARGET96;Olink Target 96 Inflammation;3027;Target96;H2;LPS 966-BX wk0;SAMPLE;IL2;P60568;OID00495;2.189.829;0.58866;128.757;TRUE;PASS;PASS;0.94318;IPC Normalized;2.0.2;NPX Signature;assay;0.58866;128.757;0.11059;0.05108
TARGET96;Olink Target 96 Inflammation;3027;Target96;H2;LPS 966-BX wk0;SAMPLE;CXCL1;P09341;OID00496;1.199.659;1.292.293;279.881;FALSE;PASS;PASS;0.07955;IPC Normalized;2.0.2;NPX Signature;assay;1.292.293;279.881;0.11059;0.05108
TARGET96;Olink Target 96 Inflammation;3027;Target96;H2;LPS 966-BX wk0;SAMPLE;TSLP;Q969D9;OID00497;2.466.856;0.10143;0.78329;TRUE;PASS;PASS;0.81818;IPC Normalized;2.0.2;NPX Signature;assay;0.10143;0.78329;0.11059;0.05108
TARGET96;Olink Target 96 Inflammation;3027;Target96;H2;LPS 966-BX wk0;SAMPLE;CCL4;P13236;OID00498;723.179;1.222.142;-0.42383;FALSE;PASS;PASS;0.07955;IPC Normalized;2.0.2;NPX Signature;assay;1.222.142;-0.42383;0.11059;0.05108
TARGET96;Olink Target 96 Inflammation;3027;Target96;H2;LPS 966-BX wk0;SAMPLE;CD6;P30203;OID00499;1.975.200;309.824;-0.86517;FALSE;PASS;PASS;0.07955;IPC Normalized;2.0.2;NPX Signature;assay;309.824;-0.86517;0.11059;0.05108
TARGET96;Olink Target 96 Inflammation;3027;Target96;H2;LPS 966-BX wk0;SAMPLE;SCF;P21583;OID00500;2.258.551;-0.95113;0.19953;TRUE;PASS;PASS;0.96591;IPC Normalized;2.0.2;NPX Signature;assay;-0.95113;0.19953;0.11059;0.05108
TARGET96;Olink Target 96 Inflammation;3027;Target96;H2;LPS 966-BX wk0;SAMPLE;IL18;Q14116;OID00501;1.427.285;754.787;0.08663;FALSE;PASS;PASS;0.07955;IPC Normalized;2.0.2;NPX Signature;assay;754.787;0.08663;0.11059;0.05108
TARGET96;Olink Target 96 Inflammation;3027;Target96;H2;LPS 966-BX wk0;SAMPLE;SLAMF1;Q13291;OID00502;2.315.373;0.26888;0.76837;TRUE;PASS;PASS;0.81818;IPC Normalized;2.0.2;NPX Signature;assay;0.26888;0.76837;0.11059;0.05108
TARGET96;Olink Target 96 Inflammation;3027;Target96;H2;LPS 966-BX wk0;SAMPLE;TGF-alpha;P01135;OID00503;2.087.027;135.190;-171.917;FALSE;PASS;PASS;0.07955;IPC Normalized;2.0.2;NPX Signature;assay;135.190;-171.917;0.11059;0.05108
TARGET96;Olink Target 96 Inflammation;3027;Target96;H2;LPS 966-BX wk0;SAMPLE;MCP-4;Q99616;OID00504;1.850.594;718.451;143.956;FALSE;PASS;PASS;0.07955;IPC Normalized;2.0.2;NPX Signature;assay;718.451;143.956;0.11059;0.05108
TARGET96;Olink Target 96 Inflammation;3027;Target96;H2;LPS 966-BX wk0;SAMPLE;CCL11;P51671;OID00505;2.096.000;-0.96661;-0.40053;TRUE;PASS;PASS;0.68182;IPC Normalized;2.0.2;NPX Signature;assay;-0.96661;-0.40053;0.11059;0.05108
TARGET96;Olink Target 96 Inflammation;3027;Target96;H2;LPS 966-BX wk0;SAMPLE;TNFSF14;O43557;OID00506;1.392.623;582.097;-0.44803;FALSE;PASS;PASS;0.07955;IPC Normalized;2.0.2;NPX Signature;assay;582.097;-0.44803;0.11059;0.05108
TARGET96;Olink Target 96 Inflammation;3027;Target96;H2;LPS 966-BX wk0;SAMPLE;FGF-23;Q9GZV9;OID00507;2.228.891;0.05716;0.91747;TRUE;PASS;PASS;0.96591;IPC Normalized;2.0.2;NPX Signature;assay;0.05716;0.91747;0.11059;0.05108
TARGET96;Olink Target 96 Inflammation;3027;Target96;H2;LPS 966-BX wk0;SAMPLE;IL-10RA;Q13651;OID00508;2.060.638;-0.21301;-0.70231;FALSE;PASS;PASS;0.50000;IPC Normalized;2.0.2;NPX Signature;assay;-0.21301;-0.70231;0.11059;0.05108
TARGET96;Olink Target 96 Inflammation;3027;Target96;H2;LPS 966-BX wk0;SAMPLE;FGF-5;P12034;OID00509;2.185.172;-134.022;-0.11172;TRUE;PASS;PASS;0.98864;IPC Normalized;2.0.2;NPX Signature;assay;-134.022;-0.11172;0.11059;0.05108
TARGET96;Olink Target 96 Inflammation;3027;Target96;H2;LPS 966-BX wk0;SAMPLE;MMP-1;P03956;OID00510;1.414.104;855.751;-0.41038;FALSE;PASS;PASS;0.07955;IPC Normalized;2.0.2;NPX Signature;assay;855.751;-0.41038;0.11059;0.05108
TARGET96;Olink Target 96 Inflammation;3027;Target96;H2;LPS 966-BX wk0;SAMPLE;LIF-R;P42702;OID00511;2.161.195;-0.81526;0.22136;TRUE;PASS;PASS;100.000;IPC Normalized;2.0.2;NPX Signature;assay;-0.81526;0.22136;0.11059;0.05108
TARGET96;Olink Target 96 Inflammation;3027;Target96;H2;LPS 966-BX wk0;SAMPLE;FGF-21;Q9NSA1;OID00512;1.775.913;161.616;-0.44425;FALSE;PASS;PASS;0.07955;IPC Normalized;2.0.2;NPX Signature;assay;161.616;-0.44425;0.11059;0.05108
TARGET96;Olink Target 96 Inflammation;3027;Target96;H2;LPS 966-BX wk0;SAMPLE;CCL19;Q99731;OID00513;1.959.338;351.483;195.046;FALSE;PASS;PASS;0.07955;IPC Normalized;2.0.2;NPX Signature;assay;351.483;195.046;0.11059;0.05108
TARGET96;Olink Target 96 Inflammation;3027;Target96;H2;LPS 966-BX wk0;SAMPLE;Inc Ctrl 2;NA;OID00006;1.520.750;-0.23205;-0.10165;TRUE;PASS;NA;0.90909;IPC Normalized;2.0.2;NPX Signature;inc_ctrl_2;-0.23205;-0.10165;0.11059;0.05108
TARGET96;Olink Target 96 Inflammation;3027;Target96;H2;LPS 966-BX wk0;SAMPLE;Det Ctrl;NA;OID00007;994.508;-0.03456;0.01785;TRUE;PASS;NA;0.92045;IPC Normalized;2.0.2;NPX Signature;det_ctrl;-0.03456;0.01785;0.11059;0.05108
TARGET96;Olink Target 96 Inflammation;3027;Target96;H2;LPS 966-BX wk0;SAMPLE;IL-15RA;Q13261;OID00514;2.233.065;-0.76712;0.09772;TRUE;PASS;PASS;100.000;IPC Normalized;2.0.2;NPX Signature;assay;-0.76712;0.09772;0.11059;0.05108
TARGET96;Olink Target 96 Inflammation;3027;Target96;H2;LPS 966-BX wk0;SAMPLE;IL-10RB;Q08334;OID00515;2.220.857;-0.82411;-0.88484;FALSE;PASS;PASS;0.37500;IPC Normalized;2.0.2;NPX Signature;assay;-0.82411;-0.88484;0.11059;0.05108
TARGET96;Olink Target 96 Inflammation;3027;Target96;H2;LPS 966-BX wk0;SAMPLE;IL-22 RA1;Q8N6P7;OID00516;2.593.388;0.49445;264.114;TRUE;PASS;PASS;0.98864;IPC Normalized;2.0.2;NPX Signature;assay;0.49445;264.114;0.11059;0.05108
TARGET96;Olink Target 96 Inflammation;3027;Target96;H2;LPS 966-BX wk0;SAMPLE;IL-18R1;Q13478;OID00517;1.992.791;323.812;0.59764;FALSE;PASS;PASS;0.07955;IPC Normalized;2.0.2;NPX Signature;assay;323.812;0.59764;0.11059;0.05108
TARGET96;Olink Target 96 Inflammation;3027;Target96;H2;LPS 966-BX wk0;SAMPLE;PD-L1;Q9NZQ7;OID00518;2.192.678;309.444;206.434;FALSE;PASS;PASS;0.13636;IPC Normalized;2.0.2;NPX Signature;assay;309.444;206.434;0.11059;0.05108
TARGET96;Olink Target 96 Inflammation;3027;Target96;H2;LPS 966-BX wk0;SAMPLE;Beta-NGF;P01138;OID00519;1.401.187;-0.43495;-0.17729;TRUE;PASS;PASS;0.85227;IPC Normalized;2.0.2;NPX Signature;assay;-0.43495;-0.17729;0.11059;0.05108
TARGET96;Olink Target 96 Inflammation;3027;Target96;H2;LPS 966-BX wk0;SAMPLE;CXCL5;P42830;OID00520;1.412.247;974.031;130.106;FALSE;PASS;PASS;0.07955;IPC Normalized;2.0.2;NPX Signature;assay;974.031;130.106;0.11059;0.05108
TARGET96;Olink Target 96 Inflammation;3027;Target96;H2;LPS 966-BX wk0;SAMPLE;TRANCE;O14788;OID00521;2.231.281;0.88346;-131.969;FALSE;PASS;PASS;0.11364;IPC Normalized;2.0.2;NPX Signature;assay;0.88346;-131.969;0.11059;0.05108
TARGET96;Olink Target 96 Inflammation;3027;Target96;H2;LPS 966-BX wk0;SAMPLE;HGF;P14210;OID00522;1.768.908;372.880;0.10249;FALSE;PASS;PASS;0.07955;IPC Normalized;2.0.2;NPX Signature;assay;372.880;0.10249;0.11059;0.05108
TARGET96;Olink Target 96 Inflammation;3027;Target96;H2;LPS 966-BX wk0;SAMPLE;IL-12B;P29460;OID00523;2.233.603;0.28298;-141.352;FALSE;PASS;PASS;0.15909;IPC Normalized;2.0.2;NPX Signature;assay;0.28298;-141.352;0.11059;0.05108
TARGET96;Olink Target 96 Inflammation;3027;Target96;H2;LPS 966-BX wk0;SAMPLE;IL-24;Q13007;OID00524;2.555.128;-0.61758;0.61372;TRUE;PASS;PASS;0.81818;IPC Normalized;2.0.2;NPX Signature;assay;-0.61758;0.61372;0.11059;0.05108
TARGET96;Olink Target 96 Inflammation;3027;Target96;H2;LPS 966-BX wk0;SAMPLE;IL13;P35225;OID00525;2.164.720;0.16973;120.432;TRUE;PASS;PASS;0.89773;IPC Normalized;2.0.2;NPX Signature;assay;0.16973;120.432;0.11059;0.05108
TARGET96;Olink Target 96 Inflammation;3027;Target96;H2;LPS 966-BX wk0;SAMPLE;ARTN;Q5T4W7;OID00526;2.308.992;0.19215;0.58766;TRUE;PASS;PASS;0.84091;IPC Normalized;2.0.2;NPX Signature;assay;0.19215;0.58766;0.11059;0.05108
TARGET96;Olink Target 96 Inflammation;3027;Target96;H2;LPS 966-BX wk0;SAMPLE;MMP-10;P09238;OID00527;1.514.682;620.609;-0.27894;FALSE;PASS;PASS;0.07955;IPC Normalized;2.0.2;NPX Signature;assay;620.609;-0.27894;0.11059;0.05108
TARGET96;Olink Target 96 Inflammation;3027;Target96;H2;LPS 966-BX wk0;SAMPLE;IL10;P22301;OID00528;1.672.003;731.371;134.323;FALSE;PASS;PASS;0.07955;IPC Normalized;2.0.2;NPX Signature;assay;731.371;134.323;0.11059;0.05108
TARGET96;Olink Target 96 Inflammation;3027;Target96;H2;LPS 966-BX wk0;SAMPLE;TNF;P01375;OID05548;931.363;1.471.925;0.92674;FALSE;PASS;PASS;0.07955;IPC Normalized;2.0.2;NPX Signature;assay;1.471.925;0.92674;0.11059;0.05108
TARGET96;Olink Target 96 Inflammation;3027;Target96;H2;LPS 966-BX wk0;SAMPLE;CCL23;P55773;OID00530;1.947.699;214.166;-0.28231;FALSE;PASS;PASS;0.07955;IPC Normalized;2.0.2;NPX Signature;assay;214.166;-0.28231;0.11059;0.05108
TARGET96;Olink Target 96 Inflammation;3027;Target96;H2;LPS 966-BX wk0;SAMPLE;CD5;P06127;OID00531;1.544.996;533.369;-0.84352;FALSE;PASS;PASS;0.07955;IPC Normalized;2.0.2;NPX Signature;assay;533.369;-0.84352;0.11059;0.05108
TARGET96;Olink Target 96 Inflammation;3027;Target96;H2;LPS 966-BX wk0;SAMPLE;CCL3;P10147;OID00532;815.363;1.250.336;-0.11401;FALSE;PASS;PASS;0.07955;IPC Normalized;2.0.2;NPX Signature;assay;1.250.336;-0.11401;0.11059;0.05108
TARGET96;Olink Target 96 Inflammation;3027;Target96;H2;LPS 966-BX wk0;SAMPLE;Flt3L;P49771;OID00533;2.254.210;368.068;0.29529;FALSE;PASS;PASS;0.07955;IPC Normalized;2.0.2;NPX Signature;assay;368.068;0.29529;0.11059;0.05108
TARGET96;Olink Target 96 Inflammation;3027;Target96;H2;LPS 966-BX wk0;SAMPLE;CXCL6;P80162;OID00534;1.928.153;328.035;0.42501;FALSE;PASS;PASS;0.07955;IPC Normalized;2.0.2;NPX Signature;assay;328.035;0.42501;0.11059;0.05108
TARGET96;Olink Target 96 Inflammation;3027;Target96;H2;LPS 966-BX wk0;SAMPLE;CXCL10;P02778;OID00535;1.352.458;974.302;158.004;FALSE;PASS;PASS;0.07955;IPC Normalized;2.0.2;NPX Signature;assay;974.302;158.004;0.11059;0.05108
TARGET96;Olink Target 96 Inflammation;3027;Target96;H2;LPS 966-BX wk0;SAMPLE;4E-BP1;Q13541;OID00536;1.599.873;368.387;-0.95345;FALSE;PASS;PASS;0.07955;IPC Normalized;2.0.2;NPX Signature;assay;368.387;-0.95345;0.11059;0.05108
TARGET96;Olink Target 96 Inflammation;3027;Target96;H2;LPS 966-BX wk0;SAMPLE;IL-20;Q9NYY1;OID00537;2.084.326;-0.76077;-0.28182;TRUE;PASS;PASS;0.97727;IPC Normalized;2.0.2;NPX Signature;assay;-0.76077;-0.28182;0.11059;0.05108
TARGET96;Olink Target 96 Inflammation;3027;Target96;H2;LPS 966-BX wk0;SAMPLE;SIRT2;Q8IXJ6;OID00538;2.038.833;236.442;116.589;FALSE;PASS;PASS;0.18182;IPC Normalized;2.0.2;NPX Signature;assay;236.442;116.589;0.11059;0.05108
TARGET96;Olink Target 96 Inflammation;3027;Target96;H2;LPS 966-BX wk0;SAMPLE;CCL28;Q9NRJ3;OID00539;2.178.041;-0.86797;-0.70486;TRUE;PASS;PASS;0.85227;IPC Normalized;2.0.2;NPX Signature;assay;-0.86797;-0.70486;0.11059;0.05108
TARGET96;Olink Target 96 Inflammation;3027;Target96;H2;LPS 966-BX wk0;SAMPLE;DNER;Q8NFT8;OID01213;1.863.820;145.110;-0.30062;FALSE;PASS;PASS;0.07955;IPC Normalized;2.0.2;NPX Signature;assay;145.110;-0.30062;0.11059;0.05108
TARGET96;Olink Target 96 Inflammation;3027;Target96;H2;LPS 966-BX wk0;SAMPLE;EN-RAGE;P80511;OID00541;1.588.351;632.178;0.09630;FALSE;PASS;PASS;0.07955;IPC Normalized;2.0.2;NPX Signature;assay;632.178;0.09630;0.11059;0.05108
TARGET96;Olink Target 96 Inflammation;3027;Target96;H2;LPS 966-BX wk0;SAMPLE;CD40;P25942;OID00542;1.605.118;811.073;224.967;FALSE;PASS;PASS;0.07955;IPC Normalized;2.0.2;NPX Signature;assay;811.073;224.967;0.11059;0.05108
TARGET96;Olink Target 96 Inflammation;3027;Target96;H2;LPS 966-BX wk0;SAMPLE;IL33;O95760;OID00543;2.267.093;-0.73745;0.91606;TRUE;PASS;PASS;100.000;IPC Normalized;2.0.2;NPX Signature;assay;-0.73745;0.91606;0.11059;0.05108
TARGET96;Olink Target 96 Inflammation;3027;Target96;H2;LPS 966-BX wk0;SAMPLE;IFN-gamma;P01579;OID05547;923.009;1.634.747;305.868;FALSE;PASS;PASS;0.07955;IPC Normalized;2.0.2;NPX Signature;assay;1.634.747;305.868;0.11059;0.05108
TARGET96;Olink Target 96 Inflammation;3027;Target96;H2;LPS 966-BX wk0;SAMPLE;FGF-19;O95750;OID00545;2.185.785;-157.043;-0.76210;TRUE;PASS;PASS;0.67045;IPC Normalized;2.0.2;NPX Signature;assay;-157.043;-0.76210;0.11059;0.05108
TARGET96;Olink Target 96 Inflammation;3027;Target96;H2;LPS 966-BX wk0;SAMPLE;IL4;P05112;OID00546;2.440.499;-197.066;-102.563;TRUE;PASS;PASS;0.29545;IPC Normalized;2.0.2;NPX Signature;assay;-197.066;-102.563;0.11059;0.05108
TARGET96;Olink Target 96 Inflammation;3027;Target96;H2;LPS 966-BX wk0;SAMPLE;LIF;P15018;OID00547;1.794.091;206.786;-0.79961;FALSE;PASS;PASS;0.07955;IPC Normalized;2.0.2;NPX Signature;assay;206.786;-0.79961;0.11059;0.05108
TARGET96;Olink Target 96 Inflammation;3027;Target96;H2;LPS 966-BX wk0;SAMPLE;NRTN;Q99748;OID00548;2.118.208;-0.68593;-0.41185;TRUE;PASS;PASS;0.97727;IPC Normalized;2.0.2;NPX Signature;assay;-0.68593;-0.41185;0.11059;0.05108
TARGET96;Olink Target 96 Inflammation;3027;Target96;H2;LPS 966-BX wk0;SAMPLE;MCP-2;P80075;OID00549;1.372.654;1.018.488;127.866;FALSE;PASS;PASS;0.07955;IPC Normalized;2.0.2;NPX Signature;assay;1.018.488;127.866;0.11059;0.05108
TARGET96;Olink Target 96 Inflammation;3027;Target96;H2;LPS 966-BX wk0;SAMPLE;CASP-8;Q14790;OID00550;1.637.955;535.690;0.91291;FALSE;PASS;PASS;0.07955;IPC Normalized;2.0.2;NPX Signature;assay;535.690;0.91291;0.11059;0.05108
TARGET96;Olink Target 96 Inflammation;3027;Target96;H2;LPS 966-BX wk0;SAMPLE;CCL25;O15444;OID00551;2.091.509;-0.88090;-0.18758;TRUE;PASS;PASS;0.98864;IPC Normalized;2.0.2;NPX Signature;assay;-0.88090;-0.18758;0.11059;0.05108
TARGET96;Olink Target 96 Inflammation;3027;Target96;H2;LPS 966-BX wk0;SAMPLE;CX3CL1;P78423;OID00552;2.521.207;-171.875;-0.12333;TRUE;PASS;PASS;0.94318;IPC Normalized;2.0.2;NPX Signature;assay;-171.875;-0.12333;0.11059;0.05108
TARGET96;Olink Target 96 Inflammation;3027;Target96;H2;LPS 966-BX wk0;SAMPLE;TNFRSF9;Q07011;OID00553;1.891.493;386.651;0.83400;FALSE;PASS;PASS;0.07955;IPC Normalized;2.0.2;NPX Signature;assay;386.651;0.83400;0.11059;0.05108
TARGET96;Olink Target 96 Inflammation;3027;Target96;H2;LPS 966-BX wk0;SAMPLE;NT-3;P20783;OID00554;2.184.027;0.35072;0.74628;TRUE;PASS;PASS;0.98864;IPC Normalized;2.0.2;NPX Signature;assay;0.35072;0.74628;0.11059;0.05108
TARGET96;Olink Target 96 Inflammation;3027;Target96;H2;LPS 966-BX wk0;SAMPLE;TWEAK;O43508;OID00555;2.112.929;239.580;-182.937;FALSE;PASS;PASS;0.07955;IPC Normalized;2.0.2;NPX Signature;assay;239.580;-182.937;0.11059;0.05108
TARGET96;Olink Target 96 Inflammation;3027;Target96;H2;LPS 966-BX wk0;SAMPLE;CCL20;P78556;OID00556;1.222.274;1.001.824;131.645;FALSE;PASS;PASS;0.07955;IPC Normalized;2.0.2;NPX Signature;assay;1.001.824;131.645;0.11059;0.05108
TARGET96;Olink Target 96 Inflammation;3027;Target96;H2;LPS 966-BX wk0;SAMPLE;ST1A1;P50225;OID00557;1.518.068;782.611;125.003;FALSE;PASS;PASS;0.07955;IPC Normalized;2.0.2;NPX Signature;assay;782.611;125.003;0.11059;0.05108
TARGET96;Olink Target 96 Inflammation;3027;Target96;H2;LPS 966-BX wk0;SAMPLE;STAMBP;O95630;OID00558;1.762.385;353.289;-0.80337;FALSE;PASS;PASS;0.07955;IPC Normalized;2.0.2;NPX Signature;assay;353.289;-0.80337;0.11059;0.05108
TARGET96;Olink Target 96 Inflammation;3027;Target96;H2;LPS 966-BX wk0;SAMPLE;IL5;P05113;OID00559;2.166.972;109.357;142.788;TRUE;PASS;PASS;0.95455;IPC Normalized;2.0.2;NPX Signature;assay;109.357;142.788;0.11059;0.05108
TARGET96;Olink Target 96 Inflammation;3027;Target96;H2;LPS 966-BX wk0;SAMPLE;ADA;P00813;OID00560;1.588.004;583.416;-0.40830;FALSE;PASS;PASS;0.07955;IPC Normalized;2.0.2;NPX Signature;assay;583.416;-0.40830;0.11059;0.05108
TARGET96;Olink Target 96 Inflammation;3027;Target96;H2;LPS 966-BX wk0;SAMPLE;TNFB;P01374;OID00561;2.336.664;0.55110;0.56835;TRUE;PASS;PASS;0.64773;IPC Normalized;2.0.2;NPX Signature;assay;0.55110;0.56835;0.11059;0.05108
TARGET96;Olink Target 96 Inflammation;3027;Target96;H2;LPS 966-BX wk0;SAMPLE;CSF-1;P09603;OID00562;1.948.007;331.514;0.85565;FALSE;PASS;PASS;0.07955;IPC Normalized;2.0.2;NPX Signature;assay;331.514;0.85565;0.11059;0.05108
TARGET96;Olink Target 96 Inflammation;3027;Target96;A3;AWA 307-GI wk0;SAMPLE;IL8;P10145;OID00471;809.164;1.367.594;166.148;FALSE;PASS;PASS;0.07955;IPC Normalized;2.0.2;NPX Signature;assay;1.367.594;166.148;-0.00750;0.04708
TARGET96;Olink Target 96 Inflammation;3027;Target96;A3;AWA 307-GI wk0;SAMPLE;VEGFA;P15692;OID00472;1.459.186;807.289;0.00696;FALSE;PASS;PASS;0.07955;IPC Normalized;2.0.2;NPX Signature;assay;807.289;0.00696;-0.00750;0.04708
TARGET96;Olink Target 96 Inflammation;3027;Target96;A3;AWA 307-GI wk0;SAMPLE;CD8A;P01732;OID05124;1.930.450;186.076;-126.143;FALSE;PASS;PASS;0.07955;IPC Normalized;2.0.2;NPX Signature;assay;186.076;-126.143;-0.00750;0.04708
TARGET96;Olink Target 96 Inflammation;3027;Target96;A3;AWA 307-GI wk0;SAMPLE;Inc Ctrl 1;NA;OID00004;1.259.131;0.12788;0.07730;FALSE;PASS;NA;0.52273;IPC Normalized;2.0.2;NPX Signature;inc_ctrl_1;0.12788;0.07730;-0.00750;0.04708
TARGET96;Olink Target 96 Inflammation;3027;Target96;A3;AWA 307-GI wk0;SAMPLE;MCP-3;P80098;OID00474;1.431.710;942.194;143.285;FALSE;PASS;PASS;0.07955;IPC Normalized;2.0.2;NPX Signature;assay;942.194;143.285;-0.00750;0.04708
TARGET96;Olink Target 96 Inflammation;3027;Target96;A3;AWA 307-GI wk0;SAMPLE;GDNF;P39905;OID00475;2.283.572;0.57337;147.654;TRUE;PASS;PASS;0.97727;IPC Normalized;2.0.2;NPX Signature;assay;0.57337;147.654;-0.00750;0.04708
TARGET96;Olink Target 96 Inflammation;3027;Target96;A3;AWA 307-GI wk0;SAMPLE;CDCP1;Q9H5V8;OID00476;2.274.763;-0.22309;-0.58297;FALSE;PASS;PASS;0.27273;IPC Normalized;2.0.2;NPX Signature;assay;-0.22309;-0.58297;-0.00750;0.04708
TARGET96;Olink Target 96 Inflammation;3027;Target96;A3;AWA 307-GI wk0;SAMPLE;CD244;Q9BZW8;OID00477;1.979.316;325.312;153.762;FALSE;PASS;PASS;0.07955;IPC Normalized;2.0.2;NPX Signature;assay;325.312;153.762;-0.00750;0.04708
TARGET96;Olink Target 96 Inflammation;3027;Target96;A3;AWA 307-GI wk0;SAMPLE;IL7;P13232;OID00478;2.139.822;-135.392;-0.70852;TRUE;PASS;PASS;0.95455;IPC Normalized;2.0.2;NPX Signature;assay;-135.392;-0.70852;-0.00750;0.04708
TARGET96;Olink Target 96 Inflammation;3027;Target96;A3;AWA 307-GI wk0;SAMPLE;OPG;O00300;OID00479;2.087.336;-121.703;-0.81398;TRUE;PASS;PASS;0.15909;IPC Normalized;2.0.2;NPX Signature;assay;-121.703;-0.81398;-0.00750;0.04708
TARGET96;Olink Target 96 Inflammation;3027;Target96;A3;AWA 307-GI wk0;SAMPLE;LAP TGF-beta-1;P01137;OID00480;1.885.129;284.531;-104.297;FALSE;PASS;PASS;0.07955;IPC Normalized;2.0.2;NPX Signature;assay;284.531;-104.297;-0.00750;0.04708
TARGET96;Olink Target 96 Inflammation;3027;Target96;A3;AWA 307-GI wk0;SAMPLE;uPA;P00749;OID00481;1.450.892;517.874;0.11788;FALSE;PASS;PASS;0.07955;IPC Normalized;2.0.2;NPX Signature;assay;517.874;0.11788;-0.00750;0.04708
TARGET96;Olink Target 96 Inflammation;3027;Target96;A3;AWA 307-GI wk0;SAMPLE;IL6;P05231;OID00482;1.130.859;1.024.072;131.223;FALSE;PASS;PASS;0.07955;IPC Normalized;2.0.2;NPX Signature;assay;1.024.072;131.223;-0.00750;0.04708
TARGET96;Olink Target 96 Inflammation;3027;Target96;A3;AWA 307-GI wk0;SAMPLE;IL-17C;Q9P0M4;OID00483;2.170.926;0.26673;105.079;TRUE;PASS;PASS;100.000;IPC Normalized;2.0.2;NPX Signature;assay;0.26673;105.079;-0.00750;0.04708
TARGET96;Olink Target 96 Inflammation;3027;Target96;A3;AWA 307-GI wk0;SAMPLE;MCP-1;P13500;OID00484;850.130;1.388.094;126.065;FALSE;PASS;PASS;0.07955;IPC Normalized;2.0.2;NPX Signature;assay;1.388.094;126.065;-0.00750;0.04708
TARGET96;Olink Target 96 Inflammation;3027;Target96;A3;AWA 307-GI wk0;SAMPLE;IL-17A;Q16552;OID00485;2.306.089;-0.20854;0.57759;TRUE;PASS;PASS;0.84091;IPC Normalized;2.0.2;NPX Signature;assay;-0.20854;0.57759;-0.00750;0.04708
TARGET96;Olink Target 96 Inflammation;3027;Target96;A3;AWA 307-GI wk0;SAMPLE;CXCL11;O14625;OID00486;2.127.030;0.99400;0.12817;FALSE;PASS;PASS;0.09091;IPC Normalized;2.0.2;NPX Signature;assay;0.99400;0.12817;-0.00750;0.04708
TARGET96;Olink Target 96 Inflammation;3027;Target96;A3;AWA 307-GI wk0;SAMPLE;AXIN1;O15169;OID00487;2.005.440;0.87687;-0.49354;FALSE;PASS;PASS;0.12500;IPC Normalized;2.0.2;NPX Signature;assay;0.87687;-0.49354;-0.00750;0.04708
TARGET96;Olink Target 96 Inflammation;3027;Target96;A3;AWA 307-GI wk0;SAMPLE;Ext Ctrl;NA;OID00005;1.416.911;0.00000;0.00000;FALSE;PASS;NA;0.07955;IPC Normalized;2.0.2;NPX Signature;ext_ctrl;0.00000;0.00000;-0.00750;0.04708
TARGET96;Olink Target 96 Inflammation;3027;Target96;A3;AWA 307-GI wk0;SAMPLE;TRAIL;P50591;OID00488;2.112.126;0.49319;-0.15284;FALSE;PASS;PASS;0.07955;IPC Normalized;2.0.2;NPX Signature;assay;0.49319;-0.15284;-0.00750;0.04708
TARGET96;Olink Target 96 Inflammation;3027;Target96;A3;AWA 307-GI wk0;SAMPLE;IL-20RA;Q9UHF4;OID00489;2.144.977;0.28790;104.704;TRUE;PASS;PASS;100.000;IPC Normalized;2.0.2;NPX Signature;assay;0.28790;104.704;-0.00750;0.04708
TARGET96;Olink Target 96 Inflammation;3027;Target96;A3;AWA 307-GI wk0;SAMPLE;CXCL9;Q07325;OID00490;2.138.470;0.06736;0.66560;TRUE;PASS;PASS;0.20455;IPC Normalized;2.0.2;NPX Signature;assay;0.06736;0.66560;-0.00750;0.04708
TARGET96;Olink Target 96 Inflammation;3027;Target96;A3;AWA 307-GI wk0;SAMPLE;CST5;P28325;OID00491;2.377.506;-228.730;-107.592;TRUE;PASS;PASS;0.63636;IPC Normalized;2.0.2;NPX Signature;assay;-228.730;-107.592;-0.00750;0.04708
TARGET96;Olink Target 96 Inflammation;3027;Target96;A3;AWA 307-GI wk0;SAMPLE;IL-2RB;P14784;OID00492;2.274.850;0.43324;165.436;TRUE;PASS;PASS;100.000;IPC Normalized;2.0.2;NPX Signature;assay;0.43324;165.436;-0.00750;0.04708
TARGET96;Olink Target 96 Inflammation;3027;Target96;A3;AWA 307-GI wk0;SAMPLE;IL-1 alpha;P01583;OID00493;1.467.912;583.149;-0.99251;FALSE;PASS;PASS;0.07955;IPC Normalized;2.0.2;NPX Signature;assay;583.149;-0.99251;-0.00750;0.04708
TARGET96;Olink Target 96 Inflammation;3027;Target96;A3;AWA 307-GI wk0;SAMPLE;OSM;P13725;OID00494;1.433.272;766.998;0.16675;FALSE;PASS;PASS;0.07955;IPC Normalized;2.0.2;NPX Signature;assay;766.998;0.16675;-0.00750;0.04708
TARGET96;Olink Target 96 Inflammation;3027;Target96;A3;AWA 307-GI wk0;SAMPLE;IL2;P60568;OID00495;2.151.570;0.90858;128.757;TRUE;PASS;PASS;0.94318;IPC Normalized;2.0.2;NPX Signature;assay;0.90858;128.757;-0.00750;0.04708
TARGET96;Olink Target 96 Inflammation;3027;Target96;A3;AWA 307-GI wk0;SAMPLE;CXCL1;P09341;OID00496;1.173.128;1.312.558;279.881;FALSE;PASS;PASS;0.07955;IPC Normalized;2.0.2;NPX Signature;assay;1.312.558;279.881;-0.00750;0.04708
TARGET96;Olink Target 96 Inflammation;3027;Target96;A3;AWA 307-GI wk0;SAMPLE;TSLP;Q969D9;OID00497;2.460.274;0.10459;0.78329;TRUE;PASS;PASS;0.81818;IPC Normalized;2.0.2;NPX Signature;assay;0.10459;0.78329;-0.00750;0.04708
TARGET96;Olink Target 96 Inflammation;3027;Target96;A3;AWA 307-GI wk0;SAMPLE;CCL4;P13236;OID00498;862.133;1.076.922;-0.42383;FALSE;PASS;PASS;0.07955;IPC Normalized;2.0.2;NPX Signature;assay;1.076.922;-0.42383;-0.00750;0.04708
TARGET96;Olink Target 96 Inflammation;3027;Target96;A3;AWA 307-GI wk0;SAMPLE;CD6;P30203;OID00499;1.892.974;385.784;-0.86517;FALSE;PASS;PASS;0.07955;IPC Normalized;2.0.2;NPX Signature;assay;385.784;-0.86517;-0.00750;0.04708
TARGET96;Olink Target 96 Inflammation;3027;Target96;A3;AWA 307-GI wk0;SAMPLE;SCF;P21583;OID00500;2.252.431;-0.95259;0.19953;TRUE;PASS;PASS;0.96591;IPC Normalized;2.0.2;NPX Signature;assay;-0.95259;0.19953;-0.00750;0.04708
TARGET96;Olink Target 96 Inflammation;3027;Target96;A3;AWA 307-GI wk0;SAMPLE;IL18;Q14116;OID00501;1.885.514;290.291;0.08663;FALSE;PASS;PASS;0.07955;IPC Normalized;2.0.2;NPX Signature;assay;290.291;0.08663;-0.00750;0.04708
TARGET96;Olink Target 96 Inflammation;3027;Target96;A3;AWA 307-GI wk0;SAMPLE;SLAMF1;Q13291;OID00502;2.212.031;123.964;0.76837;FALSE;PASS;PASS;0.81818;IPC Normalized;2.0.2;NPX Signature;assay;123.964;0.76837;-0.00750;0.04708
TARGET96;Olink Target 96 Inflammation;3027;Target96;A3;AWA 307-GI wk0;SAMPLE;TGF-alpha;P01135;OID00503;1.999.031;216.920;-171.917;FALSE;PASS;PASS;0.07955;IPC Normalized;2.0.2;NPX Signature;assay;216.920;-171.917;-0.00750;0.04708
TARGET96;Olink Target 96 Inflammation;3027;Target96;A3;AWA 307-GI wk0;SAMPLE;MCP-4;Q99616;OID00504;1.821.315;741.464;143.956;FALSE;PASS;PASS;0.07955;IPC Normalized;2.0.2;NPX Signature;assay;741.464;143.956;-0.00750;0.04708
TARGET96;Olink Target 96 Inflammation;3027;Target96;A3;AWA 307-GI wk0;SAMPLE;CCL11;P51671;OID00505;2.113.236;-120.163;-0.40053;TRUE;PASS;PASS;0.68182;IPC Normalized;2.0.2;NPX Signature;assay;-120.163;-0.40053;-0.00750;0.04708
TARGET96;Olink Target 96 Inflammation;3027;Target96;A3;AWA 307-GI wk0;SAMPLE;TNFSF14;O43557;OID00506;1.631.254;337.199;-0.44803;FALSE;PASS;PASS;0.07955;IPC Normalized;2.0.2;NPX Signature;assay;337.199;-0.44803;-0.00750;0.04708
TARGET96;Olink Target 96 Inflammation;3027;Target96;A3;AWA 307-GI wk0;SAMPLE;FGF-23;Q9GZV9;OID00507;2.222.074;0.06266;0.91747;TRUE;PASS;PASS;0.96591;IPC Normalized;2.0.2;NPX Signature;assay;0.06266;0.91747;-0.00750;0.04708
TARGET96;Olink Target 96 Inflammation;3027;Target96;A3;AWA 307-GI wk0;SAMPLE;IL-10RA;Q13651;OID00508;2.143.529;-110.458;-0.70231;TRUE;PASS;PASS;0.50000;IPC Normalized;2.0.2;NPX Signature;assay;-110.458;-0.70231;-0.00750;0.04708
TARGET96;Olink Target 96 Inflammation;3027;Target96;A3;AWA 307-GI wk0;SAMPLE;FGF-5;P12034;OID00509;2.124.426;-0.79543;-0.11172;TRUE;PASS;PASS;0.98864;IPC Normalized;2.0.2;NPX Signature;assay;-0.79543;-0.11172;-0.00750;0.04708
TARGET96;Olink Target 96 Inflammation;3027;Target96;A3;AWA 307-GI wk0;SAMPLE;MMP-1;P03956;OID00510;1.777.697;485.892;-0.41038;FALSE;PASS;PASS;0.07955;IPC Normalized;2.0.2;NPX Signature;assay;485.892;-0.41038;-0.00750;0.04708
TARGET96;Olink Target 96 Inflammation;3027;Target96;A3;AWA 307-GI wk0;SAMPLE;LIF-R;P42702;OID00511;2.201.415;-128.013;0.22136;TRUE;PASS;PASS;100.000;IPC Normalized;2.0.2;NPX Signature;assay;-128.013;0.22136;-0.00750;0.04708
TARGET96;Olink Target 96 Inflammation;3027;Target96;A3;AWA 307-GI wk0;SAMPLE;FGF-21;Q9NSA1;OID00512;1.739.458;191.805;-0.44425;FALSE;PASS;PASS;0.07955;IPC Normalized;2.0.2;NPX Signature;assay;191.805;-0.44425;-0.00750;0.04708
TARGET96;Olink Target 96 Inflammation;3027;Target96;A3;AWA 307-GI wk0;SAMPLE;CCL19;Q99731;OID00513;1.906.064;398.491;195.046;FALSE;PASS;PASS;0.07955;IPC Normalized;2.0.2;NPX Signature;assay;398.491;195.046;-0.00750;0.04708
TARGET96;Olink Target 96 Inflammation;3027;Target96;A3;AWA 307-GI wk0;SAMPLE;Inc Ctrl 2;NA;OID00006;1.513.035;-0.21757;-0.10165;TRUE;PASS;NA;0.90909;IPC Normalized;2.0.2;NPX Signature;inc_ctrl_2;-0.21757;-0.10165;-0.00750;0.04708
TARGET96;Olink Target 96 Inflammation;3027;Target96;A3;AWA 307-GI wk0;SAMPLE;Det Ctrl;NA;OID00007;1.000.050;-0.15264;0.01785;TRUE;PASS;NA;0.92045;IPC Normalized;2.0.2;NPX Signature;det_ctrl;-0.15264;0.01785;-0.00750;0.04708
TARGET96;Olink Target 96 Inflammation;3027;Target96;A3;AWA 307-GI wk0;SAMPLE;IL-15RA;Q13261;OID00514;2.238.422;-0.88335;0.09772;TRUE;PASS;PASS;100.000;IPC Normalized;2.0.2;NPX Signature;assay;-0.88335;0.09772;-0.00750;0.04708
TARGET96;Olink Target 96 Inflammation;3027;Target96;A3;AWA 307-GI wk0;SAMPLE;IL-10RB;Q08334;OID00515;2.250.054;-117.874;-0.88484;TRUE;PASS;PASS;0.37500;IPC Normalized;2.0.2;NPX Signature;assay;-117.874;-0.88484;-0.00750;0.04708
TARGET96;Olink Target 96 Inflammation;3027;Target96;A3;AWA 307-GI wk0;SAMPLE;IL-22 RA1;Q8N6P7;OID00516;2.617.882;0.18685;264.114;TRUE;PASS;PASS;0.98864;IPC Normalized;2.0.2;NPX Signature;assay;0.18685;264.114;-0.00750;0.04708
TARGET96;Olink Target 96 Inflammation;3027;Target96;A3;AWA 307-GI wk0;SAMPLE;IL-18R1;Q13478;OID00517;2.080.278;230.059;0.59764;FALSE;PASS;PASS;0.07955;IPC Normalized;2.0.2;NPX Signature;assay;230.059;0.59764;-0.00750;0.04708
TARGET96;Olink Target 96 Inflammation;3027;Target96;A3;AWA 307-GI wk0;SAMPLE;PD-L1;Q9NZQ7;OID00518;2.201.784;294.071;206.434;FALSE;PASS;PASS;0.13636;IPC Normalized;2.0.2;NPX Signature;assay;294.071;206.434;-0.00750;0.04708
TARGET96;Olink Target 96 Inflammation;3027;Target96;A3;AWA 307-GI wk0;SAMPLE;Beta-NGF;P01138;OID00519;1.412.776;-0.61351;-0.17729;TRUE;PASS;PASS;0.85227;IPC Normalized;2.0.2;NPX Signature;assay;-0.61351;-0.17729;-0.00750;0.04708
TARGET96;Olink Target 96 Inflammation;3027;Target96;A3;AWA 307-GI wk0;SAMPLE;CXCL5;P42830;OID00520;1.195.273;1.184.739;130.106;FALSE;PASS;PASS;0.07955;IPC Normalized;2.0.2;NPX Signature;assay;1.184.739;130.106;-0.00750;0.04708
TARGET96;Olink Target 96 Inflammation;3027;Target96;A3;AWA 307-GI wk0;SAMPLE;TRANCE;O14788;OID00521;2.593.411;-280.051;-131.969;TRUE;PASS;PASS;0.11364;IPC Normalized;2.0.2;NPX Signature;assay;-280.051;-131.969;-0.00750;0.04708
TARGET96;Olink Target 96 Inflammation;3027;Target96;A3;AWA 307-GI wk0;SAMPLE;HGF;P14210;OID00522;1.828.983;306.539;0.10249;FALSE;PASS;PASS;0.07955;IPC Normalized;2.0.2;NPX Signature;assay;306.539;0.10249;-0.00750;0.04708
TARGET96;Olink Target 96 Inflammation;3027;Target96;A3;AWA 307-GI wk0;SAMPLE;IL-12B;P29460;OID00523;2.445.187;-189.551;-141.352;TRUE;PASS;PASS;0.15909;IPC Normalized;2.0.2;NPX Signature;assay;-189.551;-141.352;-0.00750;0.04708
TARGET96;Olink Target 96 Inflammation;3027;Target96;A3;AWA 307-GI wk0;SAMPLE;IL-24;Q13007;OID00524;2.575.272;-0.88167;0.61372;TRUE;PASS;PASS;0.81818;IPC Normalized;2.0.2;NPX Signature;assay;-0.88167;0.61372;-0.00750;0.04708
TARGET96;Olink Target 96 Inflammation;3027;Target96;A3;AWA 307-GI wk0;SAMPLE;IL13;P35225;OID00525;2.183.273;-0.07846;120.432;TRUE;PASS;PASS;0.89773;IPC Normalized;2.0.2;NPX Signature;assay;-0.07846;120.432;-0.00750;0.04708
TARGET96;Olink Target 96 Inflammation;3027;Target96;A3;AWA 307-GI wk0;SAMPLE;ARTN;Q5T4W7;OID00526;2.376.908;-0.54967;0.58766;TRUE;PASS;PASS;0.84091;IPC Normalized;2.0.2;NPX Signature;assay;-0.54967;0.58766;-0.00750;0.04708
TARGET96;Olink Target 96 Inflammation;3027;Target96;A3;AWA 307-GI wk0;SAMPLE;MMP-10;P09238;OID00527;1.885.739;243.286;-0.27894;FALSE;PASS;PASS;0.07955;IPC Normalized;2.0.2;NPX Signature;assay;243.286;-0.27894;-0.00750;0.04708
TARGET96;Olink Target 96 Inflammation;3027;Target96;A3;AWA 307-GI wk0;SAMPLE;IL10;P22301;OID00528;1.971.966;425.142;134.323;FALSE;PASS;PASS;0.07955;IPC Normalized;2.0.2;NPX Signature;assay;425.142;134.323;-0.00750;0.04708
TARGET96;Olink Target 96 Inflammation;3027;Target96;A3;AWA 307-GI wk0;SAMPLE;TNF;P01375;OID05548;1.768.930;628.092;0.92674;FALSE;PASS;PASS;0.07955;IPC Normalized;2.0.2;NPX Signature;assay;628.092;0.92674;-0.00750;0.04708
TARGET96;Olink Target 96 Inflammation;3027;Target96;A3;AWA 307-GI wk0;SAMPLE;CCL23;P55773;OID00530;1.998.200;157.399;-0.28231;FALSE;PASS;PASS;0.07955;IPC Normalized;2.0.2;NPX Signature;assay;157.399;-0.28231;-0.00750;0.04708
TARGET96;Olink Target 96 Inflammation;3027;Target96;A3;AWA 307-GI wk0;SAMPLE;CD5;P06127;OID00531;1.512.431;559.667;-0.84352;FALSE;PASS;PASS;0.07955;IPC Normalized;2.0.2;NPX Signature;assay;559.667;-0.84352;-0.00750;0.04708
TARGET96;Olink Target 96 Inflammation;3027;Target96;A3;AWA 307-GI wk0;SAMPLE;CCL3;P10147;OID00532;907.041;1.152.392;-0.11401;FALSE;PASS;PASS;0.07955;IPC Normalized;2.0.2;NPX Signature;assay;1.152.392;-0.11401;-0.00750;0.04708
TARGET96;Olink Target 96 Inflammation;3027;Target96;A3;AWA 307-GI wk0;SAMPLE;Flt3L;P49771;OID00533;2.306.278;309.734;0.29529;FALSE;PASS;PASS;0.07955;IPC Normalized;2.0.2;NPX Signature;assay;309.734;0.29529;-0.00750;0.04708
TARGET96;Olink Target 96 Inflammation;3027;Target96;A3;AWA 307-GI wk0;SAMPLE;CXCL6;P80162;OID00534;1.781.775;468.147;0.42501;FALSE;PASS;PASS;0.07955;IPC Normalized;2.0.2;NPX Signature;assay;468.147;0.42501;-0.00750;0.04708
TARGET96;Olink Target 96 Inflammation;3027;Target96;A3;AWA 307-GI wk0;SAMPLE;CXCL10;P02778;OID00535;1.970.586;349.907;158.004;FALSE;PASS;PASS;0.07955;IPC Normalized;2.0.2;NPX Signature;assay;349.907;158.004;-0.00750;0.04708
TARGET96;Olink Target 96 Inflammation;3027;Target96;A3;AWA 307-GI wk0;SAMPLE;4E-BP1;Q13541;OID00536;1.654.406;307.587;-0.95345;FALSE;PASS;PASS;0.07955;IPC Normalized;2.0.2;NPX Signature;assay;307.587;-0.95345;-0.00750;0.04708
TARGET96;Olink Target 96 Inflammation;3027;Target96;A3;AWA 307-GI wk0;SAMPLE;IL-20;Q9NYY1;OID00537;2.112.523;-110.540;-0.28182;TRUE;PASS;PASS;0.97727;IPC Normalized;2.0.2;NPX Signature;assay;-110.540;-0.28182;-0.00750;0.04708
TARGET96;Olink Target 96 Inflammation;3027;Target96;A3;AWA 307-GI wk0;SAMPLE;SIRT2;Q8IXJ6;OID00538;2.014.414;254.595;116.589;FALSE;PASS;PASS;0.18182;IPC Normalized;2.0.2;NPX Signature;assay;254.595;116.589;-0.00750;0.04708
TARGET96;Olink Target 96 Inflammation;3027;Target96;A3;AWA 307-GI wk0;SAMPLE;CCL28;Q9NRJ3;OID00539;2.216.713;-131.735;-0.70486;TRUE;PASS;PASS;0.85227;IPC Normalized;2.0.2;NPX Signature;assay;-131.735;-0.70486;-0.00750;0.04708
TARGET96;Olink Target 96 Inflammation;3027;Target96;A3;AWA 307-GI wk0;SAMPLE;DNER;Q8NFT8;OID01213;1.831.934;170.729;-0.30062;FALSE;PASS;PASS;0.07955;IPC Normalized;2.0.2;NPX Signature;assay;170.729;-0.30062;-0.00750;0.04708
TARGET96;Olink Target 96 Inflammation;3027;Target96;A3;AWA 307-GI wk0;SAMPLE;EN-RAGE;P80511;OID00541;1.739.778;474.484;0.09630;FALSE;PASS;PASS;0.07955;IPC Normalized;2.0.2;NPX Signature;assay;474.484;0.09630;-0.00750;0.04708
TARGET96;Olink Target 96 Inflammation;3027;Target96;A3;AWA 307-GI wk0;SAMPLE;CD40;P25942;OID00542;1.661.762;748.163;224.967;FALSE;PASS;PASS;0.07955;IPC Normalized;2.0.2;NPX Signature;assay;748.163;224.967;-0.00750;0.04708
TARGET96;Olink Target 96 Inflammation;3027;Target96;A3;AWA 307-GI wk0;SAMPLE;IL33;O95760;OID00543;2.229.826;-0.42744;0.91606;TRUE;PASS;PASS;100.000;IPC Normalized;2.0.2;NPX Signature;assay;-0.42744;0.91606;-0.00750;0.04708
TARGET96;Olink Target 96 Inflammation;3027;Target96;A3;AWA 307-GI wk0;SAMPLE;IFN-gamma;P01579;OID05547;1.986.855;564.635;305.868;FALSE;PASS;PASS;0.07955;IPC Normalized;2.0.2;NPX Signature;assay;564.635;305.868;-0.00750;0.04708
TARGET96;Olink Target 96 Inflammation;3027;Target96;A3;AWA 307-GI wk0;SAMPLE;FGF-19;O95750;OID00545;2.123.901;-101.426;-0.76210;TRUE;PASS;PASS;0.67045;IPC Normalized;2.0.2;NPX Signature;assay;-101.426;-0.76210;-0.00750;0.04708
TARGET96;Olink Target 96 Inflammation;3027;Target96;A3;AWA 307-GI wk0;SAMPLE;IL4;P05112;OID00546;2.291.098;-0.53931;-102.563;FALSE;PASS;PASS;0.29545;IPC Normalized;2.0.2;NPX Signature;assay;-0.53931;-102.563;-0.00750;0.04708
TARGET96;Olink Target 96 Inflammation;3027;Target96;A3;AWA 307-GI wk0;SAMPLE;LIF;P15018;OID00547;1.928.449;0.66161;-0.79961;FALSE;PASS;PASS;0.07955;IPC Normalized;2.0.2;NPX Signature;assay;0.66161;-0.79961;-0.00750;0.04708
TARGET96;Olink Target 96 Inflammation;3027;Target96;A3;AWA 307-GI wk0;SAMPLE;NRTN;Q99748;OID00548;2.147.875;-104.526;-0.41185;TRUE;PASS;PASS;0.97727;IPC Normalized;2.0.2;NPX Signature;assay;-104.526;-0.41185;-0.00750;0.04708
TARGET96;Olink Target 96 Inflammation;3027;Target96;A3;AWA 307-GI wk0;SAMPLE;MCP-2;P80075;OID00549;1.836.486;548.389;127.866;FALSE;PASS;PASS;0.07955;IPC Normalized;2.0.2;NPX Signature;assay;548.389;127.866;-0.00750;0.04708
TARGET96;Olink Target 96 Inflammation;3027;Target96;A3;AWA 307-GI wk0;SAMPLE;CASP-8;Q14790;OID00550;1.677.766;489.613;0.91291;FALSE;PASS;PASS;0.07955;IPC Normalized;2.0.2;NPX Signature;assay;489.613;0.91291;-0.00750;0.04708
TARGET96;Olink Target 96 Inflammation;3027;Target96;A3;AWA 307-GI wk0;SAMPLE;CCL25;O15444;OID00551;2.135.199;-138.046;-0.18758;TRUE;PASS;PASS;0.98864;IPC Normalized;2.0.2;NPX Signature;assay;-138.046;-0.18758;-0.00750;0.04708
TARGET96;Olink Target 96 Inflammation;3027;Target96;A3;AWA 307-GI wk0;SAMPLE;CX3CL1;P78423;OID00552;2.561.428;-218.362;-0.12333;TRUE;PASS;PASS;0.94318;IPC Normalized;2.0.2;NPX Signature;assay;-218.362;-0.12333;-0.00750;0.04708
TARGET96;Olink Target 96 Inflammation;3027;Target96;A3;AWA 307-GI wk0;SAMPLE;TNFRSF9;Q07011;OID00553;2.080.038;191.839;0.83400;FALSE;PASS;PASS;0.07955;IPC Normalized;2.0.2;NPX Signature;assay;191.839;0.83400;-0.00750;0.04708
TARGET96;Olink Target 96 Inflammation;3027;Target96;A3;AWA 307-GI wk0;SAMPLE;NT-3;P20783;OID00554;2.192.275;0.20557;0.74628;TRUE;PASS;PASS;0.98864;IPC Normalized;2.0.2;NPX Signature;assay;0.20557;0.74628;-0.00750;0.04708
TARGET96;Olink Target 96 Inflammation;3027;Target96;A3;AWA 307-GI wk0;SAMPLE;TWEAK;O43508;OID00555;2.060.194;286.049;-182.937;FALSE;PASS;PASS;0.07955;IPC Normalized;2.0.2;NPX Signature;assay;286.049;-182.937;-0.00750;0.04708
TARGET96;Olink Target 96 Inflammation;3027;Target96;A3;AWA 307-GI wk0;SAMPLE;CCL20;P78556;OID00556;1.668.222;549.610;131.645;FALSE;PASS;PASS;0.07955;IPC Normalized;2.0.2;NPX Signature;assay;549.610;131.645;-0.00750;0.04708
TARGET96;Olink Target 96 Inflammation;3027;Target96;A3;AWA 307-GI wk0;SAMPLE;ST1A1;P50225;OID00557;1.671.226;623.186;125.003;FALSE;PASS;PASS;0.07955;IPC Normalized;2.0.2;NPX Signature;assay;623.186;125.003;-0.00750;0.04708
TARGET96;Olink Target 96 Inflammation;3027;Target96;A3;AWA 307-GI wk0;SAMPLE;STAMBP;O95630;OID00558;1.739.060;370.348;-0.80337;FALSE;PASS;PASS;0.07955;IPC Normalized;2.0.2;NPX Signature;assay;370.348;-0.80337;-0.00750;0.04708
TARGET96;Olink Target 96 Inflammation;3027;Target96;A3;AWA 307-GI wk0;SAMPLE;IL5;P05113;OID00559;2.311.839;-0.41776;142.788;TRUE;PASS;PASS;0.95455;IPC Normalized;2.0.2;NPX Signature;assay;-0.41776;142.788;-0.00750;0.04708
TARGET96;Olink Target 96 Inflammation;3027;Target96;A3;AWA 307-GI wk0;SAMPLE;ADA;P00813;OID00560;1.639.610;525.544;-0.40830;FALSE;PASS;PASS;0.07955;IPC Normalized;2.0.2;NPX Signature;assay;525.544;-0.40830;-0.00750;0.04708
TARGET96;Olink Target 96 Inflammation;3027;Target96;A3;AWA 307-GI wk0;SAMPLE;TNFB;P01374;OID00561;2.378.971;0.06537;0.56835;TRUE;PASS;PASS;0.64773;IPC Normalized;2.0.2;NPX Signature;assay;0.06537;0.56835;-0.00750;0.04708
TARGET96;Olink Target 96 Inflammation;3027;Target96;A3;AWA 307-GI wk0;SAMPLE;CSF-1;P09603;OID00562;2.094.663;178.592;0.85565;FALSE;PASS;PASS;0.07955;IPC Normalized;2.0.2;NPX Signature;assay;178.592;0.85565;-0.00750;0.04708
TARGET96;Olink Target 96 Inflammation;3027;Target96;B3;MED 681-YR wk22;SAMPLE;IL8;P10145;OID00471;819.775;1.339.137;166.148;FALSE;PASS;PASS;0.07955;IPC Normalized;2.0.2;NPX Signature;assay;1.339.137;166.148;-0.18470;-0.17359
TARGET96;Olink Target 96 Inflammation;3027;Target96;B3;MED 681-YR wk22;SAMPLE;VEGFA;P15692;OID00472;1.412.061;836.569;0.00696;FALSE;PASS;PASS;0.07955;IPC Normalized;2.0.2;NPX Signature;assay;836.569;0.00696;-0.18470;-0.17359
TARGET96;Olink Target 96 Inflammation;3027;Target96;B3;MED 681-YR wk22;SAMPLE;CD8A;P01732;OID05124;1.920.595;178.087;-126.143;FALSE;PASS;PASS;0.07955;IPC Normalized;2.0.2;NPX Signature;assay;178.087;-126.143;-0.18470;-0.17359
TARGET96;Olink Target 96 Inflammation;3027;Target96;B3;MED 681-YR wk22;SAMPLE;Inc Ctrl 1;NA;OID00004;1.263.354;-0.09280;0.07730;TRUE;PASS;NA;0.52273;IPC Normalized;2.0.2;NPX Signature;inc_ctrl_1;-0.09280;0.07730;-0.18470;-0.17359
TARGET96;Olink Target 96 Inflammation;3027;Target96;B3;MED 681-YR wk22;SAMPLE;MCP-3;P80098;OID00474;1.753.874;602.185;143.285;FALSE;PASS;PASS;0.07955;IPC Normalized;2.0.2;NPX Signature;assay;602.185;143.285;-0.18470;-0.17359
TARGET96;Olink Target 96 Inflammation;3027;Target96;B3;MED 681-YR wk22;SAMPLE;GDNF;P39905;OID00475;2.317.385;0.05678;147.654;TRUE;PASS;PASS;0.97727;IPC Normalized;2.0.2;NPX Signature;assay;0.05678;147.654;-0.18470;-0.17359
TARGET96;Olink Target 96 Inflammation;3027;Target96;B3;MED 681-YR wk22;SAMPLE;CDCP1;Q9H5V8;OID00476;2.271.912;-0.37303;-0.58297;FALSE;PASS;PASS;0.27273;IPC Normalized;2.0.2;NPX Signature;assay;-0.37303;-0.58297;-0.18470;-0.17359
TARGET96;Olink Target 96 Inflammation;3027;Target96;B3;MED 681-YR wk22;SAMPLE;CD244;Q9BZW8;OID00477;1.894.124;392.660;153.762;FALSE;PASS;PASS;0.07955;IPC Normalized;2.0.2;NPX Signature;assay;392.660;153.762;-0.18470;-0.17359
TARGET96;Olink Target 96 Inflammation;3027;Target96;B3;MED 681-YR wk22;SAMPLE;IL7;P13232;OID00478;2.184.997;-198.412;-0.70852;TRUE;PASS;PASS;0.95455;IPC Normalized;2.0.2;NPX Signature;assay;-198.412;-0.70852;-0.18470;-0.17359
TARGET96;Olink Target 96 Inflammation;3027;Target96;B3;MED 681-YR wk22;SAMPLE;OPG;O00300;OID00479;2.075.397;-127.609;-0.81398;TRUE;PASS;PASS;0.15909;IPC Normalized;2.0.2;NPX Signature;assay;-127.609;-0.81398;-0.18470;-0.17359
TARGET96;Olink Target 96 Inflammation;3027;Target96;B3;MED 681-YR wk22;SAMPLE;LAP TGF-beta-1;P01137;OID00480;1.997.444;154.371;-104.297;FALSE;PASS;PASS;0.07955;IPC Normalized;2.0.2;NPX Signature;assay;154.371;-104.297;-0.18470;-0.17359
TARGET96;Olink Target 96 Inflammation;3027;Target96;B3;MED 681-YR wk22;SAMPLE;uPA;P00749;OID00481;1.458.258;492.663;0.11788;FALSE;PASS;PASS;0.07955;IPC Normalized;2.0.2;NPX Signature;assay;492.663;0.11788;-0.18470;-0.17359
TARGET96;Olink Target 96 Inflammation;3027;Target96;B3;MED 681-YR wk22;SAMPLE;IL6;P05231;OID00482;1.008.786;1.128.300;131.223;FALSE;PASS;PASS;0.07955;IPC Normalized;2.0.2;NPX Signature;assay;1.128.300;131.223;-0.18470;-0.17359
TARGET96;Olink Target 96 Inflammation;3027;Target96;B3;MED 681-YR wk22;SAMPLE;IL-17C;Q9P0M4;OID00483;2.230.056;-0.50302;105.079;TRUE;PASS;PASS;100.000;IPC Normalized;2.0.2;NPX Signature;assay;-0.50302;105.079;-0.18470;-0.17359
TARGET96;Olink Target 96 Inflammation;3027;Target96;B3;MED 681-YR wk22;SAMPLE;MCP-1;P13500;OID00484;1.146.048;1.074.331;126.065;FALSE;PASS;PASS;0.07955;IPC Normalized;2.0.2;NPX Signature;assay;1.074.331;126.065;-0.18470;-0.17359
TARGET96;Olink Target 96 Inflammation;3027;Target96;B3;MED 681-YR wk22;SAMPLE;IL-17A;Q16552;OID00485;2.343.297;-0.75908;0.57759;TRUE;PASS;PASS;0.84091;IPC Normalized;2.0.2;NPX Signature;assay;-0.75908;0.57759;-0.18470;-0.17359
TARGET96;Olink Target 96 Inflammation;3027;Target96;B3;MED 681-YR wk22;SAMPLE;CXCL11;O14625;OID00486;2.002.446;206.139;0.12817;FALSE;PASS;PASS;0.09091;IPC Normalized;2.0.2;NPX Signature;assay;206.139;0.12817;-0.18470;-0.17359
TARGET96;Olink Target 96 Inflammation;3027;Target96;B3;MED 681-YR wk22;SAMPLE;AXIN1;O15169;OID00487;2.124.316;-0.49034;-0.49354;FALSE;PASS;PASS;0.12500;IPC Normalized;2.0.2;NPX Signature;assay;-0.49034;-0.49354;-0.18470;-0.17359
TARGET96;Olink Target 96 Inflammation;3027;Target96;B3;MED 681-YR wk22;SAMPLE;Ext Ctrl;NA;OID00005;1.399.066;0.00000;0.00000;FALSE;PASS;NA;0.07955;IPC Normalized;2.0.2;NPX Signature;ext_ctrl;0.00000;0.00000;-0.18470;-0.17359
TARGET96;Olink Target 96 Inflammation;3027;Target96;B3;MED 681-YR wk22;SAMPLE;TRAIL;P50591;OID00488;1.996.833;146.766;-0.15284;FALSE;PASS;PASS;0.07955;IPC Normalized;2.0.2;NPX Signature;assay;146.766;-0.15284;-0.18470;-0.17359
TARGET96;Olink Target 96 Inflammation;3027;Target96;B3;MED 681-YR wk22;SAMPLE;IL-20RA;Q9UHF4;OID00489;2.163.177;-0.07255;104.704;TRUE;PASS;PASS;100.000;IPC Normalized;2.0.2;NPX Signature;assay;-0.07255;104.704;-0.18470;-0.17359
TARGET96;Olink Target 96 Inflammation;3027;Target96;B3;MED 681-YR wk22;SAMPLE;CXCL9;Q07325;OID00490;1.799.539;327.822;0.66560;FALSE;PASS;PASS;0.20455;IPC Normalized;2.0.2;NPX Signature;assay;327.822;0.66560;-0.18470;-0.17359
TARGET96;Olink Target 96 Inflammation;3027;Target96;B3;MED 681-YR wk22;SAMPLE;CST5;P28325;OID00491;2.263.922;-132.992;-107.592;TRUE;PASS;PASS;0.63636;IPC Normalized;2.0.2;NPX Signature;assay;-132.992;-107.592;-0.18470;-0.17359
TARGET96;Olink Target 96 Inflammation;3027;Target96;B3;MED 681-YR wk22;SAMPLE;IL-2RB;P14784;OID00492;2.316.734;-0.16405;165.436;TRUE;PASS;PASS;100.000;IPC Normalized;2.0.2;NPX Signature;assay;-0.16405;165.436;-0.18470;-0.17359
TARGET96;Olink Target 96 Inflammation;3027;Target96;B3;MED 681-YR wk22;SAMPLE;IL-1 alpha;P01583;OID00493;1.683.632;349.584;-0.99251;FALSE;PASS;PASS;0.07955;IPC Normalized;2.0.2;NPX Signature;assay;349.584;-0.99251;-0.18470;-0.17359
TARGET96;Olink Target 96 Inflammation;3027;Target96;B3;MED 681-YR wk22;SAMPLE;OSM;P13725;OID00494;1.354.782;827.643;0.16675;FALSE;PASS;PASS;0.07955;IPC Normalized;2.0.2;NPX Signature;assay;827.643;0.16675;-0.18470;-0.17359
TARGET96;Olink Target 96 Inflammation;3027;Target96;B3;MED 681-YR wk22;SAMPLE;IL2;P60568;OID00495;2.209.439;0.15144;128.757;TRUE;PASS;PASS;0.94318;IPC Normalized;2.0.2;NPX Signature;assay;0.15144;128.757;-0.18470;-0.17359
TARGET96;Olink Target 96 Inflammation;3027;Target96;B3;MED 681-YR wk22;SAMPLE;CXCL1;P09341;OID00496;1.186.707;1.281.133;279.881;FALSE;PASS;PASS;0.07955;IPC Normalized;2.0.2;NPX Signature;assay;1.281.133;279.881;-0.18470;-0.17359
TARGET96;Olink Target 96 Inflammation;3027;Target96;B3;MED 681-YR wk22;SAMPLE;TSLP;Q969D9;OID00497;2.546.926;-0.94038;0.78329;TRUE;PASS;PASS;0.81818;IPC Normalized;2.0.2;NPX Signature;assay;-0.94038;0.78329;-0.18470;-0.17359
TARGET96;Olink Target 96 Inflammation;3027;Target96;B3;MED 681-YR wk22;SAMPLE;CCL4;P13236;OID00498;842.092;1.079.117;-0.42383;FALSE;PASS;PASS;0.07955;IPC Normalized;2.0.2;NPX Signature;assay;1.079.117;-0.42383;-0.18470;-0.17359
TARGET96;Olink Target 96 Inflammation;3027;Target96;B3;MED 681-YR wk22;SAMPLE;CD6;P30203;OID00499;1.885.794;375.119;-0.86517;FALSE;PASS;PASS;0.07955;IPC Normalized;2.0.2;NPX Signature;assay;375.119;-0.86517;-0.18470;-0.17359
TARGET96;Olink Target 96 Inflammation;3027;Target96;B3;MED 681-YR wk22;SAMPLE;SCF;P21583;OID00500;2.246.862;-107.535;0.19953;TRUE;PASS;PASS;0.96591;IPC Normalized;2.0.2;NPX Signature;assay;-107.535;0.19953;-0.18470;-0.17359
TARGET96;Olink Target 96 Inflammation;3027;Target96;B3;MED 681-YR wk22;SAMPLE;IL18;Q14116;OID00501;1.872.830;285.131;0.08663;FALSE;PASS;PASS;0.07955;IPC Normalized;2.0.2;NPX Signature;assay;285.131;0.08663;-0.18470;-0.17359
TARGET96;Olink Target 96 Inflammation;3027;Target96;B3;MED 681-YR wk22;SAMPLE;SLAMF1;Q13291;OID00502;2.371.934;-0.53784;0.76837;TRUE;PASS;PASS;0.81818;IPC Normalized;2.0.2;NPX Signature;assay;-0.53784;0.76837;-0.18470;-0.17359
TARGET96;Olink Target 96 Inflammation;3027;Target96;B3;MED 681-YR wk22;SAMPLE;TGF-alpha;P01135;OID00503;2.016.778;181.329;-171.917;FALSE;PASS;PASS;0.07955;IPC Normalized;2.0.2;NPX Signature;assay;181.329;-171.917;-0.18470;-0.17359
TARGET96;Olink Target 96 Inflammation;3027;Target96;B3;MED 681-YR wk22;SAMPLE;MCP-4;Q99616;OID00504;2.022.796;522.138;143.956;FALSE;PASS;PASS;0.07955;IPC Normalized;2.0.2;NPX Signature;assay;522.138;143.956;-0.18470;-0.17359
TARGET96;Olink Target 96 Inflammation;3027;Target96;B3;MED 681-YR wk22;SAMPLE;CCL11;P51671;OID00505;2.088.547;-113.320;-0.40053;TRUE;PASS;PASS;0.68182;IPC Normalized;2.0.2;NPX Signature;assay;-113.320;-0.40053;-0.18470;-0.17359
TARGET96;Olink Target 96 Inflammation;3027;Target96;B3;MED 681-YR wk22;SAMPLE;TNFSF14;O43557;OID00506;1.481.153;469.456;-0.44803;FALSE;PASS;PASS;0.07955;IPC Normalized;2.0.2;NPX Signature;assay;469.456;-0.44803;-0.18470;-0.17359
TARGET96;Olink Target 96 Inflammation;3027;Target96;B3;MED 681-YR wk22;SAMPLE;FGF-23;Q9GZV9;OID00507;2.277.496;-0.67000;0.91747;TRUE;PASS;PASS;0.96591;IPC Normalized;2.0.2;NPX Signature;assay;-0.67000;0.91747;-0.18470;-0.17359
TARGET96;Olink Target 96 Inflammation;3027;Target96;B3;MED 681-YR wk22;SAMPLE;IL-10RA;Q13651;OID00508;2.125.634;-110.408;-0.70231;TRUE;PASS;PASS;0.50000;IPC Normalized;2.0.2;NPX Signature;assay;-110.408;-0.70231;-0.18470;-0.17359
TARGET96;Olink Target 96 Inflammation;3027;Target96;B3;MED 681-YR wk22;SAMPLE;FGF-5;P12034;OID00509;2.120.325;-0.93286;-0.11172;TRUE;PASS;PASS;0.98864;IPC Normalized;2.0.2;NPX Signature;assay;-0.93286;-0.11172;-0.18470;-0.17359
TARGET96;Olink Target 96 Inflammation;3027;Target96;B3;MED 681-YR wk22;SAMPLE;MMP-1;P03956;OID00510;1.667.806;577.938;-0.41038;FALSE;PASS;PASS;0.07955;IPC Normalized;2.0.2;NPX Signature;assay;577.938;-0.41038;-0.18470;-0.17359
TARGET96;Olink Target 96 Inflammation;3027;Target96;B3;MED 681-YR wk22;SAMPLE;LIF-R;P42702;OID00511;2.171.760;-116.203;0.22136;TRUE;PASS;PASS;100.000;IPC Normalized;2.0.2;NPX Signature;assay;-116.203;0.22136;-0.18470;-0.17359
TARGET96;Olink Target 96 Inflammation;3027;Target96;B3;MED 681-YR wk22;SAMPLE;FGF-21;Q9NSA1;OID00512;1.773.831;139.587;-0.44425;FALSE;PASS;PASS;0.07955;IPC Normalized;2.0.2;NPX Signature;assay;139.587;-0.44425;-0.18470;-0.17359
TARGET96;Olink Target 96 Inflammation;3027;Target96;B3;MED 681-YR wk22;SAMPLE;CCL19;Q99731;OID00513;1.969.009;317.700;195.046;FALSE;PASS;PASS;0.07955;IPC Normalized;2.0.2;NPX Signature;assay;317.700;195.046;-0.18470;-0.17359
TARGET96;Olink Target 96 Inflammation;3027;Target96;B3;MED 681-YR wk22;SAMPLE;Inc Ctrl 2;NA;OID00006;1.506.993;-0.33560;-0.10165;TRUE;PASS;NA;0.90909;IPC Normalized;2.0.2;NPX Signature;inc_ctrl_2;-0.33560;-0.10165;-0.18470;-0.17359
TARGET96;Olink Target 96 Inflammation;3027;Target96;B3;MED 681-YR wk22;SAMPLE;Det Ctrl;NA;OID00007;999.924;-0.32984;0.01785;TRUE;PASS;NA;0.92045;IPC Normalized;2.0.2;NPX Signature;det_ctrl;-0.32984;0.01785;-0.18470;-0.17359
TARGET96;Olink Target 96 Inflammation;3027;Target96;B3;MED 681-YR wk22;SAMPLE;IL-15RA;Q13261;OID00514;2.277.245;-145.002;0.09772;TRUE;PASS;PASS;100.000;IPC Normalized;2.0.2;NPX Signature;assay;-145.002;0.09772;-0.18470;-0.17359
TARGET96;Olink Target 96 Inflammation;3027;Target96;B3;MED 681-YR wk22;SAMPLE;IL-10RB;Q08334;OID00515;2.223.776;-109.441;-0.88484;TRUE;PASS;PASS;0.37500;IPC Normalized;2.0.2;NPX Signature;assay;-109.441;-0.88484;-0.18470;-0.17359
TARGET96;Olink Target 96 Inflammation;3027;Target96;B3;MED 681-YR wk22;SAMPLE;IL-22 RA1;Q8N6P7;OID00516;2.483.292;135.429;264.114;TRUE;PASS;PASS;0.98864;IPC Normalized;2.0.2;NPX Signature;assay;135.429;264.114;-0.18470;-0.17359
TARGET96;Olink Target 96 Inflammation;3027;Target96;B3;MED 681-YR wk22;SAMPLE;IL-18R1;Q13478;OID00517;1.928.744;363.748;0.59764;FALSE;PASS;PASS;0.07955;IPC Normalized;2.0.2;NPX Signature;assay;363.748;0.59764;-0.18470;-0.17359
TARGET96;Olink Target 96 Inflammation;3027;Target96;B3;MED 681-YR wk22;SAMPLE;PD-L1;Q9NZQ7;OID00518;2.274.710;203.300;206.434;TRUE;PASS;PASS;0.13636;IPC Normalized;2.0.2;NPX Signature;assay;203.300;206.434;-0.18470;-0.17359
TARGET96;Olink Target 96 Inflammation;3027;Target96;B3;MED 681-YR wk22;SAMPLE;Beta-NGF;P01138;OID00519;1.423.620;-0.90039;-0.17729;TRUE;PASS;PASS;0.85227;IPC Normalized;2.0.2;NPX Signature;assay;-0.90039;-0.17729;-0.18470;-0.17359
TARGET96;Olink Target 96 Inflammation;3027;Target96;B3;MED 681-YR wk22;SAMPLE;CXCL5;P42830;OID00520;1.206.705;1.155.462;130.106;FALSE;PASS;PASS;0.07955;IPC Normalized;2.0.2;NPX Signature;assay;1.155.462;130.106;-0.18470;-0.17359
TARGET96;Olink Target 96 Inflammation;3027;Target96;B3;MED 681-YR wk22;SAMPLE;TRANCE;O14788;OID00521;2.197.925;0.97590;-131.969;FALSE;PASS;PASS;0.11364;IPC Normalized;2.0.2;NPX Signature;assay;0.97590;-131.969;-0.18470;-0.17359
TARGET96;Olink Target 96 Inflammation;3027;Target96;B3;MED 681-YR wk22;SAMPLE;HGF;P14210;OID00522;1.709.214;408.463;0.10249;FALSE;PASS;PASS;0.07955;IPC Normalized;2.0.2;NPX Signature;assay;408.463;0.10249;-0.18470;-0.17359
TARGET96;Olink Target 96 Inflammation;3027;Target96;B3;MED 681-YR wk22;SAMPLE;IL-12B;P29460;OID00523;2.385.317;-147.527;-141.352;TRUE;PASS;PASS;0.15909;IPC Normalized;2.0.2;NPX Signature;assay;-147.527;-141.352;-0.18470;-0.17359
TARGET96;Olink Target 96 Inflammation;3027;Target96;B3;MED 681-YR wk22;SAMPLE;IL-24;Q13007;OID00524;2.514.887;-0.45628;0.61372;TRUE;PASS;PASS;0.81818;IPC Normalized;2.0.2;NPX Signature;assay;-0.45628;0.61372;-0.18470;-0.17359
TARGET96;Olink Target 96 Inflammation;3027;Target96;B3;MED 681-YR wk22;SAMPLE;IL13;P35225;OID00525;2.212.368;-0.54786;120.432;TRUE;PASS;PASS;0.89773;IPC Normalized;2.0.2;NPX Signature;assay;-0.54786;120.432;-0.18470;-0.17359
TARGET96;Olink Target 96 Inflammation;3027;Target96;B3;MED 681-YR wk22;SAMPLE;ARTN;Q5T4W7;OID00526;2.329.722;-0.25627;0.58766;TRUE;PASS;PASS;0.84091;IPC Normalized;2.0.2;NPX Signature;assay;-0.25627;0.58766;-0.18470;-0.17359
TARGET96;Olink Target 96 Inflammation;3027;Target96;B3;MED 681-YR wk22;SAMPLE;MMP-10;P09238;OID00527;1.940.587;170.593;-0.27894;FALSE;PASS;PASS;0.07955;IPC Normalized;2.0.2;NPX Signature;assay;170.593;-0.27894;-0.18470;-0.17359
TARGET96;Olink Target 96 Inflammation;3027;Target96;B3;MED 681-YR wk22;SAMPLE;IL10;P22301;OID00528;1.936.919;442.344;134.323;FALSE;PASS;PASS;0.07955;IPC Normalized;2.0.2;NPX Signature;assay;442.344;134.323;-0.18470;-0.17359
TARGET96;Olink Target 96 Inflammation;3027;Target96;B3;MED 681-YR wk22;SAMPLE;TNF;P01375;OID05548;1.536.345;842.831;0.92674;FALSE;PASS;PASS;0.07955;IPC Normalized;2.0.2;NPX Signature;assay;842.831;0.92674;-0.18470;-0.17359
TARGET96;Olink Target 96 Inflammation;3027;Target96;B3;MED 681-YR wk22;SAMPLE;CCL23;P55773;OID00530;1.891.041;246.712;-0.28231;FALSE;PASS;PASS;0.07955;IPC Normalized;2.0.2;NPX Signature;assay;246.712;-0.28231;-0.18470;-0.17359
TARGET96;Olink Target 96 Inflammation;3027;Target96;B3;MED 681-YR wk22;SAMPLE;CD5;P06127;OID00531;1.450.779;603.474;-0.84352;FALSE;PASS;PASS;0.07955;IPC Normalized;2.0.2;NPX Signature;assay;603.474;-0.84352;-0.18470;-0.17359
TARGET96;Olink Target 96 Inflammation;3027;Target96;B3;MED 681-YR wk22;SAMPLE;CCL3;P10147;OID00532;852.280;1.189.308;-0.11401;FALSE;PASS;PASS;0.07955;IPC Normalized;2.0.2;NPX Signature;assay;1.189.308;-0.11401;-0.18470;-0.17359
TARGET96;Olink Target 96 Inflammation;3027;Target96;B3;MED 681-YR wk22;SAMPLE;Flt3L;P49771;OID00533;2.151.944;446.223;0.29529;FALSE;PASS;PASS;0.07955;IPC Normalized;2.0.2;NPX Signature;assay;446.223;0.29529;-0.18470;-0.17359
TARGET96;Olink Target 96 Inflammation;3027;Target96;B3;MED 681-YR wk22;SAMPLE;CXCL6;P80162;OID00534;1.852.091;379.986;0.42501;FALSE;PASS;PASS;0.07955;IPC Normalized;2.0.2;NPX Signature;assay;379.986;0.42501;-0.18470;-0.17359
TARGET96;Olink Target 96 Inflammation;3027;Target96;B3;MED 681-YR wk22;SAMPLE;CXCL10;P02778;OID00535;1.642.335;660.313;158.004;FALSE;PASS;PASS;0.07955;IPC Normalized;2.0.2;NPX Signature;assay;660.313;158.004;-0.18470;-0.17359
TARGET96;Olink Target 96 Inflammation;3027;Target96;B3;MED 681-YR wk22;SAMPLE;4E-BP1;Q13541;OID00536;1.812.560;131.589;-0.95345;FALSE;PASS;PASS;0.07955;IPC Normalized;2.0.2;NPX Signature;assay;131.589;-0.95345;-0.18470;-0.17359
TARGET96;Olink Target 96 Inflammation;3027;Target96;B3;MED 681-YR wk22;SAMPLE;IL-20;Q9NYY1;OID00537;2.152.597;-168.459;-0.28182;TRUE;PASS;PASS;0.97727;IPC Normalized;2.0.2;NPX Signature;assay;-168.459;-0.28182;-0.18470;-0.17359
TARGET96;Olink Target 96 Inflammation;3027;Target96;B3;MED 681-YR wk22;SAMPLE;SIRT2;Q8IXJ6;OID00538;2.172.107;0.79057;116.589;TRUE;PASS;PASS;0.18182;IPC Normalized;2.0.2;NPX Signature;assay;0.79057;116.589;-0.18470;-0.17359
TARGET96;Olink Target 96 Inflammation;3027;Target96;B3;MED 681-YR wk22;SAMPLE;CCL28;Q9NRJ3;OID00539;2.263.063;-195.930;-0.70486;TRUE;PASS;PASS;0.85227;IPC Normalized;2.0.2;NPX Signature;assay;-195.930;-0.70486;-0.18470;-0.17359
TARGET96;Olink Target 96 Inflammation;3027;Target96;B3;MED 681-YR wk22;SAMPLE;DNER;Q8NFT8;OID01213;1.864.094;120.724;-0.30062;FALSE;PASS;PASS;0.07955;IPC Normalized;2.0.2;NPX Signature;assay;120.724;-0.30062;-0.18470;-0.17359
TARGET96;Olink Target 96 Inflammation;3027;Target96;B3;MED 681-YR wk22;SAMPLE;EN-RAGE;P80511;OID00541;1.846.199;350.218;0.09630;FALSE;PASS;PASS;0.07955;IPC Normalized;2.0.2;NPX Signature;assay;350.218;0.09630;-0.18470;-0.17359
TARGET96;Olink Target 96 Inflammation;3027;Target96;B3;MED 681-YR wk22;SAMPLE;CD40;P25942;OID00542;1.687.166;704.914;224.967;FALSE;PASS;PASS;0.07955;IPC Normalized;2.0.2;NPX Signature;assay;704.914;224.967;-0.18470;-0.17359
TARGET96;Olink Target 96 Inflammation;3027;Target96;B3;MED 681-YR wk22;SAMPLE;IL33;O95760;OID00543;2.322.926;-153.690;0.91606;TRUE;PASS;PASS;100.000;IPC Normalized;2.0.2;NPX Signature;assay;-153.690;0.91606;-0.18470;-0.17359
TARGET96;Olink Target 96 Inflammation;3027;Target96;B3;MED 681-YR wk22;SAMPLE;IFN-gamma;P01579;OID05547;1.784.013;749.632;305.868;FALSE;PASS;PASS;0.07955;IPC Normalized;2.0.2;NPX Signature;assay;749.632;305.868;-0.18470;-0.17359
TARGET96;Olink Target 96 Inflammation;3027;Target96;B3;MED 681-YR wk22;SAMPLE;FGF-19;O95750;OID00545;2.109.930;-105.300;-0.76210;TRUE;PASS;PASS;0.67045;IPC Normalized;2.0.2;NPX Signature;assay;-105.300;-0.76210;-0.18470;-0.17359
TARGET96;Olink Target 96 Inflammation;3027;Target96;B3;MED 681-YR wk22;SAMPLE;IL4;P05112;OID00546;2.319.892;-100.569;-102.563;FALSE;PASS;PASS;0.29545;IPC Normalized;2.0.2;NPX Signature;assay;-100.569;-102.563;-0.18470;-0.17359
TARGET96;Olink Target 96 Inflammation;3027;Target96;B3;MED 681-YR wk22;SAMPLE;LIF;P15018;OID00547;1.989.343;-0.12578;-0.79961;FALSE;PASS;PASS;0.07955;IPC Normalized;2.0.2;NPX Signature;assay;-0.12578;-0.79961;-0.18470;-0.17359
TARGET96;Olink Target 96 Inflammation;3027;Target96;B3;MED 681-YR wk22;SAMPLE;NRTN;Q99748;OID00548;2.133.748;-108.244;-0.41185;TRUE;PASS;PASS;0.97727;IPC Normalized;2.0.2;NPX Signature;assay;-108.244;-0.41185;-0.18470;-0.17359
TARGET96;Olink Target 96 Inflammation;3027;Target96;B3;MED 681-YR wk22;SAMPLE;MCP-2;P80075;OID00549;1.878.085;488.946;127.866;FALSE;PASS;PASS;0.07955;IPC Normalized;2.0.2;NPX Signature;assay;488.946;127.866;-0.18470;-0.17359
TARGET96;Olink Target 96 Inflammation;3027;Target96;B3;MED 681-YR wk22;SAMPLE;CASP-8;Q14790;OID00550;1.687.515;462.019;0.91291;FALSE;PASS;PASS;0.07955;IPC Normalized;2.0.2;NPX Signature;assay;462.019;0.91291;-0.18470;-0.17359
TARGET96;Olink Target 96 Inflammation;3027;Target96;B3;MED 681-YR wk22;SAMPLE;CCL25;O15444;OID00551;2.087.767;-108.459;-0.18758;TRUE;PASS;PASS;0.98864;IPC Normalized;2.0.2;NPX Signature;assay;-108.459;-0.18758;-0.18470;-0.17359
TARGET96;Olink Target 96 Inflammation;3027;Target96;B3;MED 681-YR wk22;SAMPLE;CX3CL1;P78423;OID00552;2.630.786;-305.565;-0.12333;TRUE;PASS;PASS;0.94318;IPC Normalized;2.0.2;NPX Signature;assay;-305.565;-0.12333;-0.18470;-0.17359
TARGET96;Olink Target 96 Inflammation;3027;Target96;B3;MED 681-YR wk22;SAMPLE;TNFRSF9;Q07011;OID00553;2.076.256;177.776;0.83400;FALSE;PASS;PASS;0.07955;IPC Normalized;2.0.2;NPX Signature;assay;177.776;0.83400;-0.18470;-0.17359
TARGET96;Olink Target 96 Inflammation;3027;Target96;B3;MED 681-YR wk22;SAMPLE;NT-3;P20783;OID00554;2.284.377;-0.89390;0.74628;TRUE;PASS;PASS;0.98864;IPC Normalized;2.0.2;NPX Signature;assay;-0.89390;0.74628;-0.18470;-0.17359
TARGET96;Olink Target 96 Inflammation;3027;Target96;B3;MED 681-YR wk22;SAMPLE;TWEAK;O43508;OID00555;2.017.223;311.175;-182.937;FALSE;PASS;PASS;0.07955;IPC Normalized;2.0.2;NPX Signature;assay;311.175;-182.937;-0.18470;-0.17359
TARGET96;Olink Target 96 Inflammation;3027;Target96;B3;MED 681-YR wk22;SAMPLE;CCL20;P78556;OID00556;1.667.786;532.201;131.645;FALSE;PASS;PASS;0.07955;IPC Normalized;2.0.2;NPX Signature;assay;532.201;131.645;-0.18470;-0.17359
TARGET96;Olink Target 96 Inflammation;3027;Target96;B3;MED 681-YR wk22;SAMPLE;ST1A1;P50225;OID00557;1.824.243;452.324;125.003;FALSE;PASS;PASS;0.07955;IPC Normalized;2.0.2;NPX Signature;assay;452.324;125.003;-0.18470;-0.17359
TARGET96;Olink Target 96 Inflammation;3027;Target96;B3;MED 681-YR wk22;SAMPLE;STAMBP;O95630;OID00558;1.885.154;206.409;-0.80337;FALSE;PASS;PASS;0.07955;IPC Normalized;2.0.2;NPX Signature;assay;206.409;-0.80337;-0.18470;-0.17359
TARGET96;Olink Target 96 Inflammation;3027;Target96;B3;MED 681-YR wk22;SAMPLE;IL5;P05113;OID00559;2.240.177;0.12041;142.788;TRUE;PASS;PASS;0.95455;IPC Normalized;2.0.2;NPX Signature;assay;0.12041;142.788;-0.18470;-0.17359
TARGET96;Olink Target 96 Inflammation;3027;Target96;B3;MED 681-YR wk22;SAMPLE;ADA;P00813;OID00560;1.709.123;438.186;-0.40830;FALSE;PASS;PASS;0.07955;IPC Normalized;2.0.2;NPX Signature;assay;438.186;-0.40830;-0.18470;-0.17359
TARGET96;Olink Target 96 Inflammation;3027;Target96;B3;MED 681-YR wk22;SAMPLE;TNFB;P01374;OID00561;2.408.238;-0.40575;0.56835;TRUE;PASS;PASS;0.64773;IPC Normalized;2.0.2;NPX Signature;assay;-0.40575;0.56835;-0.18470;-0.17359
TARGET96;Olink Target 96 Inflammation;3027;Target96;B3;MED 681-YR wk22;SAMPLE;CSF-1;P09603;OID00562;2.060.290;195.120;0.85565;FALSE;PASS;PASS;0.07955;IPC Normalized;2.0.2;NPX Signature;assay;195.120;0.85565;-0.18470;-0.17359
TARGET96;Olink Target 96 Inflammation;3027;Target96;C3;MED 232-DH wk22;SAMPLE;IL8;P10145;OID00471;846.522;1.338.988;166.148;FALSE;PASS;PASS;0.07955;IPC Normalized;2.0.2;NPX Signature;assay;1.338.988;166.148;-0.07848;-0.06648
TARGET96;Olink Target 96 Inflammation;3027;Target96;C3;MED 232-DH wk22;SAMPLE;VEGFA;P15692;OID00472;1.352.731;922.495;0.00696;FALSE;PASS;PASS;0.07955;IPC Normalized;2.0.2;NPX Signature;assay;922.495;0.00696;-0.07848;-0.06648
TARGET96;Olink Target 96 Inflammation;3027;Target96;C3;MED 232-DH wk22;SAMPLE;CD8A;P01732;OID05124;1.922.339;202.939;-126.143;FALSE;PASS;PASS;0.07955;IPC Normalized;2.0.2;NPX Signature;assay;202.939;-126.143;-0.07848;-0.06648
TARGET96;Olink Target 96 Inflammation;3027;Target96;C3;MED 232-DH wk22;SAMPLE;Inc Ctrl 1;NA;OID00004;1.279.239;0.01431;0.07730;TRUE;PASS;NA;0.52273;IPC Normalized;2.0.2;NPX Signature;inc_ctrl_1;0.01431;0.07730;-0.07848;-0.06648
TARGET96;Olink Target 96 Inflammation;3027;Target96;C3;MED 232-DH wk22;SAMPLE;MCP-3;P80098;OID00474;1.398.213;984.442;143.285;FALSE;PASS;PASS;0.07955;IPC Normalized;2.0.2;NPX Signature;assay;984.442;143.285;-0.07848;-0.06648
TARGET96;Olink Target 96 Inflammation;3027;Target96;C3;MED 232-DH wk22;SAMPLE;GDNF;P39905;OID00475;2.260.580;0.89080;147.654;TRUE;PASS;PASS;0.97727;IPC Normalized;2.0.2;NPX Signature;assay;0.89080;147.654;-0.07848;-0.06648
TARGET96;Olink Target 96 Inflammation;3027;Target96;C3;MED 232-DH wk22;SAMPLE;CDCP1;Q9H5V8;OID00476;2.240.467;0.20740;-0.58297;FALSE;PASS;PASS;0.27273;IPC Normalized;2.0.2;NPX Signature;assay;0.20740;-0.58297;-0.07848;-0.06648
TARGET96;Olink Target 96 Inflammation;3027;Target96;C3;MED 232-DH wk22;SAMPLE;CD244;Q9BZW8;OID00477;1.913.954;399.427;153.762;FALSE;PASS;PASS;0.07955;IPC Normalized;2.0.2;NPX Signature;assay;399.427;153.762;-0.07848;-0.06648
TARGET96;Olink Target 96 Inflammation;3027;Target96;C3;MED 232-DH wk22;SAMPLE;IL7;P13232;OID00478;2.146.653;-133.471;-0.70852;TRUE;PASS;PASS;0.95455;IPC Normalized;2.0.2;NPX Signature;assay;-133.471;-0.70852;-0.07848;-0.06648
TARGET96;Olink Target 96 Inflammation;3027;Target96;C3;MED 232-DH wk22;SAMPLE;OPG;O00300;OID00479;1.941.862;0.32523;-0.81398;FALSE;PASS;PASS;0.15909;IPC Normalized;2.0.2;NPX Signature;assay;0.32523;-0.81398;-0.07848;-0.06648
TARGET96;Olink Target 96 Inflammation;3027;Target96;C3;MED 232-DH wk22;SAMPLE;LAP TGF-beta-1;P01137;OID00480;1.840.746;337.666;-104.297;FALSE;PASS;PASS;0.07955;IPC Normalized;2.0.2;NPX Signature;assay;337.666;-104.297;-0.07848;-0.06648
TARGET96;Olink Target 96 Inflammation;3027;Target96;C3;MED 232-DH wk22;SAMPLE;uPA;P00749;OID00481;1.374.735;602.783;0.11788;FALSE;PASS;PASS;0.07955;IPC Normalized;2.0.2;NPX Signature;assay;602.783;0.11788;-0.07848;-0.06648
TARGET96;Olink Target 96 Inflammation;3027;Target96;C3;MED 232-DH wk22;SAMPLE;IL6;P05231;OID00482;1.044.888;1.118.795;131.223;FALSE;PASS;PASS;0.07955;IPC Normalized;2.0.2;NPX Signature;assay;1.118.795;131.223;-0.07848;-0.06648
TARGET96;Olink Target 96 Inflammation;3027;Target96;C3;MED 232-DH wk22;SAMPLE;IL-17C;Q9P0M4;OID00483;2.210.619;-0.04269;105.079;TRUE;PASS;PASS;100.000;IPC Normalized;2.0.2;NPX Signature;assay;-0.04269;105.079;-0.07848;-0.06648
TARGET96;Olink Target 96 Inflammation;3027;Target96;C3;MED 232-DH wk22;SAMPLE;MCP-1;P13500;OID00484;874.479;1.372.497;126.065;FALSE;PASS;PASS;0.07955;IPC Normalized;2.0.2;NPX Signature;assay;1.372.497;126.065;-0.07848;-0.06648
TARGET96;Olink Target 96 Inflammation;3027;Target96;C3;MED 232-DH wk22;SAMPLE;IL-17A;Q16552;OID00485;2.298.093;-0.04107;0.57759;TRUE;PASS;PASS;0.84091;IPC Normalized;2.0.2;NPX Signature;assay;-0.04107;0.57759;-0.07848;-0.06648
TARGET96;Olink Target 96 Inflammation;3027;Target96;C3;MED 232-DH wk22;SAMPLE;CXCL11;O14625;OID00486;2.061.192;173.990;0.12817;FALSE;PASS;PASS;0.09091;IPC Normalized;2.0.2;NPX Signature;assay;173.990;0.12817;-0.07848;-0.06648
TARGET96;Olink Target 96 Inflammation;3027;Target96;C3;MED 232-DH wk22;SAMPLE;AXIN1;O15169;OID00487;2.119.028;-0.17149;-0.49354;FALSE;PASS;PASS;0.12500;IPC Normalized;2.0.2;NPX Signature;assay;-0.17149;-0.49354;-0.07848;-0.06648
TARGET96;Olink Target 96 Inflammation;3027;Target96;C3;MED 232-DH wk22;SAMPLE;Ext Ctrl;NA;OID00005;1.425.663;0.00000;0.00000;FALSE;PASS;NA;0.07955;IPC Normalized;2.0.2;NPX Signature;ext_ctrl;0.00000;0.00000;-0.07848;-0.06648
TARGET96;Olink Target 96 Inflammation;3027;Target96;C3;MED 232-DH wk22;SAMPLE;TRAIL;P50591;OID00488;2.019.994;150.202;-0.15284;FALSE;PASS;PASS;0.07955;IPC Normalized;2.0.2;NPX Signature;assay;150.202;-0.15284;-0.07848;-0.06648
TARGET96;Olink Target 96 Inflammation;3027;Target96;C3;MED 232-DH wk22;SAMPLE;IL-20RA;Q9UHF4;OID00489;2.213.321;-0.30802;104.704;TRUE;PASS;PASS;100.000;IPC Normalized;2.0.2;NPX Signature;assay;-0.30802;104.704;-0.07848;-0.06648
TARGET96;Olink Target 96 Inflammation;3027;Target96;C3;MED 232-DH wk22;SAMPLE;CXCL9;Q07325;OID00490;2.030.711;123.247;0.66560;FALSE;PASS;PASS;0.20455;IPC Normalized;2.0.2;NPX Signature;assay;123.247;0.66560;-0.07848;-0.06648
TARGET96;Olink Target 96 Inflammation;3027;Target96;C3;MED 232-DH wk22;SAMPLE;CST5;P28325;OID00491;2.326.673;-169.146;-107.592;TRUE;PASS;PASS;0.63636;IPC Normalized;2.0.2;NPX Signature;assay;-169.146;-107.592;-0.07848;-0.06648
TARGET96;Olink Target 96 Inflammation;3027;Target96;C3;MED 232-DH wk22;SAMPLE;IL-2RB;P14784;OID00492;2.227.574;0.99352;165.436;TRUE;PASS;PASS;100.000;IPC Normalized;2.0.2;NPX Signature;assay;0.99352;165.436;-0.07848;-0.06648
TARGET96;Olink Target 96 Inflammation;3027;Target96;C3;MED 232-DH wk22;SAMPLE;IL-1 alpha;P01583;OID00493;1.609.276;450.537;-0.99251;FALSE;PASS;PASS;0.07955;IPC Normalized;2.0.2;NPX Signature;assay;450.537;-0.99251;-0.07848;-0.06648
TARGET96;Olink Target 96 Inflammation;3027;Target96;C3;MED 232-DH wk22;SAMPLE;OSM;P13725;OID00494;1.365.420;843.602;0.16675;FALSE;PASS;PASS;0.07955;IPC Normalized;2.0.2;NPX Signature;assay;843.602;0.16675;-0.07848;-0.06648
TARGET96;Olink Target 96 Inflammation;3027;Target96;C3;MED 232-DH wk22;SAMPLE;IL2;P60568;OID00495;2.281.316;-0.30136;128.757;TRUE;PASS;PASS;0.94318;IPC Normalized;2.0.2;NPX Signature;assay;-0.30136;128.757;-0.07848;-0.06648
TARGET96;Olink Target 96 Inflammation;3027;Target96;C3;MED 232-DH wk22;SAMPLE;CXCL1;P09341;OID00496;1.166.359;1.328.079;279.881;FALSE;PASS;PASS;0.07955;IPC Normalized;2.0.2;NPX Signature;assay;1.328.079;279.881;-0.07848;-0.06648
TARGET96;Olink Target 96 Inflammation;3027;Target96;C3;MED 232-DH wk22;SAMPLE;TSLP;Q969D9;OID00497;2.897.474;-417.989;0.78329;TRUE;PASS;PASS;0.81818;IPC Normalized;2.0.2;NPX Signature;assay;-417.989;0.78329;-0.07848;-0.06648
TARGET96;Olink Target 96 Inflammation;3027;Target96;C3;MED 232-DH wk22;SAMPLE;CCL4;P13236;OID00498;898.647;1.049.159;-0.42383;FALSE;PASS;PASS;0.07955;IPC Normalized;2.0.2;NPX Signature;assay;1.049.159;-0.42383;-0.07848;-0.06648
TARGET96;Olink Target 96 Inflammation;3027;Target96;C3;MED 232-DH wk22;SAMPLE;CD6;P30203;OID00499;1.911.412;376.098;-0.86517;FALSE;PASS;PASS;0.07955;IPC Normalized;2.0.2;NPX Signature;assay;376.098;-0.86517;-0.07848;-0.06648
TARGET96;Olink Target 96 Inflammation;3027;Target96;C3;MED 232-DH wk22;SAMPLE;SCF;P21583;OID00500;2.293.677;-127.753;0.19953;TRUE;PASS;PASS;0.96591;IPC Normalized;2.0.2;NPX Signature;assay;-127.753;0.19953;-0.07848;-0.06648
TARGET96;Olink Target 96 Inflammation;3027;Target96;C3;MED 232-DH wk22;SAMPLE;IL18;Q14116;OID00501;1.855.669;328.888;0.08663;FALSE;PASS;PASS;0.07955;IPC Normalized;2.0.2;NPX Signature;assay;328.888;0.08663;-0.07848;-0.06648
TARGET96;Olink Target 96 Inflammation;3027;Target96;C3;MED 232-DH wk22;SAMPLE;SLAMF1;Q13291;OID00502;2.423.336;-0.78590;0.76837;TRUE;PASS;PASS;0.81818;IPC Normalized;2.0.2;NPX Signature;assay;-0.78590;0.76837;-0.07848;-0.06648
TARGET96;Olink Target 96 Inflammation;3027;Target96;C3;MED 232-DH wk22;SAMPLE;TGF-alpha;P01135;OID00503;1.993.935;230.768;-171.917;FALSE;PASS;PASS;0.07955;IPC Normalized;2.0.2;NPX Signature;assay;230.768;-171.917;-0.07848;-0.06648
TARGET96;Olink Target 96 Inflammation;3027;Target96;C3;MED 232-DH wk22;SAMPLE;MCP-4;Q99616;OID00504;1.856.546;714.985;143.956;FALSE;PASS;PASS;0.07955;IPC Normalized;2.0.2;NPX Signature;assay;714.985;143.956;-0.07848;-0.06648
TARGET96;Olink Target 96 Inflammation;3027;Target96;C3;MED 232-DH wk22;SAMPLE;CCL11;P51671;OID00505;2.040.117;-0.38293;-0.40053;FALSE;PASS;PASS;0.68182;IPC Normalized;2.0.2;NPX Signature;assay;-0.38293;-0.40053;-0.07848;-0.06648
TARGET96;Olink Target 96 Inflammation;3027;Target96;C3;MED 232-DH wk22;SAMPLE;TNFSF14;O43557;OID00506;1.520.733;456.472;-0.44803;FALSE;PASS;PASS;0.07955;IPC Normalized;2.0.2;NPX Signature;assay;456.472;-0.44803;-0.07848;-0.06648
TARGET96;Olink Target 96 Inflammation;3027;Target96;C3;MED 232-DH wk22;SAMPLE;FGF-23;Q9GZV9;OID00507;2.259.081;-0.21989;0.91747;TRUE;PASS;PASS;0.96591;IPC Normalized;2.0.2;NPX Signature;assay;-0.21989;0.91747;-0.07848;-0.06648
TARGET96;Olink Target 96 Inflammation;3027;Target96;C3;MED 232-DH wk22;SAMPLE;IL-10RA;Q13651;OID00508;2.126.970;-0.85148;-0.70231;TRUE;PASS;PASS;0.50000;IPC Normalized;2.0.2;NPX Signature;assay;-0.85148;-0.70231;-0.07848;-0.06648
TARGET96;Olink Target 96 Inflammation;3027;Target96;C3;MED 232-DH wk22;SAMPLE;FGF-5;P12034;OID00509;2.155.313;-101.677;-0.11172;TRUE;PASS;PASS;0.98864;IPC Normalized;2.0.2;NPX Signature;assay;-101.677;-0.11172;-0.07848;-0.06648
TARGET96;Olink Target 96 Inflammation;3027;Target96;C3;MED 232-DH wk22;SAMPLE;MMP-1;P03956;OID00510;1.276.211;996.130;-0.41038;FALSE;PASS;PASS;0.07955;IPC Normalized;2.0.2;NPX Signature;assay;996.130;-0.41038;-0.07848;-0.06648
TARGET96;Olink Target 96 Inflammation;3027;Target96;C3;MED 232-DH wk22;SAMPLE;LIF-R;P42702;OID00511;2.168.406;-0.86252;0.22136;TRUE;PASS;PASS;100.000;IPC Normalized;2.0.2;NPX Signature;assay;-0.86252;0.22136;-0.07848;-0.06648
TARGET96;Olink Target 96 Inflammation;3027;Target96;C3;MED 232-DH wk22;SAMPLE;FGF-21;Q9NSA1;OID00512;1.731.688;208.326;-0.44425;FALSE;PASS;PASS;0.07955;IPC Normalized;2.0.2;NPX Signature;assay;208.326;-0.44425;-0.07848;-0.06648
TARGET96;Olink Target 96 Inflammation;3027;Target96;C3;MED 232-DH wk22;SAMPLE;CCL19;Q99731;OID00513;1.892.222;421.084;195.046;FALSE;PASS;PASS;0.07955;IPC Normalized;2.0.2;NPX Signature;assay;421.084;195.046;-0.07848;-0.06648
TARGET96;Olink Target 96 Inflammation;3027;Target96;C3;MED 232-DH wk22;SAMPLE;Inc Ctrl 2;NA;OID00006;1.519.137;-0.19107;-0.10165;TRUE;PASS;NA;0.90909;IPC Normalized;2.0.2;NPX Signature;inc_ctrl_2;-0.19107;-0.10165;-0.07848;-0.06648
TARGET96;Olink Target 96 Inflammation;3027;Target96;C3;MED 232-DH wk22;SAMPLE;Det Ctrl;NA;OID00007;1.015.900;-0.22363;0.01785;TRUE;PASS;NA;0.92045;IPC Normalized;2.0.2;NPX Signature;det_ctrl;-0.22363;0.01785;-0.07848;-0.06648
TARGET96;Olink Target 96 Inflammation;3027;Target96;C3;MED 232-DH wk22;SAMPLE;IL-15RA;Q13261;OID00514;2.195.255;-0.36416;0.09772;TRUE;PASS;PASS;100.000;IPC Normalized;2.0.2;NPX Signature;assay;-0.36416;0.09772;-0.07848;-0.06648
TARGET96;Olink Target 96 Inflammation;3027;Target96;C3;MED 232-DH wk22;SAMPLE;IL-10RB;Q08334;OID00515;2.238.236;-0.97304;-0.88484;TRUE;PASS;PASS;0.37500;IPC Normalized;2.0.2;NPX Signature;assay;-0.97304;-0.88484;-0.07848;-0.06648
TARGET96;Olink Target 96 Inflammation;3027;Target96;C3;MED 232-DH wk22;SAMPLE;IL-22 RA1;Q8N6P7;OID00516;2.849.185;-203.868;264.114;TRUE;PASS;PASS;0.98864;IPC Normalized;2.0.2;NPX Signature;assay;-203.868;264.114;-0.07848;-0.06648
TARGET96;Olink Target 96 Inflammation;3027;Target96;C3;MED 232-DH wk22;SAMPLE;IL-18R1;Q13478;OID00517;2.056.058;263.031;0.59764;FALSE;PASS;PASS;0.07955;IPC Normalized;2.0.2;NPX Signature;assay;263.031;0.59764;-0.07848;-0.06648
TARGET96;Olink Target 96 Inflammation;3027;Target96;C3;MED 232-DH wk22;SAMPLE;PD-L1;Q9NZQ7;OID00518;2.203.598;301.009;206.434;FALSE;PASS;PASS;0.13636;IPC Normalized;2.0.2;NPX Signature;assay;301.009;206.434;-0.07848;-0.06648
TARGET96;Olink Target 96 Inflammation;3027;Target96;C3;MED 232-DH wk22;SAMPLE;Beta-NGF;P01138;OID00519;1.421.707;-0.61530;-0.17729;TRUE;PASS;PASS;0.85227;IPC Normalized;2.0.2;NPX Signature;assay;-0.61530;-0.17729;-0.07848;-0.06648
TARGET96;Olink Target 96 Inflammation;3027;Target96;C3;MED 232-DH wk22;SAMPLE;CXCL5;P42830;OID00520;1.130.521;1.258.242;130.106;FALSE;PASS;PASS;0.07955;IPC Normalized;2.0.2;NPX Signature;assay;1.258.242;130.106;-0.07848;-0.06648
TARGET96;Olink Target 96 Inflammation;3027;Target96;C3;MED 232-DH wk22;SAMPLE;TRANCE;O14788;OID00521;2.280.688;0.41424;-131.969;FALSE;PASS;PASS;0.11364;IPC Normalized;2.0.2;NPX Signature;assay;0.41424;-131.969;-0.07848;-0.06648
TARGET96;Olink Target 96 Inflammation;3027;Target96;C3;MED 232-DH wk22;SAMPLE;HGF;P14210;OID00522;1.715.949;428.324;0.10249;FALSE;PASS;PASS;0.07955;IPC Normalized;2.0.2;NPX Signature;assay;428.324;0.10249;-0.07848;-0.06648
TARGET96;Olink Target 96 Inflammation;3027;Target96;C3;MED 232-DH wk22;SAMPLE;IL-12B;P29460;OID00523;2.292.013;-0.27626;-141.352;FALSE;PASS;PASS;0.15909;IPC Normalized;2.0.2;NPX Signature;assay;-0.27626;-141.352;-0.07848;-0.06648
TARGET96;Olink Target 96 Inflammation;3027;Target96;C3;MED 232-DH wk22;SAMPLE;IL-24;Q13007;OID00524;2.656.539;-160.683;0.61372;TRUE;PASS;PASS;0.81818;IPC Normalized;2.0.2;NPX Signature;assay;-160.683;0.61372;-0.07848;-0.06648
TARGET96;Olink Target 96 Inflammation;3027;Target96;C3;MED 232-DH wk22;SAMPLE;IL13;P35225;OID00525;2.247.092;-0.62914;120.432;TRUE;PASS;PASS;0.89773;IPC Normalized;2.0.2;NPX Signature;assay;-0.62914;120.432;-0.07848;-0.06648
TARGET96;Olink Target 96 Inflammation;3027;Target96;C3;MED 232-DH wk22;SAMPLE;ARTN;Q5T4W7;OID00526;2.307.707;0.22985;0.58766;TRUE;PASS;PASS;0.84091;IPC Normalized;2.0.2;NPX Signature;assay;0.22985;0.58766;-0.07848;-0.06648
TARGET96;Olink Target 96 Inflammation;3027;Target96;C3;MED 232-DH wk22;SAMPLE;MMP-10;P09238;OID00527;1.774.429;363.348;-0.27894;FALSE;PASS;PASS;0.07955;IPC Normalized;2.0.2;NPX Signature;assay;363.348;-0.27894;-0.07848;-0.06648
TARGET96;Olink Target 96 Inflammation;3027;Target96;C3;MED 232-DH wk22;SAMPLE;IL10;P22301;OID00528;1.931.373;474.486;134.323;FALSE;PASS;PASS;0.07955;IPC Normalized;2.0.2;NPX Signature;assay;474.486;134.323;-0.07848;-0.06648
TARGET96;Olink Target 96 Inflammation;3027;Target96;C3;MED 232-DH wk22;SAMPLE;TNF;P01375;OID05548;1.647.767;758.006;0.92674;FALSE;PASS;PASS;0.07955;IPC Normalized;2.0.2;NPX Signature;assay;758.006;0.92674;-0.07848;-0.06648
TARGET96;Olink Target 96 Inflammation;3027;Target96;C3;MED 232-DH wk22;SAMPLE;CCL23;P55773;OID00530;1.927.057;237.293;-0.28231;FALSE;PASS;PASS;0.07955;IPC Normalized;2.0.2;NPX Signature;assay;237.293;-0.28231;-0.07848;-0.06648
TARGET96;Olink Target 96 Inflammation;3027;Target96;C3;MED 232-DH wk22;SAMPLE;CD5;P06127;OID00531;1.487.344;593.506;-0.84352;FALSE;PASS;PASS;0.07955;IPC Normalized;2.0.2;NPX Signature;assay;593.506;-0.84352;-0.07848;-0.06648
TARGET96;Olink Target 96 Inflammation;3027;Target96;C3;MED 232-DH wk22;SAMPLE;CCL3;P10147;OID00532;810.351;1.257.833;-0.11401;FALSE;PASS;PASS;0.07955;IPC Normalized;2.0.2;NPX Signature;assay;1.257.833;-0.11401;-0.07848;-0.06648
TARGET96;Olink Target 96 Inflammation;3027;Target96;C3;MED 232-DH wk22;SAMPLE;Flt3L;P49771;OID00533;2.231.874;392.890;0.29529;FALSE;PASS;PASS;0.07955;IPC Normalized;2.0.2;NPX Signature;assay;392.890;0.29529;-0.07848;-0.06648
TARGET96;Olink Target 96 Inflammation;3027;Target96;C3;MED 232-DH wk22;SAMPLE;CXCL6;P80162;OID00534;1.734.841;523.833;0.42501;FALSE;PASS;PASS;0.07955;IPC Normalized;2.0.2;NPX Signature;assay;523.833;0.42501;-0.07848;-0.06648
TARGET96;Olink Target 96 Inflammation;3027;Target96;C3;MED 232-DH wk22;SAMPLE;CXCL10;P02778;OID00535;1.772.159;557.086;158.004;FALSE;PASS;PASS;0.07955;IPC Normalized;2.0.2;NPX Signature;assay;557.086;158.004;-0.07848;-0.06648
TARGET96;Olink Target 96 Inflammation;3027;Target96;C3;MED 232-DH wk22;SAMPLE;4E-BP1;Q13541;OID00536;1.876.729;0.94016;-0.95345;FALSE;PASS;PASS;0.07955;IPC Normalized;2.0.2;NPX Signature;assay;0.94016;-0.95345;-0.07848;-0.06648
TARGET96;Olink Target 96 Inflammation;3027;Target96;C3;MED 232-DH wk22;SAMPLE;IL-20;Q9NYY1;OID00537;2.129.283;-118.549;-0.28182;TRUE;PASS;PASS;0.97727;IPC Normalized;2.0.2;NPX Signature;assay;-118.549;-0.28182;-0.07848;-0.06648
TARGET96;Olink Target 96 Inflammation;3027;Target96;C3;MED 232-DH wk22;SAMPLE;SIRT2;Q8IXJ6;OID00538;2.075.953;201.808;116.589;FALSE;PASS;PASS;0.18182;IPC Normalized;2.0.2;NPX Signature;assay;201.808;116.589;-0.07848;-0.06648
TARGET96;Olink Target 96 Inflammation;3027;Target96;C3;MED 232-DH wk22;SAMPLE;CCL28;Q9NRJ3;OID00539;2.261.764;-168.035;-0.70486;TRUE;PASS;PASS;0.85227;IPC Normalized;2.0.2;NPX Signature;assay;-168.035;-0.70486;-0.07848;-0.06648
TARGET96;Olink Target 96 Inflammation;3027;Target96;C3;MED 232-DH wk22;SAMPLE;DNER;Q8NFT8;OID01213;1.855.516;155.900;-0.30062;FALSE;PASS;PASS;0.07955;IPC Normalized;2.0.2;NPX Signature;assay;155.900;-0.30062;-0.07848;-0.06648
TARGET96;Olink Target 96 Inflammation;3027;Target96;C3;MED 232-DH wk22;SAMPLE;EN-RAGE;P80511;OID00541;1.592.677;630.337;0.09630;FALSE;PASS;PASS;0.07955;IPC Normalized;2.0.2;NPX Signature;assay;630.337;0.09630;-0.07848;-0.06648
TARGET96;Olink Target 96 Inflammation;3027;Target96;C3;MED 232-DH wk22;SAMPLE;CD40;P25942;OID00542;1.532.908;885.769;224.967;FALSE;PASS;PASS;0.07955;IPC Normalized;2.0.2;NPX Signature;assay;885.769;224.967;-0.07848;-0.06648
TARGET96;Olink Target 96 Inflammation;3027;Target96;C3;MED 232-DH wk22;SAMPLE;IL33;O95760;OID00543;2.245.822;-0.49988;0.91606;TRUE;PASS;PASS;100.000;IPC Normalized;2.0.2;NPX Signature;assay;-0.49988;0.91606;-0.07848;-0.06648
TARGET96;Olink Target 96 Inflammation;3027;Target96;C3;MED 232-DH wk22;SAMPLE;IFN-gamma;P01579;OID05547;1.884.023;676.219;305.868;FALSE;PASS;PASS;0.07955;IPC Normalized;2.0.2;NPX Signature;assay;676.219;305.868;-0.07848;-0.06648
TARGET96;Olink Target 96 Inflammation;3027;Target96;C3;MED 232-DH wk22;SAMPLE;FGF-19;O95750;OID00545;2.099.356;-0.68129;-0.76210;FALSE;PASS;PASS;0.67045;IPC Normalized;2.0.2;NPX Signature;assay;-0.68129;-0.76210;-0.07848;-0.06648
TARGET96;Olink Target 96 Inflammation;3027;Target96;C3;MED 232-DH wk22;SAMPLE;IL4;P05112;OID00546;2.367.084;-121.165;-102.563;TRUE;PASS;PASS;0.29545;IPC Normalized;2.0.2;NPX Signature;assay;-121.165;-102.563;-0.07848;-0.06648
TARGET96;Olink Target 96 Inflammation;3027;Target96;C3;MED 232-DH wk22;SAMPLE;LIF;P15018;OID00547;1.882.663;120.699;-0.79961;FALSE;PASS;PASS;0.07955;IPC Normalized;2.0.2;NPX Signature;assay;120.699;-0.79961;-0.07848;-0.06648
TARGET96;Olink Target 96 Inflammation;3027;Target96;C3;MED 232-DH wk22;SAMPLE;NRTN;Q99748;OID00548;2.156.834;-104.733;-0.41185;TRUE;PASS;PASS;0.97727;IPC Normalized;2.0.2;NPX Signature;assay;-104.733;-0.41185;-0.07848;-0.06648
TARGET96;Olink Target 96 Inflammation;3027;Target96;C3;MED 232-DH wk22;SAMPLE;MCP-2;P80075;OID00549;1.743.601;650.027;127.866;FALSE;PASS;PASS;0.07955;IPC Normalized;2.0.2;NPX Signature;assay;650.027;127.866;-0.07848;-0.06648
TARGET96;Olink Target 96 Inflammation;3027;Target96;C3;MED 232-DH wk22;SAMPLE;CASP-8;Q14790;OID00550;1.681.871;494.259;0.91291;FALSE;PASS;PASS;0.07955;IPC Normalized;2.0.2;NPX Signature;assay;494.259;0.91291;-0.07848;-0.06648
TARGET96;Olink Target 96 Inflammation;3027;Target96;C3;MED 232-DH wk22;SAMPLE;CCL25;O15444;OID00551;2.125.742;-119.837;-0.18758;TRUE;PASS;PASS;0.98864;IPC Normalized;2.0.2;NPX Signature;assay;-119.837;-0.18758;-0.07848;-0.06648
TARGET96;Olink Target 96 Inflammation;3027;Target96;C3;MED 232-DH wk22;SAMPLE;CX3CL1;P78423;OID00552;2.611.163;-259.345;-0.12333;TRUE;PASS;PASS;0.94318;IPC Normalized;2.0.2;NPX Signature;assay;-259.345;-0.12333;-0.07848;-0.06648
TARGET96;Olink Target 96 Inflammation;3027;Target96;C3;MED 232-DH wk22;SAMPLE;TNFRSF9;Q07011;OID00553;2.062.602;218.027;0.83400;FALSE;PASS;PASS;0.07955;IPC Normalized;2.0.2;NPX Signature;assay;218.027;0.83400;-0.07848;-0.06648
TARGET96;Olink Target 96 Inflammation;3027;Target96;C3;MED 232-DH wk22;SAMPLE;NT-3;P20783;OID00554;2.221.058;0.00526;0.74628;TRUE;PASS;PASS;0.98864;IPC Normalized;2.0.2;NPX Signature;assay;0.00526;0.74628;-0.07848;-0.06648
TARGET96;Olink Target 96 Inflammation;3027;Target96;C3;MED 232-DH wk22;SAMPLE;TWEAK;O43508;OID00555;1.985.295;369.700;-182.937;FALSE;PASS;PASS;0.07955;IPC Normalized;2.0.2;NPX Signature;assay;369.700;-182.937;-0.07848;-0.06648
TARGET96;Olink Target 96 Inflammation;3027;Target96;C3;MED 232-DH wk22;SAMPLE;CCL20;P78556;OID00556;1.596.143;630.440;131.645;FALSE;PASS;PASS;0.07955;IPC Normalized;2.0.2;NPX Signature;assay;630.440;131.645;-0.07848;-0.06648
TARGET96;Olink Target 96 Inflammation;3027;Target96;C3;MED 232-DH wk22;SAMPLE;ST1A1;P50225;OID00557;1.653.512;649.653;125.003;FALSE;PASS;PASS;0.07955;IPC Normalized;2.0.2;NPX Signature;assay;649.653;125.003;-0.07848;-0.06648
TARGET96;Olink Target 96 Inflammation;3027;Target96;C3;MED 232-DH wk22;SAMPLE;STAMBP;O95630;OID00558;1.870.571;247.589;-0.80337;FALSE;PASS;PASS;0.07955;IPC Normalized;2.0.2;NPX Signature;assay;247.589;-0.80337;-0.07848;-0.06648
TARGET96;Olink Target 96 Inflammation;3027;Target96;C3;MED 232-DH wk22;SAMPLE;IL5;P05113;OID00559;2.263.423;0.15391;142.788;TRUE;PASS;PASS;0.95455;IPC Normalized;2.0.2;NPX Signature;assay;0.15391;142.788;-0.07848;-0.06648
TARGET96;Olink Target 96 Inflammation;3027;Target96;C3;MED 232-DH wk22;SAMPLE;ADA;P00813;OID00560;1.713.254;460.652;-0.40830;FALSE;PASS;PASS;0.07955;IPC Normalized;2.0.2;NPX Signature;assay;460.652;-0.40830;-0.07848;-0.06648
TARGET96;Olink Target 96 Inflammation;3027;Target96;C3;MED 232-DH wk22;SAMPLE;TNFB;P01374;OID00561;2.390.035;0.04224;0.56835;TRUE;PASS;PASS;0.64773;IPC Normalized;2.0.2;NPX Signature;assay;0.04224;0.56835;-0.07848;-0.06648
TARGET96;Olink Target 96 Inflammation;3027;Target96;C3;MED 232-DH wk22;SAMPLE;CSF-1;P09603;OID00562;1.983.126;298.881;0.85565;FALSE;PASS;PASS;0.07955;IPC Normalized;2.0.2;NPX Signature;assay;298.881;0.85565;-0.07848;-0.06648
TARGET96;Olink Target 96 Inflammation;3027;Target96;D3;LPS 966-BX wk4;SAMPLE;IL8;P10145;OID00471;898.382;1.260.725;166.148;FALSE;PASS;PASS;0.07955;IPC Normalized;2.0.2;NPX Signature;assay;1.260.725;166.148;-0.18228;-0.06302
TARGET96;Olink Target 96 Inflammation;3027;Target96;D3;LPS 966-BX wk4;SAMPLE;VEGFA;P15692;OID00472;1.479.770;769.053;0.00696;FALSE;PASS;PASS;0.07955;IPC Normalized;2.0.2;NPX Signature;assay;769.053;0.00696;-0.18228;-0.06302
TARGET96;Olink Target 96 Inflammation;3027;Target96;D3;LPS 966-BX wk4;SAMPLE;CD8A;P01732;OID05124;1.890.996;207.879;-126.143;FALSE;PASS;PASS;0.07955;IPC Normalized;2.0.2;NPX Signature;assay;207.879;-126.143;-0.18228;-0.06302
TARGET96;Olink Target 96 Inflammation;3027;Target96;D3;LPS 966-BX wk4;SAMPLE;Inc Ctrl 1;NA;OID00004;1.252.490;0.01778;0.07730;TRUE;PASS;NA;0.52273;IPC Normalized;2.0.2;NPX Signature;inc_ctrl_1;0.01778;0.07730;-0.18228;-0.06302
TARGET96;Olink Target 96 Inflammation;3027;Target96;D3;LPS 966-BX wk4;SAMPLE;MCP-3;P80098;OID00474;1.391.433;964.820;143.285;FALSE;PASS;PASS;0.07955;IPC Normalized;2.0.2;NPX Signature;assay;964.820;143.285;-0.18228;-0.06302
TARGET96;Olink Target 96 Inflammation;3027;Target96;D3;LPS 966-BX wk4;SAMPLE;GDNF;P39905;OID00475;2.233.596;0.89661;147.654;TRUE;PASS;PASS;0.97727;IPC Normalized;2.0.2;NPX Signature;assay;0.89661;147.654;-0.18228;-0.06302
TARGET96;Olink Target 96 Inflammation;3027;Target96;D3;LPS 966-BX wk4;SAMPLE;CDCP1;Q9H5V8;OID00476;2.273.306;-0.38503;-0.58297;FALSE;PASS;PASS;0.27273;IPC Normalized;2.0.2;NPX Signature;assay;-0.38503;-0.58297;-0.18228;-0.06302
TARGET96;Olink Target 96 Inflammation;3027;Target96;D3;LPS 966-BX wk4;SAMPLE;CD244;Q9BZW8;OID00477;1.827.749;459.229;153.762;FALSE;PASS;PASS;0.07955;IPC Normalized;2.0.2;NPX Signature;assay;459.229;153.762;-0.18228;-0.06302
TARGET96;Olink Target 96 Inflammation;3027;Target96;D3;LPS 966-BX wk4;SAMPLE;IL7;P13232;OID00478;2.114.749;-127.970;-0.70852;TRUE;PASS;PASS;0.95455;IPC Normalized;2.0.2;NPX Signature;assay;-127.970;-0.70852;-0.18228;-0.06302
TARGET96;Olink Target 96 Inflammation;3027;Target96;D3;LPS 966-BX wk4;SAMPLE;OPG;O00300;OID00479;1.682.954;265.027;-0.81398;FALSE;PASS;PASS;0.15909;IPC Normalized;2.0.2;NPX Signature;assay;265.027;-0.81398;-0.18228;-0.06302
TARGET96;Olink Target 96 Inflammation;3027;Target96;D3;LPS 966-BX wk4;SAMPLE;LAP TGF-beta-1;P01137;OID00480;1.927.621;224.388;-104.297;FALSE;PASS;PASS;0.07955;IPC Normalized;2.0.2;NPX Signature;assay;224.388;-104.297;-0.18228;-0.06302
TARGET96;Olink Target 96 Inflammation;3027;Target96;D3;LPS 966-BX wk4;SAMPLE;uPA;P00749;OID00481;1.278.727;672.388;0.11788;FALSE;PASS;PASS;0.07955;IPC Normalized;2.0.2;NPX Signature;assay;672.388;0.11788;-0.18228;-0.06302
TARGET96;Olink Target 96 Inflammation;3027;Target96;D3;LPS 966-BX wk4;SAMPLE;IL6;P05231;OID00482;894.568;1.242.712;131.223;FALSE;PASS;PASS;0.07955;IPC Normalized;2.0.2;NPX Signature;assay;1.242.712;131.223;-0.18228;-0.06302
TARGET96;Olink Target 96 Inflammation;3027;Target96;D3;LPS 966-BX wk4;SAMPLE;IL-17C;Q9P0M4;OID00483;2.159.719;0.20228;105.079;TRUE;PASS;PASS;100.000;IPC Normalized;2.0.2;NPX Signature;assay;0.20228;105.079;-0.18228;-0.06302
TARGET96;Olink Target 96 Inflammation;3027;Target96;D3;LPS 966-BX wk4;SAMPLE;MCP-1;P13500;OID00484;862.946;1.357.627;126.065;FALSE;PASS;PASS;0.07955;IPC Normalized;2.0.2;NPX Signature;assay;1.357.627;126.065;-0.18228;-0.06302
TARGET96;Olink Target 96 Inflammation;3027;Target96;D3;LPS 966-BX wk4;SAMPLE;IL-17A;Q16552;OID00485;2.073.543;194.041;0.57759;FALSE;PASS;PASS;0.84091;IPC Normalized;2.0.2;NPX Signature;assay;194.041;0.57759;-0.18228;-0.06302
TARGET96;Olink Target 96 Inflammation;3027;Target96;D3;LPS 966-BX wk4;SAMPLE;CXCL11;O14625;OID00486;1.732.019;476.760;0.12817;FALSE;PASS;PASS;0.09091;IPC Normalized;2.0.2;NPX Signature;assay;476.760;0.12817;-0.18228;-0.06302
TARGET96;Olink Target 96 Inflammation;3027;Target96;D3;LPS 966-BX wk4;SAMPLE;AXIN1;O15169;OID00487;2.086.876;-0.11400;-0.49354;FALSE;PASS;PASS;0.12500;IPC Normalized;2.0.2;NPX Signature;assay;-0.11400;-0.49354;-0.18228;-0.06302
TARGET96;Olink Target 96 Inflammation;3027;Target96;D3;LPS 966-BX wk4;SAMPLE;Ext Ctrl;NA;OID00005;1.399.260;0.00000;0.00000;FALSE;PASS;NA;0.07955;IPC Normalized;2.0.2;NPX Signature;ext_ctrl;0.00000;0.00000;-0.18228;-0.06302
TARGET96;Olink Target 96 Inflammation;3027;Target96;D3;LPS 966-BX wk4;SAMPLE;TRAIL;P50591;OID00488;1.881.969;261.824;-0.15284;FALSE;PASS;PASS;0.07955;IPC Normalized;2.0.2;NPX Signature;assay;261.824;-0.15284;-0.18228;-0.06302
TARGET96;Olink Target 96 Inflammation;3027;Target96;D3;LPS 966-BX wk4;SAMPLE;IL-20RA;Q9UHF4;OID00489;2.209.969;-0.53853;104.704;TRUE;PASS;PASS;100.000;IPC Normalized;2.0.2;NPX Signature;assay;-0.53853;104.704;-0.18228;-0.06302
TARGET96;Olink Target 96 Inflammation;3027;Target96;D3;LPS 966-BX wk4;SAMPLE;CXCL9;Q07325;OID00490;1.662.904;464.650;0.66560;FALSE;PASS;PASS;0.20455;IPC Normalized;2.0.2;NPX Signature;assay;464.650;0.66560;-0.18228;-0.06302
TARGET96;Olink Target 96 Inflammation;3027;Target96;D3;LPS 966-BX wk4;SAMPLE;CST5;P28325;OID00491;2.291.803;-160.679;-107.592;TRUE;PASS;PASS;0.63636;IPC Normalized;2.0.2;NPX Signature;assay;-160.679;-107.592;-0.18228;-0.06302
TARGET96;Olink Target 96 Inflammation;3027;Target96;D3;LPS 966-BX wk4;SAMPLE;IL-2RB;P14784;OID00492;2.301.554;-0.01032;165.436;TRUE;PASS;PASS;100.000;IPC Normalized;2.0.2;NPX Signature;assay;-0.01032;165.436;-0.18228;-0.06302
TARGET96;Olink Target 96 Inflammation;3027;Target96;D3;LPS 966-BX wk4;SAMPLE;IL-1 alpha;P01583;OID00493;954.351;1.079.059;-0.99251;FALSE;PASS;PASS;0.07955;IPC Normalized;2.0.2;NPX Signature;assay;1.079.059;-0.99251;-0.18228;-0.06302
TARGET96;Olink Target 96 Inflammation;3027;Target96;D3;LPS 966-BX wk4;SAMPLE;OSM;P13725;OID00494;1.232.998;949.621;0.16675;FALSE;PASS;PASS;0.07955;IPC Normalized;2.0.2;NPX Signature;assay;949.621;0.16675;-0.18228;-0.06302
TARGET96;Olink Target 96 Inflammation;3027;Target96;D3;LPS 966-BX wk4;SAMPLE;IL2;P60568;OID00495;2.198.468;0.26309;128.757;TRUE;PASS;PASS;0.94318;IPC Normalized;2.0.2;NPX Signature;assay;0.26309;128.757;-0.18228;-0.06302
TARGET96;Olink Target 96 Inflammation;3027;Target96;D3;LPS 966-BX wk4;SAMPLE;CXCL1;P09341;OID00496;1.121.928;1.346.107;279.881;FALSE;PASS;PASS;0.07955;IPC Normalized;2.0.2;NPX Signature;assay;1.346.107;279.881;-0.18228;-0.06302
TARGET96;Olink Target 96 Inflammation;3027;Target96;D3;LPS 966-BX wk4;SAMPLE;TSLP;Q969D9;OID00497;2.424.312;0.28770;0.78329;TRUE;PASS;PASS;0.81818;IPC Normalized;2.0.2;NPX Signature;assay;0.28770;0.78329;-0.18228;-0.06302
TARGET96;Olink Target 96 Inflammation;3027;Target96;D3;LPS 966-BX wk4;SAMPLE;CCL4;P13236;OID00498;729.553;1.191.851;-0.42383;FALSE;PASS;PASS;0.07955;IPC Normalized;2.0.2;NPX Signature;assay;1.191.851;-0.42383;-0.18228;-0.06302
TARGET96;Olink Target 96 Inflammation;3027;Target96;D3;LPS 966-BX wk4;SAMPLE;CD6;P30203;OID00499;1.896.747;364.359;-0.86517;FALSE;PASS;PASS;0.07955;IPC Normalized;2.0.2;NPX Signature;assay;364.359;-0.86517;-0.18228;-0.06302
TARGET96;Olink Target 96 Inflammation;3027;Target96;D3;LPS 966-BX wk4;SAMPLE;SCF;P21583;OID00500;2.178.795;-0.39275;0.19953;TRUE;PASS;PASS;0.96591;IPC Normalized;2.0.2;NPX Signature;assay;-0.39275;0.19953;-0.18228;-0.06302
TARGET96;Olink Target 96 Inflammation;3027;Target96;D3;LPS 966-BX wk4;SAMPLE;IL18;Q14116;OID00501;1.341.508;816.646;0.08663;FALSE;PASS;PASS;0.07955;IPC Normalized;2.0.2;NPX Signature;assay;816.646;0.08663;-0.18228;-0.06302
TARGET96;Olink Target 96 Inflammation;3027;Target96;D3;LPS 966-BX wk4;SAMPLE;SLAMF1;Q13291;OID00502;2.198.588;119.755;0.76837;FALSE;PASS;PASS;0.81818;IPC Normalized;2.0.2;NPX Signature;assay;119.755;0.76837;-0.18228;-0.06302
TARGET96;Olink Target 96 Inflammation;3027;Target96;D3;LPS 966-BX wk4;SAMPLE;TGF-alpha;P01135;OID00503;1.928.359;269.942;-171.917;FALSE;PASS;PASS;0.07955;IPC Normalized;2.0.2;NPX Signature;assay;269.942;-171.917;-0.18228;-0.06302
TARGET96;Olink Target 96 Inflammation;3027;Target96;D3;LPS 966-BX wk4;SAMPLE;MCP-4;Q99616;OID00504;1.906.871;638.257;143.956;FALSE;PASS;PASS;0.07955;IPC Normalized;2.0.2;NPX Signature;assay;638.257;143.956;-0.18228;-0.06302
TARGET96;Olink Target 96 Inflammation;3027;Target96;D3;LPS 966-BX wk4;SAMPLE;CCL11;P51671;OID00505;1.984.864;-0.09442;-0.40053;FALSE;PASS;PASS;0.68182;IPC Normalized;2.0.2;NPX Signature;assay;-0.09442;-0.40053;-0.18228;-0.06302
TARGET96;Olink Target 96 Inflammation;3027;Target96;D3;LPS 966-BX wk4;SAMPLE;TNFSF14;O43557;OID00506;1.365.176;585.626;-0.44803;FALSE;PASS;PASS;0.07955;IPC Normalized;2.0.2;NPX Signature;assay;585.626;-0.44803;-0.18228;-0.06302
TARGET96;Olink Target 96 Inflammation;3027;Target96;D3;LPS 966-BX wk4;SAMPLE;FGF-23;Q9GZV9;OID00507;2.209.146;0.01543;0.91747;TRUE;PASS;PASS;0.96591;IPC Normalized;2.0.2;NPX Signature;assay;0.01543;0.91747;-0.18228;-0.06302
TARGET96;Olink Target 96 Inflammation;3027;Target96;D3;LPS 966-BX wk4;SAMPLE;IL-10RA;Q13651;OID00508;2.065.261;-0.49841;-0.70231;FALSE;PASS;PASS;0.50000;IPC Normalized;2.0.2;NPX Signature;assay;-0.49841;-0.70231;-0.18228;-0.06302
TARGET96;Olink Target 96 Inflammation;3027;Target96;D3;LPS 966-BX wk4;SAMPLE;FGF-5;P12034;OID00509;2.161.516;-134.283;-0.11172;TRUE;PASS;PASS;0.98864;IPC Normalized;2.0.2;NPX Signature;assay;-134.283;-0.11172;-0.18228;-0.06302
TARGET96;Olink Target 96 Inflammation;3027;Target96;D3;LPS 966-BX wk4;SAMPLE;MMP-1;P03956;OID00510;1.417.534;828.404;-0.41038;FALSE;PASS;PASS;0.07955;IPC Normalized;2.0.2;NPX Signature;assay;828.404;-0.41038;-0.18228;-0.06302
TARGET96;Olink Target 96 Inflammation;3027;Target96;D3;LPS 966-BX wk4;SAMPLE;LIF-R;P42702;OID00511;2.178.946;-123.195;0.22136;TRUE;PASS;PASS;100.000;IPC Normalized;2.0.2;NPX Signature;assay;-123.195;0.22136;-0.18228;-0.06302
TARGET96;Olink Target 96 Inflammation;3027;Target96;D3;LPS 966-BX wk4;SAMPLE;FGF-21;Q9NSA1;OID00512;1.740.611;173.000;-0.44425;FALSE;PASS;PASS;0.07955;IPC Normalized;2.0.2;NPX Signature;assay;173.000;-0.44425;-0.18228;-0.06302
TARGET96;Olink Target 96 Inflammation;3027;Target96;D3;LPS 966-BX wk4;SAMPLE;CCL19;Q99731;OID00513;1.902.516;384.388;195.046;FALSE;PASS;PASS;0.07955;IPC Normalized;2.0.2;NPX Signature;assay;384.388;195.046;-0.18228;-0.06302
TARGET96;Olink Target 96 Inflammation;3027;Target96;D3;LPS 966-BX wk4;SAMPLE;Inc Ctrl 2;NA;OID00006;1.487.645;-0.14018;-0.10165;TRUE;PASS;NA;0.90909;IPC Normalized;2.0.2;NPX Signature;inc_ctrl_2;-0.14018;-0.10165;-0.18228;-0.06302
TARGET96;Olink Target 96 Inflammation;3027;Target96;D3;LPS 966-BX wk4;SAMPLE;Det Ctrl;NA;OID00007;999.877;-0.32743;0.01785;TRUE;PASS;NA;0.92045;IPC Normalized;2.0.2;NPX Signature;det_ctrl;-0.32743;0.01785;-0.18228;-0.06302
TARGET96;Olink Target 96 Inflammation;3027;Target96;D3;LPS 966-BX wk4;SAMPLE;IL-15RA;Q13261;OID00514;2.187.242;-0.54806;0.09772;TRUE;PASS;PASS;100.000;IPC Normalized;2.0.2;NPX Signature;assay;-0.54806;0.09772;-0.18228;-0.06302
TARGET96;Olink Target 96 Inflammation;3027;Target96;D3;LPS 966-BX wk4;SAMPLE;IL-10RB;Q08334;OID00515;2.145.452;-0.30923;-0.88484;FALSE;PASS;PASS;0.37500;IPC Normalized;2.0.2;NPX Signature;assay;-0.30923;-0.88484;-0.18228;-0.06302
TARGET96;Olink Target 96 Inflammation;3027;Target96;D3;LPS 966-BX wk4;SAMPLE;IL-22 RA1;Q8N6P7;OID00516;2.612.324;0.06591;264.114;TRUE;PASS;PASS;0.98864;IPC Normalized;2.0.2;NPX Signature;assay;0.06591;264.114;-0.18228;-0.06302
TARGET96;Olink Target 96 Inflammation;3027;Target96;D3;LPS 966-BX wk4;SAMPLE;IL-18R1;Q13478;OID00517;1.984.424;308.262;0.59764;FALSE;PASS;PASS;0.07955;IPC Normalized;2.0.2;NPX Signature;assay;308.262;0.59764;-0.18228;-0.06302
TARGET96;Olink Target 96 Inflammation;3027;Target96;D3;LPS 966-BX wk4;SAMPLE;PD-L1;Q9NZQ7;OID00518;2.110.342;367.862;206.434;FALSE;PASS;PASS;0.13636;IPC Normalized;2.0.2;NPX Signature;assay;367.862;206.434;-0.18228;-0.06302
TARGET96;Olink Target 96 Inflammation;3027;Target96;D3;LPS 966-BX wk4;SAMPLE;Beta-NGF;P01138;OID00519;1.398.610;-0.64835;-0.17729;TRUE;PASS;PASS;0.85227;IPC Normalized;2.0.2;NPX Signature;assay;-0.64835;-0.17729;-0.18228;-0.06302
TARGET96;Olink Target 96 Inflammation;3027;Target96;D3;LPS 966-BX wk4;SAMPLE;CXCL5;P42830;OID00520;1.105.590;1.256.771;130.106;FALSE;PASS;PASS;0.07955;IPC Normalized;2.0.2;NPX Signature;assay;1.256.771;130.106;-0.18228;-0.06302
TARGET96;Olink Target 96 Inflammation;3027;Target96;D3;LPS 966-BX wk4;SAMPLE;TRANCE;O14788;OID00521;2.237.026;0.58683;-131.969;FALSE;PASS;PASS;0.11364;IPC Normalized;2.0.2;NPX Signature;assay;0.58683;-131.969;-0.18228;-0.06302
TARGET96;Olink Target 96 Inflammation;3027;Target96;D3;LPS 966-BX wk4;SAMPLE;HGF;P14210;OID00522;1.701.285;416.585;0.10249;FALSE;PASS;PASS;0.07955;IPC Normalized;2.0.2;NPX Signature;assay;416.585;0.10249;-0.18228;-0.06302
TARGET96;Olink Target 96 Inflammation;3027;Target96;D3;LPS 966-BX wk4;SAMPLE;IL-12B;P29460;OID00523;2.117.837;120.148;-141.352;FALSE;PASS;PASS;0.15909;IPC Normalized;2.0.2;NPX Signature;assay;120.148;-141.352;-0.18228;-0.06302
TARGET96;Olink Target 96 Inflammation;3027;Target96;D3;LPS 966-BX wk4;SAMPLE;IL-24;Q13007;OID00524;2.329.392;140.061;0.61372;FALSE;PASS;PASS;0.81818;IPC Normalized;2.0.2;NPX Signature;assay;140.061;0.61372;-0.18228;-0.06302
TARGET96;Olink Target 96 Inflammation;3027;Target96;D3;LPS 966-BX wk4;SAMPLE;IL13;P35225;OID00525;2.177.318;-0.19542;120.432;TRUE;PASS;PASS;0.89773;IPC Normalized;2.0.2;NPX Signature;assay;-0.19542;120.432;-0.18228;-0.06302
TARGET96;Olink Target 96 Inflammation;3027;Target96;D3;LPS 966-BX wk4;SAMPLE;ARTN;Q5T4W7;OID00526;2.347.580;-0.43291;0.58766;TRUE;PASS;PASS;0.84091;IPC Normalized;2.0.2;NPX Signature;assay;-0.43291;0.58766;-0.18228;-0.06302
TARGET96;Olink Target 96 Inflammation;3027;Target96;D3;LPS 966-BX wk4;SAMPLE;MMP-10;P09238;OID00527;1.404.103;707.271;-0.27894;FALSE;PASS;PASS;0.07955;IPC Normalized;2.0.2;NPX Signature;assay;707.271;-0.27894;-0.18228;-0.06302
TARGET96;Olink Target 96 Inflammation;3027;Target96;D3;LPS 966-BX wk4;SAMPLE;IL10;P22301;OID00528;1.465.844;913.612;134.323;FALSE;PASS;PASS;0.07955;IPC Normalized;2.0.2;NPX Signature;assay;913.612;134.323;-0.18228;-0.06302
TARGET96;Olink Target 96 Inflammation;3027;Target96;D3;LPS 966-BX wk4;SAMPLE;TNF;P01375;OID05548;870.998;1.508.372;0.92674;FALSE;PASS;PASS;0.07955;IPC Normalized;2.0.2;NPX Signature;assay;1.508.372;0.92674;-0.18228;-0.06302
TARGET96;Olink Target 96 Inflammation;3027;Target96;D3;LPS 966-BX wk4;SAMPLE;CCL23;P55773;OID00530;1.866.088;271.859;-0.28231;FALSE;PASS;PASS;0.07955;IPC Normalized;2.0.2;NPX Signature;assay;271.859;-0.28231;-0.18228;-0.06302
TARGET96;Olink Target 96 Inflammation;3027;Target96;D3;LPS 966-BX wk4;SAMPLE;CD5;P06127;OID00531;1.429.742;624.705;-0.84352;FALSE;PASS;PASS;0.07955;IPC Normalized;2.0.2;NPX Signature;assay;624.705;-0.84352;-0.18228;-0.06302
TARGET96;Olink Target 96 Inflammation;3027;Target96;D3;LPS 966-BX wk4;SAMPLE;CCL3;P10147;OID00532;808.521;1.233.260;-0.11401;FALSE;PASS;PASS;0.07955;IPC Normalized;2.0.2;NPX Signature;assay;1.233.260;-0.11401;-0.18228;-0.06302
TARGET96;Olink Target 96 Inflammation;3027;Target96;D3;LPS 966-BX wk4;SAMPLE;Flt3L;P49771;OID00533;2.130.257;468.104;0.29529;FALSE;PASS;PASS;0.07955;IPC Normalized;2.0.2;NPX Signature;assay;468.104;0.29529;-0.18228;-0.06302
TARGET96;Olink Target 96 Inflammation;3027;Target96;D3;LPS 966-BX wk4;SAMPLE;CXCL6;P80162;OID00534;1.861.182;371.089;0.42501;FALSE;PASS;PASS;0.07955;IPC Normalized;2.0.2;NPX Signature;assay;371.089;0.42501;-0.18228;-0.06302
TARGET96;Olink Target 96 Inflammation;3027;Target96;D3;LPS 966-BX wk4;SAMPLE;CXCL10;P02778;OID00535;1.350.630;952.212;158.004;FALSE;PASS;PASS;0.07955;IPC Normalized;2.0.2;NPX Signature;assay;952.212;158.004;-0.18228;-0.06302
TARGET96;Olink Target 96 Inflammation;3027;Target96;D3;LPS 966-BX wk4;SAMPLE;4E-BP1;Q13541;OID00536;1.526.934;417.408;-0.95345;FALSE;PASS;PASS;0.07955;IPC Normalized;2.0.2;NPX Signature;assay;417.408;-0.95345;-0.18228;-0.06302
TARGET96;Olink Target 96 Inflammation;3027;Target96;D3;LPS 966-BX wk4;SAMPLE;IL-20;Q9NYY1;OID00537;2.031.336;-0.47005;-0.28182;TRUE;PASS;PASS;0.97727;IPC Normalized;2.0.2;NPX Signature;assay;-0.47005;-0.28182;-0.18228;-0.06302
TARGET96;Olink Target 96 Inflammation;3027;Target96;D3;LPS 966-BX wk4;SAMPLE;SIRT2;Q8IXJ6;OID00538;1.964.626;286.732;116.589;FALSE;PASS;PASS;0.18182;IPC Normalized;2.0.2;NPX Signature;assay;286.732;116.589;-0.18228;-0.06302
TARGET96;Olink Target 96 Inflammation;3027;Target96;D3;LPS 966-BX wk4;SAMPLE;CCL28;Q9NRJ3;OID00539;2.203.739;-136.412;-0.70486;TRUE;PASS;PASS;0.85227;IPC Normalized;2.0.2;NPX Signature;assay;-136.412;-0.70486;-0.18228;-0.06302
TARGET96;Olink Target 96 Inflammation;3027;Target96;D3;LPS 966-BX wk4;SAMPLE;DNER;Q8NFT8;OID01213;1.844.526;140.487;-0.30062;FALSE;PASS;PASS;0.07955;IPC Normalized;2.0.2;NPX Signature;assay;140.487;-0.30062;-0.18228;-0.06302
TARGET96;Olink Target 96 Inflammation;3027;Target96;D3;LPS 966-BX wk4;SAMPLE;EN-RAGE;P80511;OID00541;1.572.087;624.524;0.09630;FALSE;PASS;PASS;0.07955;IPC Normalized;2.0.2;NPX Signature;assay;624.524;0.09630;-0.18228;-0.06302
TARGET96;Olink Target 96 Inflammation;3027;Target96;D3;LPS 966-BX wk4;SAMPLE;CD40;P25942;OID00542;1.570.641;821.633;224.967;FALSE;PASS;PASS;0.07955;IPC Normalized;2.0.2;NPX Signature;assay;821.633;224.967;-0.18228;-0.06302
TARGET96;Olink Target 96 Inflammation;3027;Target96;D3;LPS 966-BX wk4;SAMPLE;IL33;O95760;OID00543;2.277.777;-108.347;0.91606;TRUE;PASS;PASS;100.000;IPC Normalized;2.0.2;NPX Signature;assay;-108.347;0.91606;-0.18228;-0.06302
TARGET96;Olink Target 96 Inflammation;3027;Target96;D3;LPS 966-BX wk4;SAMPLE;IFN-gamma;P01579;OID05547;872.117;1.661.722;305.868;FALSE;PASS;PASS;0.07955;IPC Normalized;2.0.2;NPX Signature;assay;1.661.722;305.868;-0.18228;-0.06302
TARGET96;Olink Target 96 Inflammation;3027;Target96;D3;LPS 966-BX wk4;SAMPLE;FGF-19;O95750;OID00545;2.092.663;-0.87839;-0.76210;TRUE;PASS;PASS;0.67045;IPC Normalized;2.0.2;NPX Signature;assay;-0.87839;-0.76210;-0.18228;-0.06302
TARGET96;Olink Target 96 Inflammation;3027;Target96;D3;LPS 966-BX wk4;SAMPLE;IL4;P05112;OID00546;2.304.178;-0.84662;-102.563;FALSE;PASS;PASS;0.29545;IPC Normalized;2.0.2;NPX Signature;assay;-0.84662;-102.563;-0.18228;-0.06302
TARGET96;Olink Target 96 Inflammation;3027;Target96;D3;LPS 966-BX wk4;SAMPLE;LIF;P15018;OID00547;1.690.929;286.030;-0.79961;FALSE;PASS;PASS;0.07955;IPC Normalized;2.0.2;NPX Signature;assay;286.030;-0.79961;-0.18228;-0.06302
TARGET96;Olink Target 96 Inflammation;3027;Target96;D3;LPS 966-BX wk4;SAMPLE;NRTN;Q99748;OID00548;2.131.426;-105.728;-0.41185;TRUE;PASS;PASS;0.97727;IPC Normalized;2.0.2;NPX Signature;assay;-105.728;-0.41185;-0.18228;-0.06302
TARGET96;Olink Target 96 Inflammation;3027;Target96;D3;LPS 966-BX wk4;SAMPLE;MCP-2;P80075;OID00549;1.238.368;1.128.856;127.866;FALSE;PASS;PASS;0.07955;IPC Normalized;2.0.2;NPX Signature;assay;1.128.856;127.866;-0.18228;-0.06302
TARGET96;Olink Target 96 Inflammation;3027;Target96;D3;LPS 966-BX wk4;SAMPLE;CASP-8;Q14790;OID00550;1.553.518;596.210;0.91291;FALSE;PASS;PASS;0.07955;IPC Normalized;2.0.2;NPX Signature;assay;596.210;0.91291;-0.18228;-0.06302
TARGET96;Olink Target 96 Inflammation;3027;Target96;D3;LPS 966-BX wk4;SAMPLE;CCL25;O15444;OID00551;2.102.421;-122.919;-0.18758;TRUE;PASS;PASS;0.98864;IPC Normalized;2.0.2;NPX Signature;assay;-122.919;-0.18758;-0.18228;-0.06302
TARGET96;Olink Target 96 Inflammation;3027;Target96;D3;LPS 966-BX wk4;SAMPLE;CX3CL1;P78423;OID00552;2.544.328;-218.913;-0.12333;TRUE;PASS;PASS;0.94318;IPC Normalized;2.0.2;NPX Signature;assay;-218.913;-0.12333;-0.18228;-0.06302
TARGET96;Olink Target 96 Inflammation;3027;Target96;D3;LPS 966-BX wk4;SAMPLE;TNFRSF9;Q07011;OID00553;1.736.245;517.982;0.83400;FALSE;PASS;PASS;0.07955;IPC Normalized;2.0.2;NPX Signature;assay;517.982;0.83400;-0.18228;-0.06302
TARGET96;Olink Target 96 Inflammation;3027;Target96;D3;LPS 966-BX wk4;SAMPLE;NT-3;P20783;OID00554;2.205.574;-0.10393;0.74628;TRUE;PASS;PASS;0.98864;IPC Normalized;2.0.2;NPX Signature;assay;-0.10393;0.74628;-0.18228;-0.06302
TARGET96;Olink Target 96 Inflammation;3027;Target96;D3;LPS 966-BX wk4;SAMPLE;TWEAK;O43508;OID00555;2.060.286;268.305;-182.937;FALSE;PASS;PASS;0.07955;IPC Normalized;2.0.2;NPX Signature;assay;268.305;-182.937;-0.18228;-0.06302
TARGET96;Olink Target 96 Inflammation;3027;Target96;D3;LPS 966-BX wk4;SAMPLE;CCL20;P78556;OID00556;1.205.748;994.433;131.645;FALSE;PASS;PASS;0.07955;IPC Normalized;2.0.2;NPX Signature;assay;994.433;131.645;-0.18228;-0.06302
TARGET96;Olink Target 96 Inflammation;3027;Target96;D3;LPS 966-BX wk4;SAMPLE;ST1A1;P50225;OID00557;1.481.464;795.298;125.003;FALSE;PASS;PASS;0.07955;IPC Normalized;2.0.2;NPX Signature;assay;795.298;125.003;-0.18228;-0.06302
TARGET96;Olink Target 96 Inflammation;3027;Target96;D3;LPS 966-BX wk4;SAMPLE;STAMBP;O95630;OID00558;1.745.841;345.916;-0.80337;FALSE;PASS;PASS;0.07955;IPC Normalized;2.0.2;NPX Signature;assay;345.916;-0.80337;-0.18228;-0.06302
TARGET96;Olink Target 96 Inflammation;3027;Target96;D3;LPS 966-BX wk4;SAMPLE;IL5;P05113;OID00559;2.290.601;-0.38189;142.788;TRUE;PASS;PASS;0.95455;IPC Normalized;2.0.2;NPX Signature;assay;-0.38189;142.788;-0.18228;-0.06302
TARGET96;Olink Target 96 Inflammation;3027;Target96;D3;LPS 966-BX wk4;SAMPLE;ADA;P00813;OID00560;1.552.534;594.969;-0.40830;FALSE;PASS;PASS;0.07955;IPC Normalized;2.0.2;NPX Signature;assay;594.969;-0.40830;-0.18228;-0.06302
TARGET96;Olink Target 96 Inflammation;3027;Target96;D3;LPS 966-BX wk4;SAMPLE;TNFB;P01374;OID00561;2.302.106;0.65750;0.56835;FALSE;PASS;PASS;0.64773;IPC Normalized;2.0.2;NPX Signature;assay;0.65750;0.56835;-0.18228;-0.06302
TARGET96;Olink Target 96 Inflammation;3027;Target96;D3;LPS 966-BX wk4;SAMPLE;CSF-1;P09603;OID00562;1.838.685;416.919;0.85565;FALSE;PASS;PASS;0.07955;IPC Normalized;2.0.2;NPX Signature;assay;416.919;0.85565;-0.18228;-0.06302
TARGET96;Olink Target 96 Inflammation;3027;Target96;E3;LPS 365-ZP wk0;SAMPLE;IL8;P10145;OID00471;1.032.285;1.307.457;166.148;FALSE;WARN;PASS;0.07955;IPC Normalized;2.0.2;NPX Signature;assay;1.307.457;166.148;-0.31525;0.28459
TARGET96;Olink Target 96 Inflammation;3027;Target96;E3;LPS 365-ZP wk0;SAMPLE;VEGFA;P15692;OID00472;1.929.729;499.730;0.00696;FALSE;WARN;PASS;0.07955;IPC Normalized;2.0.2;NPX Signature;assay;499.730;0.00696;-0.31525;0.28459
TARGET96;Olink Target 96 Inflammation;3027;Target96;E3;LPS 365-ZP wk0;SAMPLE;CD8A;P01732;OID05124;2.026.203;253.308;-126.143;FALSE;WARN;PASS;0.07955;IPC Normalized;2.0.2;NPX Signature;assay;253.308;-126.143;-0.31525;0.28459
TARGET96;Olink Target 96 Inflammation;3027;Target96;E3;LPS 365-ZP wk0;SAMPLE;Inc Ctrl 1;NA;OID00004;1.398.366;0.36538;0.07730;FALSE;WARN;NA;0.52273;IPC Normalized;2.0.2;NPX Signature;inc_ctrl_1;0.36538;0.07730;-0.31525;0.28459
TARGET96;Olink Target 96 Inflammation;3027;Target96;E3;LPS 365-ZP wk0;SAMPLE;MCP-3;P80098;OID00474;1.772.240;764.649;143.285;FALSE;WARN;PASS;0.07955;IPC Normalized;2.0.2;NPX Signature;assay;764.649;143.285;-0.31525;0.28459
TARGET96;Olink Target 96 Inflammation;3027;Target96;E3;LPS 365-ZP wk0;SAMPLE;GDNF;P39905;OID00475;2.407.599;0.96295;147.654;TRUE;WARN;PASS;0.97727;IPC Normalized;2.0.2;NPX Signature;assay;0.96295;147.654;-0.31525;0.28459
TARGET96;Olink Target 96 Inflammation;3027;Target96;E3;LPS 365-ZP wk0;SAMPLE;CDCP1;Q9H5V8;OID00476;2.393.555;0.21885;-0.58297;FALSE;WARN;PASS;0.27273;IPC Normalized;2.0.2;NPX Signature;assay;0.21885;-0.58297;-0.31525;0.28459
TARGET96;Olink Target 96 Inflammation;3027;Target96;E3;LPS 365-ZP wk0;SAMPLE;CD244;Q9BZW8;OID00477;2.004.336;463.278;153.762;FALSE;WARN;PASS;0.07955;IPC Normalized;2.0.2;NPX Signature;assay;463.278;153.762;-0.31525;0.28459
TARGET96;Olink Target 96 Inflammation;3027;Target96;E3;LPS 365-ZP wk0;SAMPLE;IL7;P13232;OID00478;2.322.324;-154.909;-0.70852;TRUE;WARN;PASS;0.95455;IPC Normalized;2.0.2;NPX Signature;assay;-154.909;-0.70852;-0.31525;0.28459
TARGET96;Olink Target 96 Inflammation;3027;Target96;E3;LPS 365-ZP wk0;SAMPLE;OPG;O00300;OID00479;1.794.539;334.079;-0.81398;FALSE;WARN;PASS;0.15909;IPC Normalized;2.0.2;NPX Signature;assay;334.079;-0.81398;-0.31525;0.28459
TARGET96;Olink Target 96 Inflammation;3027;Target96;E3;LPS 365-ZP wk0;SAMPLE;LAP TGF-beta-1;P01137;OID00480;2.008.552;324.093;-104.297;FALSE;WARN;PASS;0.07955;IPC Normalized;2.0.2;NPX Signature;assay;324.093;-104.297;-0.31525;0.28459
TARGET96;Olink Target 96 Inflammation;3027;Target96;E3;LPS 365-ZP wk0;SAMPLE;uPA;P00749;OID00481;1.534.132;597.619;0.11788;FALSE;WARN;PASS;0.07955;IPC Normalized;2.0.2;NPX Signature;assay;597.619;0.11788;-0.31525;0.28459
TARGET96;Olink Target 96 Inflammation;3027;Target96;E3;LPS 365-ZP wk0;SAMPLE;IL6;P05231;OID00482;1.050.457;1.267.459;131.223;FALSE;WARN;PASS;0.07955;IPC Normalized;2.0.2;NPX Signature;assay;1.267.459;131.223;-0.31525;0.28459
TARGET96;Olink Target 96 Inflammation;3027;Target96;E3;LPS 365-ZP wk0;SAMPLE;IL-17C;Q9P0M4;OID00483;2.405.020;-0.44437;105.079;TRUE;WARN;PASS;100.000;IPC Normalized;2.0.2;NPX Signature;assay;-0.44437;105.079;-0.31525;0.28459
TARGET96;Olink Target 96 Inflammation;3027;Target96;E3;LPS 365-ZP wk0;SAMPLE;MCP-1;P13500;OID00484;1.048.765;1.352.443;126.065;FALSE;WARN;PASS;0.07955;IPC Normalized;2.0.2;NPX Signature;assay;1.352.443;126.065;-0.31525;0.28459
TARGET96;Olink Target 96 Inflammation;3027;Target96;E3;LPS 365-ZP wk0;SAMPLE;IL-17A;Q16552;OID00485;2.484.230;-0.36011;0.57759;TRUE;WARN;PASS;0.84091;IPC Normalized;2.0.2;NPX Signature;assay;-0.36011;0.57759;-0.31525;0.28459
TARGET96;Olink Target 96 Inflammation;3027;Target96;E3;LPS 365-ZP wk0;SAMPLE;CXCL11;O14625;OID00486;1.976.434;412.980;0.12817;FALSE;WARN;PASS;0.09091;IPC Normalized;2.0.2;NPX Signature;assay;412.980;0.12817;-0.31525;0.28459
TARGET96;Olink Target 96 Inflammation;3027;Target96;E3;LPS 365-ZP wk0;SAMPLE;AXIN1;O15169;OID00487;2.178.370;0.77742;-0.49354;FALSE;WARN;PASS;0.12500;IPC Normalized;2.0.2;NPX Signature;assay;0.77742;-0.49354;-0.31525;0.28459
TARGET96;Olink Target 96 Inflammation;3027;Target96;E3;LPS 365-ZP wk0;SAMPLE;Ext Ctrl;NA;OID00005;1.579.896;0.00000;0.00000;FALSE;WARN;NA;0.07955;IPC Normalized;2.0.2;NPX Signature;ext_ctrl;0.00000;0.00000;-0.31525;0.28459
TARGET96;Olink Target 96 Inflammation;3027;Target96;E3;LPS 365-ZP wk0;SAMPLE;TRAIL;P50591;OID00488;2.161.525;162.904;-0.15284;FALSE;WARN;PASS;0.07955;IPC Normalized;2.0.2;NPX Signature;assay;162.904;-0.15284;-0.31525;0.28459
TARGET96;Olink Target 96 Inflammation;3027;Target96;E3;LPS 365-ZP wk0;SAMPLE;IL-20RA;Q9UHF4;OID00489;2.379.208;-0.42457;104.704;TRUE;WARN;PASS;100.000;IPC Normalized;2.0.2;NPX Signature;assay;-0.42457;104.704;-0.31525;0.28459
TARGET96;Olink Target 96 Inflammation;3027;Target96;E3;LPS 365-ZP wk0;SAMPLE;CXCL9;Q07325;OID00490;1.728.555;579.636;0.66560;FALSE;WARN;PASS;0.20455;IPC Normalized;2.0.2;NPX Signature;assay;579.636;0.66560;-0.31525;0.28459
TARGET96;Olink Target 96 Inflammation;3027;Target96;E3;LPS 365-ZP wk0;SAMPLE;CST5;P28325;OID00491;2.345.258;-0.33498;-107.592;FALSE;WARN;PASS;0.63636;IPC Normalized;2.0.2;NPX Signature;assay;-0.33498;-107.592;-0.31525;0.28459
TARGET96;Olink Target 96 Inflammation;3027;Target96;E3;LPS 365-ZP wk0;SAMPLE;IL-2RB;P14784;OID00492;2.411.314;0.69845;165.436;TRUE;WARN;PASS;100.000;IPC Normalized;2.0.2;NPX Signature;assay;0.69845;165.436;-0.31525;0.28459
TARGET96;Olink Target 96 Inflammation;3027;Target96;E3;LPS 365-ZP wk0;SAMPLE;IL-1 alpha;P01583;OID00493;1.078.766;1.135.280;-0.99251;FALSE;WARN;PASS;0.07955;IPC Normalized;2.0.2;NPX Signature;assay;1.135.280;-0.99251;-0.31525;0.28459
TARGET96;Olink Target 96 Inflammation;3027;Target96;E3;LPS 365-ZP wk0;SAMPLE;OSM;P13725;OID00494;1.443.976;919.279;0.16675;FALSE;WARN;PASS;0.07955;IPC Normalized;2.0.2;NPX Signature;assay;919.279;0.16675;-0.31525;0.28459
TARGET96;Olink Target 96 Inflammation;3027;Target96;E3;LPS 365-ZP wk0;SAMPLE;IL2;P60568;OID00495;2.373.440;0.31973;128.757;TRUE;WARN;PASS;0.94318;IPC Normalized;2.0.2;NPX Signature;assay;0.31973;128.757;-0.31525;0.28459
TARGET96;Olink Target 96 Inflammation;3027;Target96;E3;LPS 365-ZP wk0;SAMPLE;CXCL1;P09341;OID00496;1.266.825;1.381.846;279.881;FALSE;WARN;PASS;0.07955;IPC Normalized;2.0.2;NPX Signature;assay;1.381.846;279.881;-0.31525;0.28459
TARGET96;Olink Target 96 Inflammation;3027;Target96;E3;LPS 365-ZP wk0;SAMPLE;TSLP;Q969D9;OID00497;2.605.021;0.28697;0.78329;TRUE;WARN;PASS;0.81818;IPC Normalized;2.0.2;NPX Signature;assay;0.28697;0.78329;-0.31525;0.28459
TARGET96;Olink Target 96 Inflammation;3027;Target96;E3;LPS 365-ZP wk0;SAMPLE;CCL4;P13236;OID00498;853.730;1.248.310;-0.42383;FALSE;WARN;PASS;0.07955;IPC Normalized;2.0.2;NPX Signature;assay;1.248.310;-0.42383;-0.31525;0.28459
TARGET96;Olink Target 96 Inflammation;3027;Target96;E3;LPS 365-ZP wk0;SAMPLE;CD6;P30203;OID00499;1.980.295;461.447;-0.86517;FALSE;WARN;PASS;0.07955;IPC Normalized;2.0.2;NPX Signature;assay;461.447;-0.86517;-0.31525;0.28459
TARGET96;Olink Target 96 Inflammation;3027;Target96;E3;LPS 365-ZP wk0;SAMPLE;SCF;P21583;OID00500;2.380.258;-0.60102;0.19953;TRUE;WARN;PASS;0.96591;IPC Normalized;2.0.2;NPX Signature;assay;-0.60102;0.19953;-0.31525;0.28459
TARGET96;Olink Target 96 Inflammation;3027;Target96;E3;LPS 365-ZP wk0;SAMPLE;IL18;Q14116;OID00501;1.480.545;858.245;0.08663;FALSE;WARN;PASS;0.07955;IPC Normalized;2.0.2;NPX Signature;assay;858.245;0.08663;-0.31525;0.28459
TARGET96;Olink Target 96 Inflammation;3027;Target96;E3;LPS 365-ZP wk0;SAMPLE;SLAMF1;Q13291;OID00502;2.446.723;0.52256;0.76837;TRUE;WARN;PASS;0.81818;IPC Normalized;2.0.2;NPX Signature;assay;0.52256;0.76837;-0.31525;0.28459
TARGET96;Olink Target 96 Inflammation;3027;Target96;E3;LPS 365-ZP wk0;SAMPLE;TGF-alpha;P01135;OID00503;2.050.817;328.119;-171.917;FALSE;WARN;PASS;0.07955;IPC Normalized;2.0.2;NPX Signature;assay;328.119;-171.917;-0.31525;0.28459
TARGET96;Olink Target 96 Inflammation;3027;Target96;E3;LPS 365-ZP wk0;SAMPLE;MCP-4;Q99616;OID00504;1.986.611;739.153;143.956;FALSE;WARN;PASS;0.07955;IPC Normalized;2.0.2;NPX Signature;assay;739.153;143.956;-0.31525;0.28459
TARGET96;Olink Target 96 Inflammation;3027;Target96;E3;LPS 365-ZP wk0;SAMPLE;CCL11;P51671;OID00505;2.222.038;-0.65980;-0.40053;TRUE;WARN;PASS;0.68182;IPC Normalized;2.0.2;NPX Signature;assay;-0.65980;-0.40053;-0.31525;0.28459
TARGET96;Olink Target 96 Inflammation;3027;Target96;E3;LPS 365-ZP wk0;SAMPLE;TNFSF14;O43557;OID00506;1.600.495;530.944;-0.44803;FALSE;WARN;PASS;0.07955;IPC Normalized;2.0.2;NPX Signature;assay;530.944;-0.44803;-0.31525;0.28459
TARGET96;Olink Target 96 Inflammation;3027;Target96;E3;LPS 365-ZP wk0;SAMPLE;FGF-23;Q9GZV9;OID00507;2.379.221;0.12104;0.91747;TRUE;WARN;PASS;0.96591;IPC Normalized;2.0.2;NPX Signature;assay;0.12104;0.91747;-0.31525;0.28459
TARGET96;Olink Target 96 Inflammation;3027;Target96;E3;LPS 365-ZP wk0;SAMPLE;IL-10RA;Q13651;OID00508;2.199.314;-0.03259;-0.70231;FALSE;WARN;PASS;0.50000;IPC Normalized;2.0.2;NPX Signature;assay;-0.03259;-0.70231;-0.31525;0.28459
TARGET96;Olink Target 96 Inflammation;3027;Target96;E3;LPS 365-ZP wk0;SAMPLE;FGF-5;P12034;OID00509;2.259.452;-0.51583;-0.11172;TRUE;WARN;PASS;0.98864;IPC Normalized;2.0.2;NPX Signature;assay;-0.51583;-0.11172;-0.31525;0.28459
TARGET96;Olink Target 96 Inflammation;3027;Target96;E3;LPS 365-ZP wk0;SAMPLE;MMP-1;P03956;OID00510;1.535.014;891.560;-0.41038;FALSE;WARN;PASS;0.07955;IPC Normalized;2.0.2;NPX Signature;assay;891.560;-0.41038;-0.31525;0.28459
TARGET96;Olink Target 96 Inflammation;3027;Target96;E3;LPS 365-ZP wk0;SAMPLE;LIF-R;P42702;OID00511;2.368.212;-131.825;0.22136;TRUE;WARN;PASS;100.000;IPC Normalized;2.0.2;NPX Signature;assay;-131.825;0.22136;-0.31525;0.28459
TARGET96;Olink Target 96 Inflammation;3027;Target96;E3;LPS 365-ZP wk0;SAMPLE;FGF-21;Q9NSA1;OID00512;1.870.878;223.369;-0.44425;FALSE;WARN;PASS;0.07955;IPC Normalized;2.0.2;NPX Signature;assay;223.369;-0.44425;-0.31525;0.28459
TARGET96;Olink Target 96 Inflammation;3027;Target96;E3;LPS 365-ZP wk0;SAMPLE;CCL19;Q99731;OID00513;2.053.371;414.168;195.046;FALSE;WARN;PASS;0.07955;IPC Normalized;2.0.2;NPX Signature;assay;414.168;195.046;-0.31525;0.28459
TARGET96;Olink Target 96 Inflammation;3027;Target96;E3;LPS 365-ZP wk0;SAMPLE;Inc Ctrl 2;NA;OID00006;1.691.665;-0.37403;-0.10165;TRUE;WARN;NA;0.90909;IPC Normalized;2.0.2;NPX Signature;inc_ctrl_2;-0.37403;-0.10165;-0.31525;0.28459
TARGET96;Olink Target 96 Inflammation;3027;Target96;E3;LPS 365-ZP wk0;SAMPLE;Det Ctrl;NA;OID00007;1.193.810;-0.46040;0.01785;TRUE;WARN;NA;0.92045;IPC Normalized;2.0.2;NPX Signature;det_ctrl;-0.46040;0.01785;-0.31525;0.28459
TARGET96;Olink Target 96 Inflammation;3027;Target96;E3;LPS 365-ZP wk0;SAMPLE;IL-15RA;Q13261;OID00514;2.489.181;-176.109;0.09772;TRUE;WARN;PASS;100.000;IPC Normalized;2.0.2;NPX Signature;assay;-176.109;0.09772;-0.31525;0.28459
TARGET96;Olink Target 96 Inflammation;3027;Target96;E3;LPS 365-ZP wk0;SAMPLE;IL-10RB;Q08334;OID00515;2.394.522;-0.99358;-0.88484;TRUE;WARN;PASS;0.37500;IPC Normalized;2.0.2;NPX Signature;assay;-0.99358;-0.88484;-0.31525;0.28459
TARGET96;Olink Target 96 Inflammation;3027;Target96;E3;LPS 365-ZP wk0;SAMPLE;IL-22 RA1;Q8N6P7;OID00516;99.900.000;NA;264.114;NA;WARN;PASS;0.98864;IPC Normalized;2.0.2;NPX Signature;assay;NA;264.114;-0.31525;0.28459
TARGET96;Olink Target 96 Inflammation;3027;Target96;E3;LPS 365-ZP wk0;SAMPLE;IL-18R1;Q13478;OID00517;2.145.769;327.553;0.59764;FALSE;WARN;PASS;0.07955;IPC Normalized;2.0.2;NPX Signature;assay;327.553;0.59764;-0.31525;0.28459
TARGET96;Olink Target 96 Inflammation;3027;Target96;E3;LPS 365-ZP wk0;SAMPLE;PD-L1;Q9NZQ7;OID00518;2.258.897;399.943;206.434;FALSE;WARN;PASS;0.13636;IPC Normalized;2.0.2;NPX Signature;assay;399.943;206.434;-0.31525;0.28459
TARGET96;Olink Target 96 Inflammation;3027;Target96;E3;LPS 365-ZP wk0;SAMPLE;Beta-NGF;P01138;OID00519;1.552.080;-0.37670;-0.17729;TRUE;WARN;PASS;0.85227;IPC Normalized;2.0.2;NPX Signature;assay;-0.37670;-0.17729;-0.31525;0.28459
TARGET96;Olink Target 96 Inflammation;3027;Target96;E3;LPS 365-ZP wk0;SAMPLE;CXCL5;P42830;OID00520;1.204.819;1.338.178;130.106;FALSE;WARN;PASS;0.07955;IPC Normalized;2.0.2;NPX Signature;assay;1.338.178;130.106;-0.31525;0.28459
TARGET96;Olink Target 96 Inflammation;3027;Target96;E3;LPS 365-ZP wk0;SAMPLE;TRANCE;O14788;OID00521;2.345.562;130.783;-131.969;FALSE;WARN;PASS;0.11364;IPC Normalized;2.0.2;NPX Signature;assay;130.783;-131.969;-0.31525;0.28459
TARGET96;Olink Target 96 Inflammation;3027;Target96;E3;LPS 365-ZP wk0;SAMPLE;HGF;P14210;OID00522;1.788.836;509.670;0.10249;FALSE;WARN;PASS;0.07955;IPC Normalized;2.0.2;NPX Signature;assay;509.670;0.10249;-0.31525;0.28459
TARGET96;Olink Target 96 Inflammation;3027;Target96;E3;LPS 365-ZP wk0;SAMPLE;IL-12B;P29460;OID00523;2.058.765;359.855;-141.352;FALSE;WARN;PASS;0.15909;IPC Normalized;2.0.2;NPX Signature;assay;359.855;-141.352;-0.31525;0.28459
TARGET96;Olink Target 96 Inflammation;3027;Target96;E3;LPS 365-ZP wk0;SAMPLE;IL-24;Q13007;OID00524;2.633.914;0.16175;0.61372;TRUE;WARN;PASS;0.81818;IPC Normalized;2.0.2;NPX Signature;assay;0.16175;0.61372;-0.31525;0.28459
TARGET96;Olink Target 96 Inflammation;3027;Target96;E3;LPS 365-ZP wk0;SAMPLE;IL13;P35225;OID00525;2.308.849;0.29563;120.432;TRUE;WARN;PASS;0.89773;IPC Normalized;2.0.2;NPX Signature;assay;0.29563;120.432;-0.31525;0.28459
TARGET96;Olink Target 96 Inflammation;3027;Target96;E3;LPS 365-ZP wk0;SAMPLE;ARTN;Q5T4W7;OID00526;2.539.874;-0.54949;0.58766;TRUE;WARN;PASS;0.84091;IPC Normalized;2.0.2;NPX Signature;assay;-0.54949;0.58766;-0.31525;0.28459
TARGET96;Olink Target 96 Inflammation;3027;Target96;E3;LPS 365-ZP wk0;SAMPLE;MMP-10;P09238;OID00527;1.506.487;785.523;-0.27894;FALSE;WARN;PASS;0.07955;IPC Normalized;2.0.2;NPX Signature;assay;785.523;-0.27894;-0.31525;0.28459
TARGET96;Olink Target 96 Inflammation;3027;Target96;E3;LPS 365-ZP wk0;SAMPLE;IL10;P22301;OID00528;1.558.556;1.001.536;134.323;FALSE;WARN;PASS;0.07955;IPC Normalized;2.0.2;NPX Signature;assay;1.001.536;134.323;-0.31525;0.28459
TARGET96;Olink Target 96 Inflammation;3027;Target96;E3;LPS 365-ZP wk0;SAMPLE;TNF;P01375;OID05548;1.099.737;1.460.270;0.92674;FALSE;WARN;PASS;0.07955;IPC Normalized;2.0.2;NPX Signature;assay;1.460.270;0.92674;-0.31525;0.28459
TARGET96;Olink Target 96 Inflammation;3027;Target96;E3;LPS 365-ZP wk0;SAMPLE;CCL23;P55773;OID00530;2.065.261;253.322;-0.28231;FALSE;WARN;PASS;0.07955;IPC Normalized;2.0.2;NPX Signature;assay;253.322;-0.28231;-0.31525;0.28459
TARGET96;Olink Target 96 Inflammation;3027;Target96;E3;LPS 365-ZP wk0;SAMPLE;CD5;P06127;OID00531;1.576.596;658.488;-0.84352;FALSE;WARN;PASS;0.07955;IPC Normalized;2.0.2;NPX Signature;assay;658.488;-0.84352;-0.31525;0.28459
TARGET96;Olink Target 96 Inflammation;3027;Target96;E3;LPS 365-ZP wk0;SAMPLE;CCL3;P10147;OID00532;951.306;1.271.111;-0.11401;FALSE;WARN;PASS;0.07955;IPC Normalized;2.0.2;NPX Signature;assay;1.271.111;-0.11401;-0.31525;0.28459
TARGET96;Olink Target 96 Inflammation;3027;Target96;E3;LPS 365-ZP wk0;SAMPLE;Flt3L;P49771;OID00533;2.289.916;489.080;0.29529;FALSE;WARN;PASS;0.07955;IPC Normalized;2.0.2;NPX Signature;assay;489.080;0.29529;-0.31525;0.28459
TARGET96;Olink Target 96 Inflammation;3027;Target96;E3;LPS 365-ZP wk0;SAMPLE;CXCL6;P80162;OID00534;1.828.319;584.587;0.42501;FALSE;WARN;PASS;0.07955;IPC Normalized;2.0.2;NPX Signature;assay;584.587;0.42501;-0.31525;0.28459
TARGET96;Olink Target 96 Inflammation;3027;Target96;E3;LPS 365-ZP wk0;SAMPLE;CXCL10;P02778;OID00535;1.598.269;885.209;158.004;FALSE;WARN;PASS;0.07955;IPC Normalized;2.0.2;NPX Signature;assay;885.209;158.004;-0.31525;0.28459
TARGET96;Olink Target 96 Inflammation;3027;Target96;E3;LPS 365-ZP wk0;SAMPLE;4E-BP1;Q13541;OID00536;1.647.943;477.036;-0.95345;FALSE;WARN;PASS;0.07955;IPC Normalized;2.0.2;NPX Signature;assay;477.036;-0.95345;-0.31525;0.28459
TARGET96;Olink Target 96 Inflammation;3027;Target96;E3;LPS 365-ZP wk0;SAMPLE;IL-20;Q9NYY1;OID00537;2.213.924;-0.48957;-0.28182;TRUE;WARN;PASS;0.97727;IPC Normalized;2.0.2;NPX Signature;assay;-0.48957;-0.28182;-0.31525;0.28459
TARGET96;Olink Target 96 Inflammation;3027;Target96;E3;LPS 365-ZP wk0;SAMPLE;SIRT2;Q8IXJ6;OID00538;2.027.158;404.835;116.589;FALSE;WARN;PASS;0.18182;IPC Normalized;2.0.2;NPX Signature;assay;404.835;116.589;-0.31525;0.28459
TARGET96;Olink Target 96 Inflammation;3027;Target96;E3;LPS 365-ZP wk0;SAMPLE;CCL28;Q9NRJ3;OID00539;2.311.860;-0.63897;-0.70486;FALSE;WARN;PASS;0.85227;IPC Normalized;2.0.2;NPX Signature;assay;-0.63897;-0.70486;-0.31525;0.28459
TARGET96;Olink Target 96 Inflammation;3027;Target96;E3;LPS 365-ZP wk0;SAMPLE;DNER;Q8NFT8;OID01213;1.979.962;185.686;-0.30062;FALSE;WARN;PASS;0.07955;IPC Normalized;2.0.2;NPX Signature;assay;185.686;-0.30062;-0.31525;0.28459
TARGET96;Olink Target 96 Inflammation;3027;Target96;E3;LPS 365-ZP wk0;SAMPLE;EN-RAGE;P80511;OID00541;1.789.122;588.125;0.09630;FALSE;WARN;PASS;0.07955;IPC Normalized;2.0.2;NPX Signature;assay;588.125;0.09630;-0.31525;0.28459
TARGET96;Olink Target 96 Inflammation;3027;Target96;E3;LPS 365-ZP wk0;SAMPLE;CD40;P25942;OID00542;1.620.752;952.158;224.967;FALSE;WARN;PASS;0.07955;IPC Normalized;2.0.2;NPX Signature;assay;952.158;224.967;-0.31525;0.28459
TARGET96;Olink Target 96 Inflammation;3027;Target96;E3;LPS 365-ZP wk0;SAMPLE;IL33;O95760;OID00543;2.394.249;-0.44183;0.91606;TRUE;WARN;PASS;100.000;IPC Normalized;2.0.2;NPX Signature;assay;-0.44183;0.91606;-0.31525;0.28459
TARGET96;Olink Target 96 Inflammation;3027;Target96;E3;LPS 365-ZP wk0;SAMPLE;IFN-gamma;P01579;OID05547;1.087.382;1.627.093;305.868;FALSE;WARN;PASS;0.07955;IPC Normalized;2.0.2;NPX Signature;assay;1.627.093;305.868;-0.31525;0.28459
TARGET96;Olink Target 96 Inflammation;3027;Target96;E3;LPS 365-ZP wk0;SAMPLE;FGF-19;O95750;OID00545;2.301.133;-115.673;-0.76210;TRUE;WARN;PASS;0.67045;IPC Normalized;2.0.2;NPX Signature;assay;-115.673;-0.76210;-0.31525;0.28459
TARGET96;Olink Target 96 Inflammation;3027;Target96;E3;LPS 365-ZP wk0;SAMPLE;IL4;P05112;OID00546;2.409.784;-0.09632;-102.563;FALSE;WARN;PASS;0.29545;IPC Normalized;2.0.2;NPX Signature;assay;-0.09632;-102.563;-0.31525;0.28459
TARGET96;Olink Target 96 Inflammation;3027;Target96;E3;LPS 365-ZP wk0;SAMPLE;LIF;P15018;OID00547;1.838.512;319.083;-0.79961;FALSE;WARN;PASS;0.07955;IPC Normalized;2.0.2;NPX Signature;assay;319.083;-0.79961;-0.31525;0.28459
TARGET96;Olink Target 96 Inflammation;3027;Target96;E3;LPS 365-ZP wk0;SAMPLE;NRTN;Q99748;OID00548;2.351.830;-145.497;-0.41185;TRUE;WARN;PASS;0.97727;IPC Normalized;2.0.2;NPX Signature;assay;-145.497;-0.41185;-0.31525;0.28459
TARGET96;Olink Target 96 Inflammation;3027;Target96;E3;LPS 365-ZP wk0;SAMPLE;MCP-2;P80075;OID00549;1.745.951;801.909;127.866;FALSE;WARN;PASS;0.07955;IPC Normalized;2.0.2;NPX Signature;assay;801.909;127.866;-0.31525;0.28459
TARGET96;Olink Target 96 Inflammation;3027;Target96;E3;LPS 365-ZP wk0;SAMPLE;CASP-8;Q14790;OID00550;1.656.303;674.060;0.91291;FALSE;WARN;PASS;0.07955;IPC Normalized;2.0.2;NPX Signature;assay;674.060;0.91291;-0.31525;0.28459
TARGET96;Olink Target 96 Inflammation;3027;Target96;E3;LPS 365-ZP wk0;SAMPLE;CCL25;O15444;OID00551;2.299.606;-139.468;-0.18758;TRUE;WARN;PASS;0.98864;IPC Normalized;2.0.2;NPX Signature;assay;-139.468;-0.18758;-0.31525;0.28459
TARGET96;Olink Target 96 Inflammation;3027;Target96;E3;LPS 365-ZP wk0;SAMPLE;CX3CL1;P78423;OID00552;2.797.320;-291.269;-0.12333;TRUE;WARN;PASS;0.94318;IPC Normalized;2.0.2;NPX Signature;assay;-291.269;-0.12333;-0.31525;0.28459
TARGET96;Olink Target 96 Inflammation;3027;Target96;E3;LPS 365-ZP wk0;SAMPLE;TNFRSF9;Q07011;OID00553;1.975.472;459.390;0.83400;FALSE;WARN;PASS;0.07955;IPC Normalized;2.0.2;NPX Signature;assay;459.390;0.83400;-0.31525;0.28459
TARGET96;Olink Target 96 Inflammation;3027;Target96;E3;LPS 365-ZP wk0;SAMPLE;NT-3;P20783;OID00554;2.444.737;-0.68920;0.74628;TRUE;WARN;PASS;0.98864;IPC Normalized;2.0.2;NPX Signature;assay;-0.68920;0.74628;-0.31525;0.28459
TARGET96;Olink Target 96 Inflammation;3027;Target96;E3;LPS 365-ZP wk0;SAMPLE;TWEAK;O43508;OID00555;2.123.420;385.808;-182.937;FALSE;WARN;PASS;0.07955;IPC Normalized;2.0.2;NPX Signature;assay;385.808;-182.937;-0.31525;0.28459
TARGET96;Olink Target 96 Inflammation;3027;Target96;E3;LPS 365-ZP wk0;SAMPLE;CCL20;P78556;OID00556;1.334.367;1.046.449;131.645;FALSE;WARN;PASS;0.07955;IPC Normalized;2.0.2;NPX Signature;assay;1.046.449;131.645;-0.31525;0.28459
TARGET96;Olink Target 96 Inflammation;3027;Target96;E3;LPS 365-ZP wk0;SAMPLE;ST1A1;P50225;OID00557;1.649.311;808.086;125.003;FALSE;WARN;PASS;0.07955;IPC Normalized;2.0.2;NPX Signature;assay;808.086;125.003;-0.31525;0.28459
TARGET96;Olink Target 96 Inflammation;3027;Target96;E3;LPS 365-ZP wk0;SAMPLE;STAMBP;O95630;OID00558;1.868.087;404.306;-0.80337;FALSE;WARN;PASS;0.07955;IPC Normalized;2.0.2;NPX Signature;assay;404.306;-0.80337;-0.31525;0.28459
TARGET96;Olink Target 96 Inflammation;3027;Target96;E3;LPS 365-ZP wk0;SAMPLE;IL5;P05113;OID00559;2.373.823;0.59224;142.788;TRUE;WARN;PASS;0.95455;IPC Normalized;2.0.2;NPX Signature;assay;0.59224;142.788;-0.31525;0.28459
TARGET96;Olink Target 96 Inflammation;3027;Target96;E3;LPS 365-ZP wk0;SAMPLE;ADA;P00813;OID00560;1.764.218;563.920;-0.40830;FALSE;WARN;PASS;0.07955;IPC Normalized;2.0.2;NPX Signature;assay;563.920;-0.40830;-0.31525;0.28459
TARGET96;Olink Target 96 Inflammation;3027;Target96;E3;LPS 365-ZP wk0;SAMPLE;TNFB;P01374;OID00561;2.495.549;0.52943;0.56835;TRUE;WARN;PASS;0.64773;IPC Normalized;2.0.2;NPX Signature;assay;0.52943;0.56835;-0.31525;0.28459
TARGET96;Olink Target 96 Inflammation;3027;Target96;E3;LPS 365-ZP wk0;SAMPLE;CSF-1;P09603;OID00562;2.088.045;348.195;0.85565;FALSE;WARN;PASS;0.07955;IPC Normalized;2.0.2;NPX Signature;assay;348.195;0.85565;-0.31525;0.28459
;;;;;;;;;;;;;;;;;;;;;;;;
;;;;;;;;;;;;;;;;;;;;;;;;
;;;;;;;;;;;;;;;;;;;;;;;;
;;;;;;;;;;;;;;;;;;;;;;;;
;;;;;;;;;;;;;;;;;;;;;;;;
